Entry Time,Exit Time,Model,Direction,Entry Price,Stop,Target,Exit Price,Risk Ticks,R Multiple,P&L USD,Exit Reason,Moved BE,Partial,Qty MNQ,Duration Min
2023-03-08 10:08:00,2023-03-08 10:10:00,or_rev,long,14810.25,14795.5,14845.5,14795.4375,59.0,-1.0042372881355932,-385.12,stop,False,False,13,2
2023-03-08 10:35:00,2023-03-08 10:37:00,ou_rev,short,14872.0,14878.0,14826.0,14872.0625,24.0,-0.0104166666666666,-6.25,trail,True,True,50,2
2023-03-08 11:09:00,2023-03-08 11:11:00,ou_rev,short,14882.5,14888.75,14833.25,14882.5625,25.0,-0.01,-6.25,trail,True,True,50,2
2023-03-08 12:12:00,2023-03-08 12:13:00,kalman_mom,short,14871.0,14876.25,14858.0,14858.0,21.0,2.4761904761904763,988.0,target,False,False,38,1
2023-03-08 12:30:00,2023-03-08 12:31:00,ema_rev,long,14847.5,14843.75,14863.25,14843.6875,15.0,-1.0166666666666666,-381.25,stop,False,False,50,1
2023-03-08 13:31:00,2023-03-08 13:32:00,pm_mom,short,14805.75,14812.25,14792.75,14812.3125,26.0,-1.0096153846153846,-393.75,stop,False,False,30,1
2023-03-08 13:52:00,2023-03-08 13:54:00,pd_rev,long,14801.0,14796.5,14842.5,14814.6875,18.0,3.0416666666666665,1368.75,trail,True,True,50,2
2023-03-09 10:02:00,2023-03-09 10:05:00,trend,long,14988.25,14974.75,15015.25,15002.6875,54.0,1.0694444444444444,404.25,trail,True,True,14,3
2023-03-09 10:36:00,2023-03-09 10:38:00,kalman_mom,long,14992.5,14986.0,15008.75,14985.9375,26.0,-1.0096153846153846,-393.75,stop,False,False,30,2
2023-03-09 10:43:00,2023-03-09 10:51:00,trend,long,14998.25,14985.0,15024.75,14984.9375,53.0,-1.0047169811320755,-399.38,stop,False,False,15,8
2023-03-09 12:04:00,2023-03-09 12:06:00,vwap_rev,long,14905.75,14898.75,14959.25,14905.6875,28.0,-0.0089285714285714,-3.5,trail,True,True,28,2
2023-03-09 12:47:00,2023-03-09 12:49:00,vwap_rev,long,14890.75,14886.5,14953.0,14890.6875,17.0,-0.0147058823529411,-5.87,trail,True,True,47,2
2023-03-09 13:28:00,2023-03-09 13:29:00,ema_rev,long,14821.5,14813.75,14851.75,14813.6875,31.0,-1.0080645161290325,-390.63,stop,False,False,25,1
2023-03-09 14:24:00,2023-03-09 14:25:00,pm_mom,long,14766.0,14760.75,14776.5,14776.5,21.0,2.0,798.0,target,False,False,38,1
2023-03-10 10:15:00,2023-03-10 10:16:00,kalman_mom,long,14615.25,14612.25,14622.75,14612.1875,12.0,-1.0208333333333333,-306.25,stop_ambiguous,False,False,50,1
2023-03-10 11:17:00,2023-03-10 11:18:00,pd_rev,long,14636.75,14627.75,14654.75,14627.6875,36.0,-1.0069444444444444,-906.25,stop,False,False,50,1
2023-03-10 11:28:00,2023-03-10 11:29:00,vwap_rev,short,14693.5,14698.5,14605.0,14698.5625,20.0,-1.0125,-405.0,stop,False,False,40,1
2023-03-10 12:12:00,2023-03-10 12:14:00,ema_rev,long,14590.0,14576.0,14624.5,14589.9375,56.0,-0.0044642857142857,-1.75,trail,True,True,14,2
2023-03-10 13:36:00,2023-03-10 13:37:00,pm_mom,short,14480.25,14489.5,14461.75,14489.5625,37.0,-1.0067567567567568,-391.12,stop,False,False,21,1
2023-03-13 10:12:00,2023-03-13 10:14:00,or_rev,short,14560.75,14574.25,14402.5,14513.0625,54.0,3.5324074074074074,1335.25,trail,True,True,14,2
2023-03-14 10:26:00,2023-03-14 10:28:00,ou_rev,short,14817.0,14824.0,14783.5,14824.0625,28.0,-1.0089285714285714,-706.25,stop,False,False,50,2
2023-03-14 10:36:00,2023-03-14 10:40:00,ou_rev,short,14841.0,14851.25,14789.75,14831.8125,41.0,0.8963414634146342,918.75,trail,True,True,50,4
2023-03-14 11:34:00,2023-03-14 11:37:00,ema_rev,short,14874.75,14879.25,14862.5,14862.8125,18.0,2.6527777777777777,1050.5,trail,True,True,44,3
2023-03-15 10:03:00,2023-03-15 10:05:00,vwap_rev,long,14719.5,14712.5,14756.25,14768.6875,28.0,7.026785714285714,2754.5,trail,True,True,28,2
2023-03-16 10:58:00,2023-03-16 11:00:00,kalman_mom,long,15038.25,15035.0,15046.5,15048.6875,13.0,3.2115384615384617,1043.75,trail,True,True,50,2
2023-03-17 10:31:00,2023-03-17 10:33:00,or_rev,long,15214.0,15199.0,15252.5,15228.1875,60.0,0.9458333333333332,368.87,trail,True,True,13,2
2023-03-17 10:37:00,2023-03-17 10:39:00,ema_rev,long,15165.0,15151.75,15214.0,15189.4375,53.0,1.8443396226415092,733.12,trail,True,True,15,2
2023-03-20 10:12:00,2023-03-20 10:14:00,pd_rev,long,15098.25,15086.75,15121.25,15123.6875,46.0,2.2119565217391304,1984.12,trail,True,True,39,2
2023-03-21 10:20:00,2023-03-21 10:23:00,or_rev,long,15296.75,15286.5,15318.5,15296.6875,41.0,-0.0060975609756097,-2.37,trail,True,True,19,3
2023-03-21 10:27:00,2023-03-21 10:28:00,ou_rev,long,15269.75,15263.75,15315.5,15263.6875,24.0,-1.0104166666666667,-606.25,stop,False,False,50,1
2023-03-21 10:37:00,2023-03-21 10:39:00,vwap_rev,long,15265.25,15257.75,15311.0,15282.4375,30.0,2.2916666666666665,893.75,trail,True,True,26,2
2023-03-21 12:11:00,2023-03-21 12:14:00,kalman_mom,long,15277.5,15271.5,15292.5,15288.1875,24.0,1.78125,705.38,trail,True,True,33,3
2023-03-22 12:20:00,2023-03-22 12:21:00,ema_rev,long,15417.5,15413.25,15431.75,15413.1875,17.0,-1.0147058823529411,-405.38,stop,False,False,47,1
2023-03-22 13:19:00,2023-03-22 13:22:00,kalman_mom,long,15417.75,15413.25,15429.0,15424.6875,18.0,1.5416666666666667,610.5,trail,True,True,44,3
2023-03-22 13:31:00,2023-03-22 13:33:00,pm_mom,long,15435.5,15431.5,15443.5,15440.6875,16.0,1.296875,518.75,trail,True,True,50,2
2023-03-22 13:39:00,2023-03-22 13:44:00,trend,long,15435.75,15430.25,15446.75,15439.4375,22.0,0.6704545454545454,265.5,trail,False,True,36,5
2023-03-23 13:44:00,2023-03-23 13:46:00,pm_mom,long,15467.25,15462.25,15477.25,15467.1875,20.0,-0.0125,-5.0,trail,True,True,40,2
2023-03-23 14:00:00,2023-03-23 14:02:00,ou_rev,long,15418.25,15411.5,15468.75,15438.1875,27.0,2.953703703703704,1993.75,trail,True,True,50,2
2023-03-24 09:50:00,2023-03-24 09:52:00,ou_rev,long,15281.0,15262.75,15309.25,15309.1875,73.0,1.5445205479452055,2818.75,trail,True,True,50,2
2023-03-24 11:13:00,2023-03-24 11:14:00,ou_rev,long,15273.5,15257.0,15318.0,15256.9375,66.0,-1.003787878787879,-1656.25,stop,False,False,50,1
2023-03-24 11:24:00,2023-03-24 11:26:00,pd_rev,long,15259.25,15253.0,15314.0,15277.6875,25.0,2.95,1843.75,trail,True,True,50,2
2023-03-27 10:32:00,2023-03-27 10:34:00,vwap_rev,long,15407.25,15399.5,15446.25,15415.9375,31.0,1.1209677419354838,434.38,trail,True,True,25,2
2023-03-27 10:37:00,2023-03-27 10:41:00,vwap_rev,long,15402.25,15391.0,15444.0,15415.1875,45.0,1.15,439.87,trail,False,True,17,4
2023-03-28 10:15:00,2023-03-28 10:18:00,kalman_mom,long,15242.5,15234.75,15262.0,15255.9375,31.0,1.7338709677419355,671.88,trail,False,True,25,3
2023-03-28 10:36:00,2023-03-28 10:38:00,vwap_rev,long,15177.5,15174.25,15231.75,15185.6875,13.0,2.519230769230769,818.75,trail,True,True,50,2
2023-03-29 10:42:00,2023-03-29 10:45:00,vwap_rev,long,15397.75,15391.0,15428.5,15410.6875,27.0,1.9166666666666667,750.38,trail,True,True,29,3
2023-03-29 10:48:00,2023-03-29 10:50:00,ema_rev,long,15392.25,15384.75,15404.5,15384.6875,30.0,-1.0083333333333333,-393.25,stop,False,False,26,2
2023-03-29 12:22:00,2023-03-29 12:24:00,kalman_mom,long,15451.0,15447.0,15461.0,15453.6875,16.0,0.671875,268.75,trail,True,True,50,2
2023-03-29 13:30:00,2023-03-29 13:31:00,pm_mom,long,15460.0,15456.25,15467.5,15456.1875,15.0,-1.0166666666666666,-381.25,stop,False,False,50,1
2023-03-30 10:14:00,2023-03-30 10:16:00,or_rev,long,15561.25,15552.5,15583.0,15570.6875,35.0,1.0785714285714283,415.25,trail,True,True,22,2
2023-03-30 10:35:00,2023-03-30 10:36:00,kalman_mom,long,15608.5,15602.25,15624.0,15602.1875,25.0,-1.01,-404.0,stop,False,False,32,1
2023-03-30 10:42:00,2023-03-30 10:44:00,trend,long,15612.5,15606.75,15633.25,15612.4375,23.0,-0.0108695652173913,-4.25,trail,True,True,34,2
2023-03-30 11:10:00,2023-03-30 11:12:00,trend,long,15620.5,15612.75,15636.0,15630.6875,31.0,1.314516129032258,509.38,trail,True,True,25,2
2023-03-30 11:38:00,2023-03-30 11:40:00,trend,short,15599.25,15605.25,15587.25,15599.3125,24.0,-0.0104166666666666,-4.12,trail,True,True,33,2
2023-03-30 13:30:00,2023-03-30 13:31:00,ou_rev,long,15574.0,15569.25,15593.75,15569.1875,19.0,-1.013157894736842,-481.25,stop,False,False,50,1
2023-03-30 13:36:00,2023-03-30 13:37:00,ou_rev,long,15562.75,15558.0,15593.25,15557.9375,19.0,-1.013157894736842,-481.25,stop,False,False,50,1
2023-03-30 13:43:00,2023-03-30 13:46:00,vwap_rev,long,15544.5,15536.5,15592.0,15544.4375,32.0,-0.0078125,-3.12,trail,True,True,25,3
2023-03-30 13:56:00,2023-03-30 13:58:00,pm_mom,long,15555.0,15549.75,15565.5,15554.9375,21.0,-0.0119047619047619,-4.75,trail,True,True,38,2
2023-03-31 10:32:00,2023-03-31 10:34:00,kalman_mom,long,15685.75,15678.75,15703.25,15685.6875,28.0,-0.0089285714285714,-3.5,trail,True,True,28,2
2023-03-31 13:58:00,2023-03-31 14:00:00,pm_mom,long,15748.25,15742.25,15760.25,15756.4375,24.0,1.3645833333333333,540.38,trail,True,True,33,2
2023-04-03 10:54:00,2023-04-03 10:57:00,vwap_rev,long,15714.0,15705.5,15758.5,15713.9375,34.0,-0.0073529411764705,-2.87,trail,True,True,23,3
2023-04-03 11:15:00,2023-04-03 11:17:00,ema_rev,long,15690.75,15685.0,15703.5,15698.1875,23.0,1.2934782608695652,505.75,trail,True,True,34,2
2023-04-03 11:24:00,2023-04-03 11:26:00,kalman_mom,long,15712.75,15706.25,15729.0,15706.1875,26.0,-1.0096153846153846,-393.75,trail,False,True,30,2
2023-04-03 13:58:00,2023-04-03 14:01:00,pm_mom,long,15698.0,15692.75,15708.5,15697.9375,21.0,-0.0119047619047619,-4.75,trail,True,True,38,3
2023-04-04 11:13:00,2023-04-04 11:15:00,or_rev,long,15759.5,15747.5,15794.0,15768.9375,48.0,0.7864583333333334,302.0,trail,True,True,16,2
2023-04-04 11:20:00,2023-04-04 11:22:00,vwap_rev,long,15741.75,15730.5,15798.5,15751.6875,45.0,0.8833333333333333,337.88,trail,True,True,17,2
2023-04-04 12:37:00,2023-04-04 12:39:00,kalman_mom,long,15742.0,15733.5,15763.25,15733.4375,34.0,-1.0073529411764706,-393.88,stop,False,False,23,2
2023-04-04 13:34:00,2023-04-04 13:35:00,trend,long,15771.5,15760.75,15793.0,15760.6875,43.0,-1.005813953488372,-389.25,stop,False,False,18,1
2023-04-04 13:40:00,2023-04-04 13:42:00,trend,long,15768.0,15762.5,15779.0,15767.9375,22.0,-0.0113636363636363,-4.5,trail,True,True,36,2
2023-04-04 14:20:00,2023-04-04 14:22:00,ou_rev,long,15746.75,15742.75,15777.75,15751.6875,16.0,1.234375,493.75,trail,True,True,50,2
2023-04-05 09:50:00,2023-04-05 09:52:00,ema_rev,long,15650.75,15644.25,15675.75,15659.4375,26.0,1.3365384615384617,521.25,trail,True,True,30,2
2023-04-05 10:12:00,2023-04-05 10:13:00,ou_rev,long,15635.25,15630.5,15667.5,15630.4375,19.0,-1.013157894736842,-481.25,stop,False,False,50,1
2023-04-05 10:19:00,2023-04-05 10:20:00,ou_rev,long,15632.25,15628.0,15664.5,15627.9375,17.0,-1.0147058823529411,-431.25,stop,False,False,50,1
2023-04-05 10:39:00,2023-04-05 10:41:00,vwap_rev,long,15601.75,15596.75,15654.25,15601.6875,20.0,-0.0125,-5.0,trail,True,True,40,2
2023-04-05 13:31:00,2023-04-05 13:36:00,pm_mom,long,15568.0,15560.75,15582.5,15560.6875,29.0,-1.0086206896551724,-394.88,trail,False,True,27,5
2023-04-06 10:03:00,2023-04-06 10:04:00,sweep,long,15540.75,15525.25,15579.5,15525.1875,62.0,-1.0040322580645162,-373.5,stop,False,False,12,1
2023-04-06 10:16:00,2023-04-06 10:17:00,kalman_mom,long,15563.75,15560.0,15573.0,15573.0,15.0,2.466666666666667,925.0,target,False,False,50,1
2023-04-06 10:28:00,2023-04-06 10:29:00,trend,long,15557.75,15549.5,15578.75,15549.4375,33.0,-1.0075757575757576,-399.0,stop,False,False,24,1
2023-04-06 11:14:00,2023-04-06 11:20:00,trend,long,15589.5,15579.25,15610.0,15596.4375,41.0,0.676829268292683,263.63,trail,False,True,19,6
2023-04-06 13:31:00,2023-04-06 13:33:00,pm_mom,long,15678.25,15673.25,15688.25,15678.1875,20.0,-0.0125,-5.0,trail,True,True,40,2
2023-04-10 09:51:00,2023-04-10 09:52:00,ema_rev,long,15508.25,15504.0,15529.0,15503.9375,17.0,-1.0147058823529411,-405.38,stop,False,False,47,1
2023-04-10 10:00:00,2023-04-10 10:01:00,or_rev,long,15511.75,15503.25,15546.5,15503.1875,34.0,-1.0073529411764706,-393.88,stop,False,False,23,1
2023-04-10 10:50:00,2023-04-10 10:51:00,kalman_mom,long,15565.75,15560.25,15579.5,15560.1875,22.0,-1.0113636363636365,-400.5,stop,False,False,36,1
2023-04-10 13:34:00,2023-04-10 13:35:00,pm_mom,long,15656.5,15653.0,15663.5,15652.9375,14.0,-1.0178571428571428,-356.25,stop,False,False,50,1
2023-04-11 10:14:00,2023-04-11 10:16:00,or_rev,long,15617.5,15608.25,15655.0,15608.1875,37.0,-1.0067567567567568,-391.12,trail,False,True,21,2
2023-04-11 10:19:00,2023-04-11 10:21:00,vwap_rev,long,15597.5,15592.75,15638.0,15614.4375,19.0,3.5657894736842106,1422.75,trail,True,True,42,2
2023-04-12 10:00:00,2023-04-12 10:02:00,trend,short,15590.0,15601.0,15558.25,15569.3125,44.0,1.880681818181818,744.75,trail,True,True,18,2
2023-04-12 10:05:00,2023-04-12 10:07:00,or_rev,long,15609.5,15599.5,15660.0,15623.9375,40.0,1.44375,577.5,trail,True,True,20,2
2023-04-13 13:30:00,2023-04-13 13:32:00,pm_mom,long,15688.5,15685.5,15694.5,15688.4375,12.0,-0.0208333333333333,-6.25,trail,True,True,50,2
2023-04-14 10:26:00,2023-04-14 10:28:00,ema_rev,long,15671.0,15661.0,15698.75,15678.4375,40.0,0.74375,297.5,trail,True,True,20,2
2023-04-14 10:56:00,2023-04-14 10:58:00,or_rev,long,15651.0,15643.5,15694.5,15665.6875,30.0,1.9583333333333333,763.75,trail,True,True,26,2
2023-04-17 11:23:00,2023-04-17 11:25:00,ou_rev,long,15657.25,15652.5,15679.5,15668.4375,19.0,2.3552631578947367,1118.75,trail,True,True,50,2
2023-04-18 10:00:00,2023-04-18 10:01:00,vwap_rev,long,15776.75,15766.25,15798.25,15766.1875,42.0,-1.005952380952381,-401.38,stop,False,False,19,1
2023-04-18 10:11:00,2023-04-18 10:14:00,trend,short,15744.25,15752.25,15726.5,15744.3125,32.0,-0.0078125,-3.12,trail,True,True,25,3
2023-04-18 10:21:00,2023-04-18 10:22:00,trend,short,15741.75,15747.0,15726.5,15747.0625,21.0,-1.011904761904762,-403.75,stop,False,False,38,1
2023-04-18 10:30:00,2023-04-18 10:31:00,ema_rev,long,15701.75,15691.25,15729.25,15691.1875,42.0,-1.005952380952381,-401.38,stop,False,False,19,1
2023-04-18 10:47:00,2023-04-18 10:48:00,kalman_mom,long,15709.25,15706.0,15717.5,15705.9375,13.0,-1.0192307692307692,-331.25,stop,False,False,50,1
2023-04-18 13:32:00,2023-04-18 13:35:00,ou_rev,long,15695.0,15688.5,15731.75,15705.1875,26.0,1.5673076923076923,1018.75,trail,True,True,50,3
2023-04-19 10:52:00,2023-04-19 10:54:00,pd_rev,long,15663.75,15654.75,15681.75,15668.6875,36.0,0.5486111111111112,493.75,trail,False,True,50,2
2023-04-19 13:33:00,2023-04-19 13:35:00,pm_mom,long,15734.25,15731.0,15740.75,15730.9375,13.0,-1.0192307692307692,-331.25,stop,False,False,50,2
2023-04-20 11:42:00,2023-04-20 11:47:00,kalman_mom,long,15661.75,15650.75,15689.25,15669.1875,44.0,0.6761363636363636,267.75,trail,False,True,18,5
2023-04-20 13:31:00,2023-04-20 13:32:00,pm_mom,long,15718.75,15715.75,15724.75,15715.6875,12.0,-1.0208333333333333,-306.25,stop,False,False,50,1
2023-04-20 14:20:00,2023-04-20 14:22:00,ema_rev,long,15655.25,15648.5,15677.5,15648.4375,27.0,-1.0092592592592593,-395.12,stop,False,False,29,2
2023-04-20 14:25:00,2023-04-20 14:28:00,trend,short,15649.0,15657.75,15631.5,15633.8125,35.0,1.7357142857142858,668.25,trail,True,True,22,3
2023-04-21 09:53:00,2023-04-21 09:57:00,ou_rev,long,15551.5,15539.25,15577.0,15539.1875,49.0,-1.0051020408163265,-1231.25,stop,False,False,50,4
2023-04-21 10:01:00,2023-04-21 10:02:00,vwap_rev,long,15522.25,15516.75,15566.25,15516.6875,22.0,-1.0113636363636365,-400.5,stop,False,False,36,1
2023-04-21 10:13:00,2023-04-21 10:16:00,pd_rev,long,15548.75,15538.75,15568.75,15558.1875,40.0,0.94375,849.38,trail,True,True,45,3
2023-04-21 10:23:00,2023-04-21 10:24:00,kalman_mom,long,15580.75,15577.75,15588.25,15577.6875,12.0,-1.0208333333333333,-306.25,stop,False,False,50,1
2023-04-21 13:31:00,2023-04-21 13:33:00,pm_mom,long,15603.75,15597.0,15617.25,15614.6875,27.0,1.6203703703703705,634.38,trail,True,True,29,2
2023-04-24 10:24:00,2023-04-24 10:25:00,kalman_mom,long,15622.25,15619.25,15629.75,15619.1875,12.0,-1.0208333333333333,-306.25,stop,False,False,50,1
2023-04-24 10:42:00,2023-04-24 10:43:00,or_rev,long,15555.25,15552.5,15618.75,15552.4375,11.0,-1.0227272727272727,-281.25,stop,False,False,50,1
2023-04-24 11:52:00,2023-04-24 11:54:00,pd_rev,long,15507.75,15502.0,15581.75,15501.9375,23.0,-1.0108695652173914,-581.25,stop,False,False,50,2
2023-04-24 13:50:00,2023-04-24 13:52:00,ou_rev,long,15549.25,15545.25,15566.5,15557.4375,16.0,2.046875,818.75,trail,True,True,50,2
2023-04-25 09:57:00,2023-04-25 09:59:00,ou_rev,long,15498.5,15494.25,15513.75,15506.9375,17.0,1.9852941176470589,843.75,trail,True,True,50,2
2023-04-25 10:14:00,2023-04-25 10:16:00,ou_rev,long,15471.75,15465.0,15507.25,15480.6875,27.0,1.3240740740740742,893.75,trail,True,True,50,2
2023-04-26 09:54:00,2023-04-26 09:56:00,ou_rev,short,15473.25,15484.0,15452.25,15473.3125,43.0,-0.005813953488372,-6.25,trail,True,True,50,2
2023-04-26 10:00:00,2023-04-26 10:02:00,ou_rev,short,15485.75,15490.0,15455.25,15470.8125,17.0,3.514705882352941,1493.75,trail,True,True,50,2
2023-04-27 10:12:00,2023-04-27 10:13:00,or_rev,short,15578.0,15585.25,15557.75,15585.3125,29.0,-1.0086206896551724,-394.88,stop,False,False,27,1
2023-04-27 10:18:00,2023-04-27 10:21:00,ou_rev,short,15607.25,15617.25,15566.0,15599.0625,40.0,0.81875,818.75,trail,False,True,50,3
2023-04-27 10:40:00,2023-04-27 10:41:00,ema_rev,short,15630.75,15635.25,15612.5,15635.3125,18.0,-1.0138888888888888,-401.5,stop,False,False,44,1
2023-04-27 11:38:00,2023-04-27 11:39:00,kalman_mom,long,15662.75,15659.25,15671.5,15659.1875,14.0,-1.0178571428571428,-356.25,stop,False,False,50,1
2023-04-27 13:31:00,2023-04-27 13:34:00,pm_mom,long,15712.25,15709.25,15718.25,15716.6875,12.0,1.4791666666666667,443.75,trail,False,True,50,3
2023-04-28 10:55:00,2023-04-28 10:56:00,kalman_mom,long,15786.0,15782.75,15794.0,15782.6875,13.0,-1.0192307692307692,-331.25,stop,False,False,50,1
2023-04-28 13:31:00,2023-04-28 13:33:00,pm_mom,long,15812.0,15807.0,15822.0,15806.9375,20.0,-1.0125,-405.0,stop,False,False,40,2
2023-05-01 11:18:00,2023-05-01 11:21:00,vwap_rev,long,15796.25,15787.5,15826.25,15812.4375,35.0,1.85,712.25,trail,True,True,22,3
2023-05-01 11:27:00,2023-05-01 11:37:00,vwap_rev,long,15795.25,15783.0,15824.25,15802.4375,49.0,0.5867346938775511,230.0,trail,False,True,16,10
2023-05-02 13:31:00,2023-05-02 13:32:00,pm_mom,long,15715.5,15709.25,15728.0,15709.1875,25.0,-1.01,-404.0,stop,False,False,32,1
2023-05-03 11:03:00,2023-05-03 11:06:00,ou_rev,long,15715.25,15707.25,15736.25,15724.4375,32.0,1.1484375,918.75,trail,True,True,50,3
2023-05-03 11:10:00,2023-05-03 11:12:00,ou_rev,long,15713.25,15706.75,15735.25,15718.9375,26.0,0.875,568.75,trail,False,True,50,2
2023-05-04 10:01:00,2023-05-04 10:04:00,or_rev,long,15569.25,15561.25,15590.75,15578.9375,32.0,1.2109375,484.38,trail,True,True,25,3
2023-05-04 10:33:00,2023-05-04 10:35:00,ou_rev,long,15538.5,15532.75,15571.0,15552.6875,23.0,2.467391304347826,1418.75,trail,True,True,50,2
2023-05-05 09:55:00,2023-05-05 09:57:00,ou_rev,short,15700.5,15704.5,15682.5,15700.5625,16.0,-0.015625,-6.25,trail,True,True,50,2
2023-05-05 10:03:00,2023-05-05 10:06:00,or_rev,short,15721.5,15727.25,15672.0,15727.3125,23.0,-1.0108695652173914,-395.25,stop,False,False,34,3
2023-05-05 10:10:00,2023-05-05 10:12:00,vwap_rev,short,15746.75,15751.5,15696.0,15746.8125,19.0,-0.0131578947368421,-5.25,trail,True,True,42,2
2023-05-05 10:18:00,2023-05-05 10:20:00,vwap_rev,short,15761.75,15765.0,15703.5,15761.8125,13.0,-0.0192307692307692,-6.25,trail,True,True,50,2
2023-05-05 10:31:00,2023-05-05 10:33:00,kalman_mom,long,15761.25,15756.25,15773.75,15773.4375,20.0,2.4375,975.0,trail,True,True,40,2
2023-05-05 13:30:00,2023-05-05 13:32:00,pm_mom,long,15813.0,15808.75,15821.5,15819.1875,17.0,1.4558823529411764,581.62,trail,True,True,47,2
2023-05-08 09:53:00,2023-05-08 09:54:00,ou_rev,long,15795.75,15791.75,15811.0,15791.6875,16.0,-1.015625,-406.25,stop,False,False,50,1
2023-05-08 09:59:00,2023-05-08 10:02:00,ou_rev,long,15794.25,15788.25,15808.5,15808.9375,24.0,2.4479166666666665,1468.75,trail,True,True,50,3
2023-05-08 10:18:00,2023-05-08 10:19:00,ou_rev,long,15793.0,15787.25,15806.5,15806.5,23.0,2.347826086956522,1350.0,target,False,False,50,1
2023-05-09 12:00:00,2023-05-09 12:01:00,vwap_rev,long,15788.75,15785.75,15812.25,15785.6875,12.0,-1.0208333333333333,-306.25,stop,False,False,50,1
2023-05-09 13:47:00,2023-05-09 13:49:00,ou_rev,long,15798.25,15794.25,15809.25,15798.1875,16.0,-0.015625,-6.25,trail,True,True,50,2
2023-05-09 13:55:00,2023-05-09 14:01:00,pm_mom,long,15809.5,15804.5,15819.5,15817.1875,20.0,1.5375,615.0,trail,False,True,40,6
2023-05-10 10:16:00,2023-05-10 10:17:00,kalman_mom,long,15948.5,15943.25,15961.5,15943.1875,21.0,-1.011904761904762,-403.75,stop,False,False,38,1
2023-05-10 10:50:00,2023-05-10 10:52:00,trend,short,15864.75,15873.75,15841.25,15845.0625,36.0,2.1875,866.25,trail,True,True,22,2
2023-05-10 10:57:00,2023-05-10 10:58:00,vwap_rev,long,15838.0,15828.75,15904.25,15828.6875,37.0,-1.0067567567567568,-391.12,stop,False,False,21,1
2023-05-11 10:35:00,2023-05-11 10:37:00,ou_rev,long,15901.75,15892.25,15919.0,15901.6875,38.0,-0.006578947368421,-6.25,trail,True,True,50,2
2023-05-11 10:43:00,2023-05-11 10:45:00,ou_rev,long,15891.5,15885.75,15917.5,15899.9375,23.0,1.4673913043478262,843.75,trail,True,True,50,2
2023-05-11 13:36:00,2023-05-11 13:37:00,pm_mom,long,15965.5,15962.0,15972.5,15961.9375,14.0,-1.0178571428571428,-356.25,stop,False,False,50,1
2023-05-12 09:51:00,2023-05-12 09:53:00,ou_rev,long,15975.25,15963.25,15993.25,15989.1875,48.0,1.1614583333333333,1393.75,trail,True,True,50,2
2023-05-12 10:03:00,2023-05-12 10:04:00,ou_rev,long,15953.75,15945.5,15986.0,15945.4375,33.0,-1.0075757575757576,-831.25,stop,False,False,50,1
2023-05-12 11:04:00,2023-05-12 11:06:00,ou_rev,long,15931.0,15921.5,15956.25,15950.4375,38.0,2.046052631578948,1943.75,trail,True,True,50,2
2023-05-15 09:54:00,2023-05-15 09:56:00,ou_rev,long,15908.5,15903.25,15931.25,15917.1875,21.0,1.6547619047619049,868.75,trail,True,True,50,2
2023-05-15 10:01:00,2023-05-15 10:04:00,ou_rev,long,15908.0,15898.5,15927.75,15907.9375,38.0,-0.006578947368421,-6.25,trail,True,True,50,3
2023-05-15 11:28:00,2023-05-15 11:29:00,kalman_mom,long,15958.75,15955.25,15967.5,15955.1875,14.0,-1.0178571428571428,-356.25,stop,False,False,50,1
2023-05-15 13:55:00,2023-05-15 13:59:00,pm_mom,long,15968.0,15961.5,15981.0,15974.6875,26.0,1.0288461538461535,401.25,trail,True,True,30,4
2023-05-16 13:48:00,2023-05-16 13:51:00,pm_mom,long,16064.5,16058.0,16077.5,16064.4375,26.0,-0.0096153846153846,-3.75,trail,True,True,30,3
2023-05-17 10:01:00,2023-05-17 10:08:00,or_rev,long,16010.75,15999.75,16051.0,16026.4375,44.0,1.4261363636363635,564.75,trail,True,True,18,7
2023-05-17 10:15:00,2023-05-17 10:18:00,kalman_mom,long,16036.25,16031.5,16048.0,16036.1875,19.0,-0.0131578947368421,-5.25,trail,True,True,42,3
2023-05-17 10:23:00,2023-05-17 10:25:00,trend,long,16040.5,16035.0,16051.5,16034.9375,22.0,-1.0113636363636365,-400.5,stop,False,False,36,2
2023-05-17 10:32:00,2023-05-17 10:34:00,trend,long,16046.25,16039.0,16060.75,16038.9375,29.0,-1.0086206896551724,-394.88,stop,False,False,27,2
2023-05-17 13:35:00,2023-05-17 13:37:00,pm_mom,long,16172.75,16167.5,16183.25,16167.4375,21.0,-1.011904761904762,-403.75,stop,False,False,38,2
2023-05-18 10:06:00,2023-05-18 10:08:00,trend,long,16237.75,16229.25,16254.75,16259.1875,34.0,2.522058823529412,986.13,trail,True,True,23,2
2023-05-19 10:05:00,2023-05-19 10:11:00,or_rev,long,16397.5,16386.0,16433.5,16397.4375,46.0,-0.0054347826086956,-2.12,trail,True,True,17,6
2023-05-19 11:34:00,2023-05-19 11:36:00,vwap_rev,long,16370.25,16362.25,16410.0,16376.9375,32.0,0.8359375,334.38,trail,True,True,25,2
2023-05-19 13:30:00,2023-05-19 13:32:00,pm_mom,long,16393.0,16387.75,16403.5,16387.6875,21.0,-1.011904761904762,-403.75,trail,False,True,38,2
2023-05-19 13:45:00,2023-05-19 13:47:00,ou_rev,long,16380.5,16373.25,16397.25,16373.1875,29.0,-1.0086206896551724,-731.25,stop,False,False,50,2
2023-05-19 13:54:00,2023-05-19 14:00:00,ou_rev,long,16375.5,16369.5,16397.0,16369.4375,24.0,-1.0104166666666667,-606.25,trail,False,True,50,6
2023-05-19 14:02:00,2023-05-19 14:05:00,ema_rev,long,16361.25,16355.5,16373.5,16361.1875,23.0,-0.0108695652173913,-4.25,trail,True,True,34,3
2023-05-22 10:21:00,2023-05-22 10:22:00,kalman_mom,long,16441.0,16435.75,16454.0,16435.6875,21.0,-1.011904761904762,-403.75,stop,False,False,38,1
2023-05-22 13:31:00,2023-05-22 13:33:00,pm_mom,long,16433.75,16429.0,16443.25,16439.6875,19.0,1.25,498.75,trail,True,True,42,2
2023-05-23 09:47:00,2023-05-23 09:53:00,sweep,long,16382.5,16368.25,16418.0,16382.4375,57.0,-0.0043859649122807,-1.75,trail,True,True,14,6
2023-05-23 10:33:00,2023-05-23 10:36:00,pd_rev,long,16376.5,16366.25,16397.0,16384.4375,41.0,0.774390243902439,682.62,trail,True,True,43,3
2023-05-23 12:30:00,2023-05-23 12:31:00,vwap_rev,long,16360.0,16355.5,16380.75,16355.4375,18.0,-1.0138888888888888,-401.5,stop,False,False,44,1
2023-05-23 12:40:00,2023-05-23 12:42:00,ema_rev,long,16330.25,16319.25,16352.5,16319.1875,44.0,-1.005681818181818,-398.25,stop,False,False,18,2
2023-05-23 13:11:00,2023-05-23 13:13:00,kalman_mom,long,16337.5,16332.75,16349.5,16332.6875,19.0,-1.013157894736842,-404.25,stop,False,False,42,2
2023-05-23 14:05:00,2023-05-23 14:06:00,pm_mom,long,16306.0,16303.25,16311.5,16303.1875,11.0,-1.0227272727272727,-281.25,stop,False,False,50,1
2023-05-23 14:23:00,2023-05-23 14:25:00,trend,short,16266.0,16279.75,16238.5,16241.5625,55.0,1.7772727272727271,684.25,trail,True,True,14,2
2023-05-24 10:11:00,2023-05-24 10:14:00,or_rev,long,16135.5,16126.25,16172.5,16126.1875,37.0,-1.0067567567567568,-391.12,stop,False,False,21,3
2023-05-24 10:26:00,2023-05-24 10:28:00,ou_rev,long,16126.75,16120.75,16160.75,16126.6875,24.0,-0.0104166666666666,-6.25,trail,True,True,50,2
2023-05-24 10:39:00,2023-05-24 10:41:00,ou_rev,long,16121.75,16114.0,16155.25,16113.9375,31.0,-1.0080645161290325,-781.25,stop,False,False,50,2
2023-05-24 13:31:00,2023-05-24 13:33:00,pm_mom,long,16132.25,16126.25,16144.25,16138.6875,24.0,1.0729166666666667,424.88,trail,True,True,33,2
2023-05-25 10:26:00,2023-05-25 10:28:00,or_rev,long,16382.75,16377.5,16439.5,16397.9375,21.0,2.892857142857143,1154.25,trail,True,True,38,2
2023-05-26 10:16:00,2023-05-26 10:20:00,kalman_mom,long,16682.75,16674.5,16703.5,16699.6875,33.0,2.053030303030303,813.0,trail,True,True,24,4
2023-05-30 10:03:00,2023-05-30 10:05:00,vwap_rev,long,16935.0,16924.25,17016.25,16946.4375,43.0,1.063953488372093,411.75,trail,True,True,18,2
2023-05-30 11:38:00,2023-05-30 11:40:00,kalman_mom,long,16989.5,16983.25,17005.0,17000.6875,25.0,1.79,716.0,trail,True,True,32,2
2023-05-31 10:25:00,2023-05-31 10:26:00,vwap_rev,long,16826.5,16818.75,16885.0,16818.6875,31.0,-1.0080645161290325,-390.63,stop,False,False,25,1
2023-05-31 10:37:00,2023-05-31 10:39:00,trend,short,16820.75,16832.25,16797.75,16820.8125,46.0,-0.0054347826086956,-2.12,trail,True,True,17,2
2023-05-31 10:52:00,2023-05-31 10:54:00,kalman_mom,long,16847.5,16843.25,16858.0,16847.4375,17.0,-0.0147058823529411,-5.87,trail,True,True,47,2
2023-05-31 13:34:00,2023-05-31 13:36:00,pm_mom,long,16855.25,16850.5,16864.75,16862.6875,19.0,1.5657894736842106,624.75,trail,True,True,42,2
2023-05-31 13:39:00,2023-05-31 13:41:00,pd_rev,long,16861.75,16848.75,16887.75,16889.6875,52.0,2.1490384615384617,1899.75,trail,True,True,34,2
2023-06-01 11:35:00,2023-06-01 11:36:00,kalman_mom,long,16921.75,16918.75,16929.25,16918.6875,12.0,-1.0208333333333333,-306.25,stop,False,False,50,1
2023-06-01 11:46:00,2023-06-01 11:48:00,trend,long,16923.0,16916.25,16936.5,16931.9375,27.0,1.3240740740740742,518.38,trail,True,True,29,2
2023-06-01 11:51:00,2023-06-01 11:53:00,trend,long,16930.75,16922.5,16947.25,16940.4375,33.0,1.1742424242424243,465.0,trail,True,True,24,2
2023-06-01 13:37:00,2023-06-01 13:41:00,pm_mom,long,16991.75,16984.0,17007.25,16983.9375,31.0,-1.0080645161290325,-390.63,stop,False,False,25,4
2023-06-02 10:01:00,2023-06-02 10:02:00,or_rev,long,17011.5,16997.5,17108.75,16997.4375,56.0,-1.0044642857142858,-393.75,stop,False,False,14,1
2023-06-02 10:17:00,2023-06-02 10:19:00,kalman_mom,long,17050.25,17046.5,17059.5,17050.1875,15.0,-0.0166666666666666,-6.25,trail,True,True,50,2
2023-06-02 14:02:00,2023-06-02 14:04:00,pm_mom,long,17111.25,17106.0,17121.75,17117.4375,21.0,1.1785714285714286,470.25,trail,True,True,38,2
2023-06-05 13:30:00,2023-06-05 13:32:00,ema_rev,long,17177.5,17168.75,17197.0,17168.6875,35.0,-1.0071428571428571,-387.75,stop,False,False,22,2
2023-06-05 14:01:00,2023-06-05 14:03:00,pm_mom,long,17159.25,17156.0,17165.75,17159.1875,13.0,-0.0192307692307692,-6.25,trail,True,True,50,2
2023-06-06 09:49:00,2023-06-06 09:51:00,sweep,long,17077.5,17066.0,17106.25,17077.4375,46.0,-0.0054347826086956,-2.12,trail,True,True,17,2
2023-06-06 09:55:00,2023-06-06 09:59:00,pd_rev,long,17070.75,17058.75,17094.75,17080.1875,48.0,0.7864583333333334,698.38,trail,False,True,37,4
2023-06-06 10:04:00,2023-06-06 10:05:00,sweep,long,17070.5,17061.75,17092.5,17061.6875,35.0,-1.0071428571428571,-387.75,stop,False,False,22,1
2023-06-06 10:15:00,2023-06-06 10:16:00,kalman_mom,long,17079.5,17071.0,17100.75,17070.9375,34.0,-1.0073529411764706,-393.88,stop,False,False,23,1
2023-06-06 10:25:00,2023-06-06 10:36:00,trend,long,17103.0,17086.25,17136.5,17086.1875,67.0,-1.0037313432835822,-369.88,stop,False,False,11,11
2023-06-06 10:45:00,2023-06-06 10:46:00,trend,long,17102.75,17094.75,17118.75,17118.75,32.0,2.0,800.0,target,False,False,25,1
2023-06-06 12:40:00,2023-06-06 12:42:00,ema_rev,long,17094.5,17084.25,17111.75,17084.1875,41.0,-1.0060975609756098,-391.88,stop,False,False,19,2
2023-06-06 13:30:00,2023-06-06 13:31:00,pm_mom,long,17097.0,17093.0,17105.0,17092.9375,15.93101299049158,-1.015625,-404.5,stop,False,False,50,1
2023-06-06 14:01:00,2023-06-06 14:03:00,trend,short,17073.0,17079.75,17059.5,17079.8125,27.0,-1.0092592592592593,-395.12,trail,False,True,29,2
2023-06-07 10:08:00,2023-06-07 10:10:00,trend,short,17136.25,17144.0,17112.25,17144.0625,31.0,-1.0080645161290325,-390.63,stop,False,False,25,2
2023-06-07 10:17:00,2023-06-07 10:19:00,vwap_rev,long,17109.5,17097.0,17160.5,17109.4375,50.0,-0.005,-2.0,trail,True,True,16,2
2023-06-07 10:27:00,2023-06-07 10:29:00,vwap_rev,long,17068.0,17058.25,17149.75,17058.1875,39.0,-1.0064102564102564,-392.5,stop,False,False,20,2
2023-06-07 10:39:00,2023-06-07 10:41:00,pd_rev,long,17033.5,17023.25,17136.0,17049.1875,41.0,1.5304878048780488,1349.12,trail,True,True,43,2
2023-06-07 11:09:00,2023-06-07 11:11:00,kalman_mom,long,17015.25,17006.25,17037.75,17006.1875,36.0,-1.0069444444444444,-398.75,stop,False,False,22,2
2023-06-07 13:57:00,2023-06-07 13:59:00,pm_mom,long,16905.25,16898.75,16918.25,16898.6875,26.0,-1.0096153846153846,-393.75,stop,False,False,30,2
2023-06-08 13:42:00,2023-06-08 13:46:00,ema_rev,long,16963.5,16955.5,16979.0,16955.4375,32.0,-1.0078125,-403.12,stop,False,False,25,4
2023-06-08 13:56:00,2023-06-08 13:58:00,pm_mom,long,16970.75,16962.5,16987.25,16970.6875,33.0,-0.0075757575757575,-3.0,trail,True,True,24,2
2023-06-09 10:16:00,2023-06-09 10:17:00,kalman_mom,long,17204.5,17193.75,17231.5,17193.6875,43.0,-1.005813953488372,-389.25,stop,False,False,18,1
2023-06-09 10:52:00,2023-06-09 10:54:00,ema_rev,long,17094.5,17083.75,17141.0,17094.4375,43.0,-0.005813953488372,-2.25,trail,True,True,18,2
2023-06-09 11:34:00,2023-06-09 11:36:00,or_rev,long,17070.75,17057.75,17117.5,17081.1875,52.0,0.8028846153846154,313.12,trail,False,True,15,2
2023-06-09 13:30:00,2023-06-09 13:32:00,pm_mom,long,17108.25,17105.0,17114.75,17114.9375,13.0,2.0576923076923075,668.75,trail,True,True,50,2
2023-06-12 10:07:00,2023-06-12 10:09:00,ou_rev,long,17123.0,17116.0,17145.5,17131.9375,28.0,1.2767857142857142,893.75,trail,True,True,50,2
2023-06-12 13:31:00,2023-06-12 13:33:00,pm_mom,long,17206.0,17201.75,17214.5,17213.6875,17.0,1.8088235294117647,722.62,trail,True,True,47,2
2023-06-13 10:05:00,2023-06-13 10:07:00,or_rev,long,17376.0,17362.75,17445.0,17375.9375,53.0,-0.0047169811320754,-1.87,trail,True,True,15,2
2023-06-13 10:17:00,2023-06-13 10:18:00,ema_rev,long,17325.0,17318.5,17353.25,17318.4375,26.0,-1.0096153846153846,-393.75,stop,False,False,30,1
2023-06-13 11:46:00,2023-06-13 11:47:00,trend,short,17419.5,17424.75,17409.0,17424.8125,21.0,-1.011904761904762,-403.75,stop,False,False,38,1
2023-06-13 11:57:00,2023-06-13 11:58:00,kalman_mom,long,17440.25,17432.25,17460.25,17432.1875,32.0,-1.0078125,-403.12,stop,False,False,25,1
2023-06-13 13:31:00,2023-06-13 13:32:00,pm_mom,long,17439.0,17436.25,17444.5,17436.1875,11.0,-1.0227272727272727,-281.25,stop,False,False,50,1
2023-06-14 10:20:00,2023-06-14 10:21:00,kalman_mom,long,17504.5,17501.0,17513.25,17513.25,14.0,2.5,875.0,target,False,False,50,1
2023-06-15 13:30:00,2023-06-15 13:32:00,pm_mom,long,17654.25,17648.5,17665.75,17654.1875,23.0,-0.0108695652173913,-4.25,trail,True,True,34,2
2023-06-16 10:15:00,2023-06-16 10:16:00,kalman_mom,long,17716.25,17709.0,17734.5,17708.9375,29.0,-1.0086206896551724,-394.88,stop,False,False,27,1
2023-06-16 11:29:00,2023-06-16 11:31:00,or_rev,long,17683.0,17672.0,17761.5,17704.4375,44.0,1.9488636363636365,771.75,trail,True,True,18,2
2023-06-16 14:01:00,2023-06-16 14:02:00,pm_mom,long,17725.75,17716.75,17743.75,17716.6875,36.0,-1.0069444444444444,-398.75,stop,False,False,22,1
2023-06-16 14:06:00,2023-06-16 14:09:00,ou_rev,long,17700.5,17694.0,17728.25,17709.9375,26.0,1.4519230769230769,943.75,trail,True,True,50,3
2023-06-19 10:17:00,2023-06-19 10:19:00,or_rev,long,17582.75,17578.5,17594.5,17585.9375,17.0,0.75,299.62,trail,False,True,47,2
2023-06-20 10:08:00,2023-06-20 10:09:00,trend,short,17574.5,17580.5,17552.25,17580.5625,24.0,-1.0104166666666667,-400.12,stop,False,False,33,1
2023-06-20 10:23:00,2023-06-20 10:25:00,vwap_rev,long,17506.75,17499.0,17593.25,17506.6875,31.0,-0.0080645161290322,-3.12,trail,True,True,25,2
2023-06-20 10:47:00,2023-06-20 10:48:00,kalman_mom,long,17516.0,17510.25,17530.5,17510.1875,23.0,-1.0108695652173914,-395.25,stop,False,False,34,1
2023-06-20 13:31:00,2023-06-20 13:33:00,pm_mom,long,17620.0,17613.0,17634.0,17619.9375,28.0,-0.0089285714285714,-3.5,trail,True,True,28,2
2023-06-21 09:56:00,2023-06-21 09:57:00,ou_rev,long,17490.25,17483.75,17530.75,17483.6875,26.0,-1.0096153846153846,-656.25,stop,False,False,50,1
2023-06-21 10:39:00,2023-06-21 10:44:00,ou_rev,long,17448.25,17430.0,17487.75,17429.9375,73.0,-1.0034246575342465,-1831.25,trail,False,True,50,5
2023-06-21 11:13:00,2023-06-21 11:15:00,ema_rev,long,17364.5,17359.0,17387.0,17369.9375,22.0,0.9886363636363636,391.5,trail,True,True,36,2
2023-06-21 11:48:00,2023-06-21 11:50:00,kalman_mom,long,17413.0,17409.5,17421.75,17419.9375,14.0,1.9821428571428568,693.75,trail,True,True,50,2
2023-06-21 13:34:00,2023-06-21 13:35:00,pm_mom,long,17413.0,17408.75,17421.5,17408.6875,17.0,-1.0147058823529411,-405.38,stop,False,False,47,1
2023-06-22 10:03:00,2023-06-22 10:05:00,trend,long,17430.75,17423.25,17447.5,17444.9375,30.0,1.8916666666666664,737.75,trail,True,True,26,2
2023-06-22 10:55:00,2023-06-22 11:01:00,trend,short,17413.0,17436.5,17366.0,17436.5625,94.0,-1.002659574468085,-377.0,stop,False,False,8,6
2023-06-22 11:05:00,2023-06-22 11:06:00,kalman_mom,long,17463.75,17459.75,17473.75,17473.75,16.0,2.5,1000.0,target,False,False,50,1
2023-06-23 11:29:00,2023-06-23 11:33:00,or_rev,long,17365.25,17354.75,17402.25,17373.1875,42.0,0.7559523809523809,301.62,trail,False,True,19,4
2023-06-23 11:34:00,2023-06-23 11:36:00,ema_rev,long,17364.75,17360.75,17374.75,17375.9375,16.0,2.796875,1118.75,trail,True,True,50,2
2023-06-26 10:54:00,2023-06-26 10:58:00,kalman_mom,long,17436.0,17425.5,17462.25,17425.4375,42.0,-1.005952380952381,-401.38,stop,False,False,19,4
2023-06-26 11:14:00,2023-06-26 11:16:00,or_rev,long,17372.25,17361.5,17403.25,17381.1875,43.0,0.8313953488372093,321.75,trail,False,True,18,2
2023-06-26 11:21:00,2023-06-26 11:22:00,vwap_rev,long,17338.75,17335.25,17429.25,17335.1875,14.0,-1.0178571428571428,-356.25,stop,False,False,50,1
2023-06-26 11:45:00,2023-06-26 11:47:00,pd_rev,long,17333.75,17325.75,17418.25,17348.9375,32.0,1.8984375,1518.75,trail,True,True,50,2
2023-06-26 12:12:00,2023-06-26 12:14:00,vwap_rev,long,17267.25,17262.0,17403.75,17282.9375,21.0,2.988095238095238,1192.25,trail,True,True,38,2
2023-06-27 09:55:00,2023-06-27 09:57:00,ou_rev,short,17308.0,17318.25,17285.75,17289.5625,41.0,1.798780487804878,1843.75,trail,True,True,50,2
2023-06-27 10:12:00,2023-06-27 10:13:00,ou_rev,long,17254.5,17250.0,17288.0,17249.9375,18.0,-1.0138888888888888,-456.25,stop,False,False,50,1
2023-06-27 11:14:00,2023-06-27 11:16:00,ou_rev,long,17255.75,17244.25,17280.25,17272.1875,46.0,1.4293478260869563,1643.75,trail,True,True,50,2
2023-06-28 10:43:00,2023-06-28 10:45:00,kalman_mom,long,17542.0,17533.0,17564.5,17532.9375,36.0,-1.0069444444444444,-398.75,stop,False,False,22,2
2023-06-28 11:26:00,2023-06-28 11:31:00,trend,short,17473.0,17496.5,17426.0,17496.5625,94.0,-1.002659574468085,-377.0,stop,False,False,8,5
2023-06-28 11:44:00,2023-06-28 11:46:00,trend,long,17525.75,17518.0,17541.25,17535.1875,31.0,1.217741935483871,471.88,trail,True,True,25,2
2023-06-28 12:55:00,2023-06-28 12:56:00,ema_rev,long,17424.0,17409.5,17452.5,17409.4375,58.0,-1.0043103448275863,-378.63,stop,False,False,13,1
2023-06-28 13:30:00,2023-06-28 13:31:00,pm_mom,long,17472.25,17466.75,17483.25,17483.25,22.0,2.0,792.0,target,False,False,36,1
2023-06-29 10:13:00,2023-06-29 10:15:00,ou_rev,long,17390.5,17384.25,17450.5,17410.9375,25.0,3.27,2043.75,trail,True,True,50,2
2023-06-30 11:42:00,2023-06-30 11:44:00,ema_rev,long,17645.75,17640.75,17667.5,17652.6875,20.0,1.3875,555.0,trail,True,True,40,2
2023-06-30 12:55:00,2023-06-30 12:57:00,kalman_mom,long,17700.25,17695.0,17713.5,17707.6875,21.0,1.4166666666666667,565.25,trail,False,True,38,2
2023-07-03 10:34:00,2023-07-03 10:36:00,vwap_rev,long,17688.0,17681.75,17712.25,17695.4375,25.0,1.19,476.0,trail,True,True,32,2
2023-07-03 10:42:00,2023-07-03 10:44:00,vwap_rev,long,17673.5,17667.25,17709.0,17667.1875,25.0,-1.01,-404.0,stop,False,False,32,2
2023-07-03 10:53:00,2023-07-03 10:57:00,ou_rev,long,17676.5,17666.75,17705.0,17676.4375,39.0,-0.0064102564102564,-6.25,trail,True,True,50,4
2023-07-03 12:39:00,2023-07-03 12:42:00,kalman_mom,long,17690.5,17686.25,17701.0,17690.4375,17.0,-0.0147058823529411,-5.87,trail,True,True,47,3
2023-07-04 10:18:00,2023-07-04 10:20:00,or_rev,long,17709.0,17706.5,17714.0,17706.4375,10.0,-1.025,-256.25,stop,False,False,50,2
2023-07-04 10:29:00,2023-07-04 10:35:00,vwap_rev,long,17699.75,17696.75,17710.0,17696.6875,12.0,-1.0208333333333333,-306.25,stop,False,False,50,6
2023-07-05 10:09:00,2023-07-05 10:10:00,trend,long,17740.25,17725.0,17770.75,17724.9375,61.0,-1.0040983606557377,-398.12,stop,False,False,13,1
2023-07-05 10:18:00,2023-07-05 10:22:00,kalman_mom,long,17758.75,17749.75,17781.25,17758.6875,36.0,-0.0069444444444444,-2.75,trail,True,True,22,4
2023-07-05 10:24:00,2023-07-05 10:27:00,trend,long,17760.0,17751.75,17776.5,17766.9375,33.0,0.8409090909090909,333.0,trail,True,True,24,3
2023-07-05 12:02:00,2023-07-05 12:04:00,pd_rev,long,17690.5,17686.0,17726.0,17700.4375,18.0,2.208333333333333,993.75,trail,True,True,50,2
2023-07-06 10:04:00,2023-07-06 10:05:00,or_rev,long,17481.5,17476.0,17530.5,17475.9375,22.0,-1.0113636363636365,-400.5,stop,False,False,36,1
2023-07-06 11:16:00,2023-07-06 11:18:00,ou_rev,long,17469.0,17461.25,17503.75,17479.1875,31.0,1.314516129032258,1018.75,trail,True,True,50,2
2023-07-06 11:21:00,2023-07-06 11:23:00,ou_rev,long,17474.75,17465.5,17503.0,17484.6875,37.0,1.0743243243243243,993.75,trail,True,True,50,2
2023-07-06 13:40:00,2023-07-06 13:42:00,pm_mom,long,17567.75,17562.75,17577.75,17575.4375,20.0,1.5375,615.0,trail,True,True,40,2
2023-07-07 10:36:00,2023-07-07 10:38:00,vwap_rev,long,17537.5,17527.25,17583.75,17555.1875,41.0,1.725609756097561,672.12,trail,True,True,19,2
2023-07-07 11:42:00,2023-07-07 11:45:00,kalman_mom,long,17609.75,17603.25,17626.0,17603.1875,26.0,-1.0096153846153846,-393.75,stop,False,False,30,3
2023-07-10 10:04:00,2023-07-10 10:06:00,or_rev,long,17487.25,17475.5,17535.0,17475.4375,47.0,-1.00531914893617,-401.62,stop,False,False,17,2
2023-07-10 10:15:00,2023-07-10 10:16:00,kalman_mom,long,17519.0,17512.5,17535.25,17512.4375,26.0,-1.0096153846153846,-393.75,stop,False,False,30,1
2023-07-10 11:34:00,2023-07-10 11:42:00,pd_rev,long,17523.25,17511.5,17546.75,17511.4375,47.0,-1.00531914893617,-897.75,stop,False,False,38,8
2023-07-10 12:09:00,2023-07-10 12:11:00,vwap_rev,long,17422.5,17418.25,17499.25,17422.4375,17.0,-0.0147058823529411,-5.87,trail,True,True,47,2
2023-07-10 13:45:00,2023-07-10 13:47:00,pm_mom,long,17510.25,17504.25,17522.25,17510.1875,24.0,-0.0104166666666666,-4.12,trail,True,True,33,2
2023-07-10 14:23:00,2023-07-10 14:28:00,sweep,long,17530.0,17516.0,17565.0,17540.6875,56.0,0.7633928571428571,299.25,trail,True,True,14,5
2023-07-11 10:12:00,2023-07-11 10:13:00,ou_rev,long,17481.25,17472.5,17520.25,17472.4375,35.0,-1.0071428571428571,-881.25,stop,False,False,50,1
2023-07-11 12:05:00,2023-07-11 12:07:00,kalman_mom,long,17591.5,17584.25,17609.5,17584.1875,29.0,-1.0086206896551724,-394.88,stop,False,False,27,2
2023-07-11 12:30:00,2023-07-11 12:33:00,ema_rev,long,17542.25,17528.75,17563.75,17554.9375,54.0,0.9398148148148148,355.25,trail,True,True,14,3
2023-07-11 13:37:00,2023-07-11 13:41:00,pm_mom,long,17549.75,17543.75,17561.75,17549.6875,24.0,-0.0104166666666666,-4.12,trail,True,True,33,4
2023-07-12 11:39:00,2023-07-12 11:41:00,trend,short,17770.0,17789.25,17731.5,17722.5625,77.0,2.4642857142857144,948.75,trail,True,True,10,2
2023-07-13 13:34:00,2023-07-13 13:37:00,pm_mom,long,18013.5,18008.25,18024.0,18013.4375,21.0,-0.0119047619047619,-4.75,trail,True,True,38,3
2023-07-14 10:15:00,2023-07-14 10:17:00,kalman_mom,long,18181.0,18176.75,18191.5,18191.9375,17.0,2.573529411764706,1028.12,trail,True,True,47,2
2023-07-17 12:35:00,2023-07-17 12:38:00,ema_rev,long,18115.25,18110.25,18125.75,18110.1875,20.0,-1.0125,-405.0,trail,False,True,40,3
2023-07-17 13:18:00,2023-07-17 13:20:00,kalman_mom,long,18145.75,18139.5,18161.5,18139.4375,25.0,-1.01,-404.0,stop,False,False,32,2
2023-07-17 13:32:00,2023-07-17 13:34:00,pm_mom,long,18144.0,18140.5,18151.0,18143.9375,14.0,-0.0178571428571428,-6.25,trail,True,True,50,2
2023-07-18 11:56:00,2023-07-18 11:58:00,kalman_mom,long,18222.5,18216.5,18237.5,18226.6875,24.0,0.6979166666666666,276.38,trail,False,True,33,2
2023-07-18 13:33:00,2023-07-18 13:36:00,trend,long,18289.0,18281.5,18304.0,18288.9375,30.0,-0.0083333333333333,-3.25,trail,True,True,26,3
2023-07-19 13:13:00,2023-07-19 13:16:00,vwap_rev,long,18298.5,18291.0,18354.5,18298.4375,30.0,-0.0083333333333333,-3.25,trail,True,True,26,3
2023-07-20 10:07:00,2023-07-20 10:09:00,or_rev,long,18164.5,18150.5,18207.25,18150.4375,56.0,-1.0044642857142858,-393.75,stop,False,False,14,2
2023-07-20 10:16:00,2023-07-20 10:20:00,trend,short,18153.75,18170.5,18120.25,18132.0625,67.0,1.294776119402985,477.12,trail,True,True,11,4
2023-07-20 10:24:00,2023-07-20 10:26:00,trend,short,18120.5,18140.5,18080.5,18104.8125,80.0,0.784375,313.75,trail,False,True,10,2
2023-07-20 10:29:00,2023-07-20 10:30:00,vwap_rev,long,18100.5,18096.0,18185.25,18095.9375,18.0,-1.0138888888888888,-401.5,stop,False,False,44,1
2023-07-20 11:06:00,2023-07-20 11:08:00,kalman_mom,long,18107.25,18101.5,18121.5,18113.6875,23.0,1.1195652173913044,437.75,trail,True,True,34,2
2023-07-20 13:31:00,2023-07-20 13:32:00,pm_mom,long,18055.5,18049.0,18068.5,18048.9375,26.0,-1.0096153846153846,-393.75,stop,False,False,30,1
2023-07-21 10:18:00,2023-07-21 10:20:00,or_rev,long,17995.0,17980.0,18033.5,17979.9375,60.0,-1.0041666666666669,-391.63,stop,False,False,13,2
2023-07-21 10:31:00,2023-07-21 10:36:00,ou_rev,long,17912.75,17896.75,17987.5,17939.9375,64.0,1.69921875,2718.75,trail,True,True,50,5
2023-07-21 10:44:00,2023-07-21 10:47:00,ou_rev,long,17928.0,17915.25,17979.5,17948.1875,51.0,1.5833333333333333,2018.75,trail,False,True,50,3
2023-07-24 10:05:00,2023-07-24 10:07:00,or_rev,long,17854.75,17848.75,17943.75,17869.9375,24.0,2.53125,1002.38,trail,True,True,33,2
2023-07-25 10:54:00,2023-07-25 10:56:00,ema_rev,long,17958.0,17952.0,17970.25,17957.9375,24.0,-0.0104166666666666,-4.12,trail,True,True,33,2
2023-07-25 11:47:00,2023-07-25 11:51:00,kalman_mom,long,18029.5,18023.75,18044.0,18023.6875,23.0,-1.0108695652173914,-395.25,stop,False,False,34,4
2023-07-25 13:31:00,2023-07-25 13:32:00,pm_mom,long,18055.75,18053.0,18061.25,18052.9375,11.0,-1.0227272727272727,-281.25,stop,False,False,50,1
2023-07-26 10:53:00,2023-07-26 10:54:00,ema_rev,long,17924.0,17919.5,17943.0,17919.4375,18.0,-1.0138888888888888,-401.5,stop,False,False,44,1
2023-07-26 11:03:00,2023-07-26 11:05:00,vwap_rev,long,17868.75,17862.75,17944.5,17886.9375,24.0,3.03125,1200.38,trail,True,True,33,2
2023-07-27 10:20:00,2023-07-27 10:22:00,trend,short,18192.5,18201.75,18174.0,18172.3125,37.0,2.1824324324324325,847.88,trail,True,True,21,2
2023-07-28 13:37:00,2023-07-28 13:39:00,ema_rev,long,18156.75,18146.75,18176.75,18167.4375,40.0,1.06875,427.5,trail,False,True,20,2
2023-07-28 13:55:00,2023-07-28 13:58:00,pm_mom,long,18166.0,18156.25,18185.5,18180.6875,39.0,1.5064102564102564,587.5,trail,True,True,20,3
2023-07-31 10:02:00,2023-07-31 10:04:00,or_rev,long,18166.0,18156.0,18217.25,18155.9375,40.0,-1.00625,-402.5,stop,False,False,20,2
2023-07-31 11:34:00,2023-07-31 11:36:00,ema_rev,long,18178.0,18169.0,18199.5,18189.4375,36.0,1.2708333333333333,503.25,trail,True,True,22,2
2023-07-31 11:51:00,2023-07-31 11:52:00,kalman_mom,long,18201.0,18197.5,18209.75,18197.4375,14.0,-1.0178571428571428,-356.25,stop,False,False,50,1
2023-07-31 13:31:00,2023-07-31 13:34:00,ou_rev,long,18180.5,18174.5,18199.5,18188.9375,24.0,1.40625,843.75,trail,True,True,50,3
2023-07-31 14:24:00,2023-07-31 14:27:00,ou_rev,long,18179.25,18173.25,18198.5,18173.1875,24.0,-1.0104166666666667,-606.25,stop,False,False,50,3
2023-08-01 10:06:00,2023-08-01 10:08:00,sweep,long,18156.5,18138.0,18202.75,18137.9375,74.0,-1.0033783783783785,-371.25,stop,False,False,10,2
2023-08-01 10:20:00,2023-08-01 10:23:00,ou_rev,long,18090.25,18076.0,18128.5,18106.9375,57.0,1.1710526315789471,1668.75,trail,False,True,50,3
2023-08-01 10:36:00,2023-08-01 10:38:00,pd_rev,long,18149.0,18135.75,18175.5,18161.6875,53.0,0.9575471698113208,837.38,trail,True,True,33,2
2023-08-01 12:17:00,2023-08-01 12:18:00,kalman_mom,long,18169.5,18164.75,18181.5,18164.6875,19.0,-1.013157894736842,-404.25,stop,False,False,42,1
2023-08-01 13:50:00,2023-08-01 13:53:00,pm_mom,long,18163.25,18159.0,18171.75,18172.9375,17.0,2.2794117647058822,910.62,trail,True,True,47,3
2023-08-02 09:56:00,2023-08-02 09:58:00,ou_rev,long,17941.25,17929.25,17964.0,17961.6875,48.0,1.703125,2043.75,trail,True,True,50,2
2023-08-02 10:14:00,2023-08-02 10:15:00,ou_rev,long,17893.0,17886.25,17952.25,17886.1875,27.0,-1.0092592592592593,-681.25,stop,False,False,50,1
2023-08-02 12:47:00,2023-08-02 12:50:00,kalman_mom,long,17826.75,17821.0,17841.0,17832.4375,23.0,0.9891304347826086,386.75,trail,True,True,34,3
2023-08-02 13:32:00,2023-08-02 13:33:00,pm_mom,long,17839.0,17833.5,17850.0,17850.0,22.0,2.0,792.0,target,False,False,36,1
2023-08-03 10:05:00,2023-08-03 10:07:00,or_rev,short,17792.0,17806.0,17730.5,17771.5625,56.0,1.4598214285714286,572.25,trail,True,True,14,2
2023-08-03 10:45:00,2023-08-03 10:46:00,pd_rev,long,17767.0,17755.25,17790.5,17755.1875,47.0,-1.00531914893617,-897.75,stop,False,False,38,1
2023-08-03 11:21:00,2023-08-03 11:23:00,vwap_rev,short,17819.5,17827.5,17761.0,17810.3125,32.0,1.1484375,459.38,trail,True,True,25,2
2023-08-03 11:42:00,2023-08-03 11:45:00,kalman_mom,long,17812.75,17803.5,17836.0,17812.6875,37.0,-0.0067567567567567,-2.62,trail,True,True,21,3
2023-08-03 12:44:00,2023-08-03 12:46:00,vwap_rev,short,17848.0,17854.5,17774.5,17854.5625,26.0,-1.0096153846153846,-393.75,stop,False,False,30,2
2023-08-04 10:19:00,2023-08-04 10:21:00,or_rev,long,17798.75,17784.75,17888.25,17823.1875,56.0,1.7455357142857142,684.25,trail,True,True,14,2
2023-08-04 11:10:00,2023-08-04 11:12:00,ema_rev,short,17896.0,17901.25,17875.75,17882.0625,21.0,2.6547619047619047,1059.25,trail,True,True,38,2
2023-08-07 10:03:00,2023-08-07 10:07:00,ou_rev,long,17721.25,17704.75,17761.5,17739.4375,66.0,1.1022727272727273,1818.75,trail,True,True,50,4
2023-08-07 11:21:00,2023-08-07 11:24:00,vwap_rev,long,17698.75,17687.25,17754.75,17717.1875,46.0,1.6032608695652173,626.88,trail,True,True,17,3
2023-08-08 10:00:00,2023-08-08 10:02:00,or_rev,long,17642.25,17627.25,17707.75,17627.1875,60.0,-1.0041666666666669,-391.63,stop,False,False,13,2
2023-08-08 10:16:00,2023-08-08 10:17:00,kalman_mom,short,17602.75,17609.0,17587.0,17609.0625,25.0,-1.01,-404.0,stop,False,False,32,1
2023-08-08 10:53:00,2023-08-08 10:57:00,ou_rev,long,17607.75,17592.75,17644.0,17592.6875,60.0,-1.0041666666666669,-1506.25,stop,False,False,50,4
2023-08-08 10:59:00,2023-08-08 11:01:00,ou_rev,long,17583.5,17577.5,17641.0,17577.4375,24.0,-1.0104166666666667,-606.25,stop,False,False,50,2
2023-08-08 11:04:00,2023-08-08 11:12:00,ou_rev,long,17583.75,17570.0,17638.25,17569.9375,55.0,-1.0045454545454546,-1381.25,stop,False,False,50,8
2023-08-08 13:33:00,2023-08-08 13:35:00,pm_mom,long,17642.0,17636.0,17654.0,17635.9375,24.0,-1.0104166666666667,-400.12,trail,False,True,33,2
2023-08-09 09:52:00,2023-08-09 09:53:00,ema_rev,long,17624.75,17613.25,17657.5,17613.1875,46.0,-1.0054347826086956,-393.12,stop,False,False,17,1
2023-08-09 10:04:00,2023-08-09 10:06:00,or_rev,long,17637.5,17633.0,17680.5,17645.4375,18.0,1.7638888888888888,698.5,trail,True,True,44,2
2023-08-09 10:42:00,2023-08-09 10:43:00,ou_rev,long,17615.0,17610.25,17646.5,17610.1875,19.0,-1.013157894736842,-481.25,stop,False,False,50,1
2023-08-09 10:51:00,2023-08-09 10:52:00,ou_rev,long,17608.0,17599.25,17644.0,17599.1875,35.0,-1.0071428571428571,-881.25,stop,False,False,50,1
2023-08-09 10:56:00,2023-08-09 10:57:00,vwap_rev,long,17574.75,17569.75,17639.75,17569.6875,20.0,-1.0125,-405.0,stop,False,False,40,1
2023-08-09 11:09:00,2023-08-09 11:11:00,pd_rev,long,17569.25,17559.75,17629.25,17559.6875,38.0,-1.006578947368421,-898.88,stop,False,False,47,2
2023-08-09 12:29:00,2023-08-09 12:30:00,kalman_mom,long,17552.25,17545.5,17569.0,17545.4375,27.0,-1.0092592592592593,-395.12,stop,False,False,29,1
2023-08-09 13:36:00,2023-08-09 13:40:00,pm_mom,long,17603.25,17595.25,17619.25,17609.6875,32.0,0.8046875,321.88,trail,False,True,25,4
2023-08-10 09:50:00,2023-08-10 09:52:00,ou_rev,short,17725.5,17734.75,17681.75,17725.5625,37.0,-0.0067567567567567,-6.25,trail,True,True,50,2
2023-08-10 09:56:00,2023-08-10 09:59:00,ou_rev,short,17739.25,17750.5,17691.5,17750.5625,45.0,-1.0055555555555555,-1131.25,stop,False,False,50,3
2023-08-10 10:04:00,2023-08-10 10:10:00,ou_rev,short,17777.75,17791.0,17709.0,17777.8125,53.0,-0.0047169811320754,-6.25,trail,True,True,50,6
2023-08-10 10:41:00,2023-08-10 10:43:00,pd_rev,short,17712.0,17724.25,17687.5,17692.3125,49.0,1.6071428571428572,1417.5,trail,True,True,36,2
2023-08-10 10:50:00,2023-08-10 10:51:00,kalman_mom,short,17675.75,17684.0,17655.0,17684.0625,33.0,-1.0075757575757576,-399.0,stop,False,False,24,1
2023-08-10 11:49:00,2023-08-10 11:51:00,vwap_rev,long,17597.25,17590.25,17697.25,17597.1875,28.0,-0.0089285714285714,-3.5,trail,True,True,28,2
2023-08-10 11:57:00,2023-08-10 11:59:00,vwap_rev,long,17568.75,17559.75,17691.0,17590.1875,36.0,2.3819444444444446,943.25,trail,True,True,22,2
2023-08-10 13:31:00,2023-08-10 13:32:00,pm_mom,short,17544.0,17548.5,17535.0,17548.5625,18.0,-1.0138888888888888,-401.5,stop,False,False,44,1
2023-08-11 10:18:00,2023-08-11 10:20:00,or_rev,short,17492.75,17505.5,17435.25,17480.8125,51.0,0.9362745098039216,358.12,trail,True,True,15,2
2023-08-11 10:23:00,2023-08-11 10:25:00,ou_rev,short,17504.5,17513.75,17446.5,17504.5625,37.0,-0.0067567567567567,-6.25,trail,True,True,50,2
2023-08-11 10:40:00,2023-08-11 10:42:00,sweep,long,17495.75,17479.5,17536.5,17495.6875,65.0,-0.0038461538461538,-1.5,trail,True,True,12,2
2023-08-11 10:45:00,2023-08-11 10:47:00,pd_rev,long,17485.25,17479.25,17497.25,17485.1875,24.0,-0.0104166666666666,-6.25,trail,True,True,50,2
2023-08-11 12:16:00,2023-08-11 12:18:00,ema_rev,short,17455.0,17468.0,17437.25,17446.5625,52.0,0.6490384615384616,253.12,trail,False,True,15,2
2023-08-11 13:34:00,2023-08-11 13:35:00,kalman_mom,long,17452.0,17448.0,17462.0,17447.9375,16.0,-1.015625,-406.25,stop,False,False,50,1
2023-08-14 10:06:00,2023-08-14 10:07:00,or_rev,short,17471.5,17480.25,17420.0,17480.3125,35.0,-1.0071428571428571,-387.75,stop,False,False,22,1
2023-08-14 10:16:00,2023-08-14 10:18:00,ema_rev,short,17505.5,17515.5,17480.5,17505.5625,40.0,-0.00625,-2.5,trail,True,True,20,2
2023-08-14 10:27:00,2023-08-14 10:30:00,ou_rev,short,17509.0,17521.75,17453.25,17486.3125,51.0,1.7794117647058822,2268.75,trail,True,True,50,3
2023-08-14 10:40:00,2023-08-14 10:42:00,vwap_rev,short,17548.25,17556.0,17464.75,17548.3125,31.0,-0.0080645161290322,-3.12,trail,True,True,25,2
2023-08-14 12:12:00,2023-08-14 12:14:00,kalman_mom,short,17558.0,17564.25,17542.5,17548.8125,25.0,1.47,588.0,trail,True,True,32,2
2023-08-15 10:03:00,2023-08-15 10:05:00,ou_rev,long,17519.0,17505.75,17559.75,17518.9375,53.0,-0.0047169811320754,-6.25,trail,True,True,50,2
2023-08-15 10:08:00,2023-08-15 10:10:00,vwap_rev,long,17483.5,17474.75,17550.0,17474.6875,35.0,-1.0071428571428571,-387.75,stop,False,False,22,2
2023-08-15 10:53:00,2023-08-15 10:55:00,kalman_mom,long,17494.25,17488.75,17508.0,17488.6875,22.0,-1.0113636363636365,-400.5,stop,False,False,36,2
2023-08-15 13:32:00,2023-08-15 13:34:00,pm_mom,short,17514.75,17519.75,17504.75,17505.3125,20.0,1.8875,755.0,trail,False,True,40,2
2023-08-16 10:14:00,2023-08-16 10:16:00,or_rev,short,17466.25,17471.25,17428.0,17466.3125,20.0,-0.0125,-5.0,trail,True,True,40,2
2023-08-16 11:04:00,2023-08-16 11:05:00,ou_rev,short,17470.75,17476.25,17451.0,17476.3125,22.0,-1.0113636363636365,-556.25,stop,False,False,50,1
2023-08-16 14:05:00,2023-08-16 14:06:00,pm_mom,short,17365.5,17373.25,17350.0,17373.3125,31.0,-1.0080645161290325,-390.63,stop,False,False,25,1
2023-08-17 12:29:00,2023-08-17 12:31:00,ema_rev,short,17287.75,17295.25,17265.25,17287.8125,30.0,-0.0083333333333333,-3.25,trail,True,True,26,2
2023-08-17 13:30:00,2023-08-17 13:31:00,pm_mom,short,17253.25,17258.25,17243.25,17243.25,20.0,2.0,800.0,target,False,False,40,1
2023-08-17 13:49:00,2023-08-17 13:51:00,kalman_mom,short,17217.25,17221.25,17207.25,17217.3125,16.0,-0.015625,-6.25,trail,True,True,50,2
2023-08-17 14:05:00,2023-08-17 14:08:00,trend,short,17212.25,17224.25,17188.25,17212.3125,48.0,-0.0052083333333333,-2.0,trail,True,True,16,3
2023-08-17 14:16:00,2023-08-17 14:24:00,trend,short,17198.5,17213.0,17169.5,17189.5625,58.0,0.6163793103448276,232.38,trail,True,True,13,8
2023-08-18 10:39:00,2023-08-18 10:41:00,vwap_rev,short,17034.5,17044.0,17001.0,17044.0625,38.0,-1.006578947368421,-401.62,stop,False,False,21,2
2023-08-18 11:07:00,2023-08-18 11:09:00,ou_rev,short,17046.5,17060.5,17007.75,17029.0625,56.0,1.2455357142857142,1743.75,trail,True,True,50,2
2023-08-18 11:17:00,2023-08-18 11:19:00,ou_rev,short,17055.0,17062.75,17010.25,17047.0625,31.0,1.0241935483870968,793.75,trail,True,True,50,2
2023-08-18 12:10:00,2023-08-18 12:11:00,ema_rev,short,17093.0,17098.5,17077.0,17098.5625,22.0,-1.0113636363636365,-400.5,stop,False,False,36,1
2023-08-18 12:24:00,2023-08-18 12:30:00,kalman_mom,short,17061.5,17072.5,17034.0,17061.5625,44.0,-0.0056818181818181,-2.25,trail,True,True,18,6
2023-08-18 14:12:00,2023-08-18 14:14:00,pm_mom,short,17068.25,17078.0,17048.75,17078.0625,39.0,-1.0064102564102564,-392.5,trail,False,True,20,2
2023-08-21 10:01:00,2023-08-21 10:04:00,or_rev,short,17258.25,17267.25,17194.5,17258.3125,36.0,-0.0069444444444444,-2.75,trail,True,True,22,3
2023-08-21 10:19:00,2023-08-21 10:21:00,kalman_mom,short,17236.0,17240.25,17225.5,17222.5625,17.0,3.161764705882353,1263.12,trail,True,True,47,2
2023-08-22 10:28:00,2023-08-22 10:32:00,pd_rev,short,17358.75,17371.75,17332.75,17335.5625,52.0,1.7836538461538465,1576.75,trail,False,True,34,4
2023-08-22 11:20:00,2023-08-22 11:21:00,kalman_mom,short,17371.25,17379.5,17350.5,17379.5625,33.0,-1.0075757575757576,-399.0,stop,False,False,24,1
2023-08-22 13:40:00,2023-08-22 13:42:00,pm_mom,short,17298.0,17305.5,17283.0,17298.0625,30.0,-0.0083333333333333,-3.25,trail,True,True,26,2
2023-08-23 10:01:00,2023-08-23 10:03:00,pd_rev,short,17440.25,17450.75,17394.25,17430.5625,42.0,0.9226190476190476,813.75,trail,True,True,42,2
2023-08-23 14:07:00,2023-08-23 14:09:00,pm_mom,short,17576.5,17580.5,17568.5,17570.0625,16.0,1.609375,643.75,trail,True,True,50,2
2023-08-24 10:12:00,2023-08-24 10:14:00,or_rev,long,17502.75,17489.75,17625.0,17502.6875,52.0,-0.0048076923076923,-1.87,trail,True,True,15,2
2023-08-24 10:27:00,2023-08-24 10:29:00,ema_rev,long,17447.75,17440.0,17484.5,17447.6875,31.0,-0.0080645161290322,-3.12,trail,True,True,25,2
2023-08-24 11:32:00,2023-08-24 11:33:00,pd_rev,long,17350.0,17345.0,17489.5,17344.9375,20.0,-1.0125,-506.25,stop,False,False,50,1
2023-08-24 13:42:00,2023-08-24 13:45:00,pm_mom,long,17334.5,17326.0,17351.5,17325.9375,34.0,-1.0073529411764706,-393.88,stop,False,False,23,3
2023-08-24 14:25:00,2023-08-24 14:26:00,ou_rev,long,17331.0,17325.0,17432.5,17324.9375,24.0,-1.0104166666666667,-606.25,stop,False,False,50,1
2023-08-25 10:18:00,2023-08-25 10:20:00,ou_rev,short,17372.5,17397.5,17291.75,17301.3125,100.0,2.8475,7118.75,trail,True,True,50,2
2023-08-28 10:15:00,2023-08-28 10:16:00,pd_rev,short,17393.75,17406.25,17368.75,17406.3125,50.0,-1.005,-904.5,stop,False,False,36,1
2023-08-28 12:55:00,2023-08-28 12:56:00,ema_rev,short,17403.0,17406.75,17386.0,17406.8125,15.0,-1.0166666666666666,-381.25,stop,False,False,50,1
2023-08-28 13:42:00,2023-08-28 13:43:00,kalman_mom,short,17416.5,17419.75,17408.5,17419.8125,13.0,-1.0192307692307692,-331.25,stop,False,False,50,1
2023-08-29 10:00:00,2023-08-29 10:01:00,or_rev,short,17504.75,17509.75,17446.25,17509.8125,20.0,-1.0125,-405.0,stop,False,False,40,1
2023-08-29 12:02:00,2023-08-29 12:07:00,kalman_mom,short,17712.0,17720.75,17690.0,17702.8125,35.0,1.05,404.25,trail,True,True,22,5
2023-08-29 13:55:00,2023-08-29 13:56:00,pm_mom,short,17724.0,17729.25,17713.5,17713.5,21.0,2.0,798.0,target,False,False,38,1
2023-08-30 10:42:00,2023-08-30 10:43:00,kalman_mom,long,17784.75,17781.75,17792.25,17792.25,12.0,2.5,750.0,target,False,False,50,1
2023-08-31 13:30:00,2023-08-31 13:32:00,pm_mom,long,17917.5,17910.0,17932.5,17917.4375,30.0,-0.0083333333333333,-3.25,trail,True,True,26,2
2023-08-31 14:14:00,2023-08-31 14:17:00,trend,long,17928.75,17923.75,17938.75,17938.1875,20.0,1.8875,755.0,trail,True,True,40,3
2023-08-31 14:21:00,2023-08-31 14:22:00,trend,long,17933.75,17928.75,17943.75,17928.6875,20.0,-1.0125,-405.0,stop,False,False,40,1
2023-09-01 10:15:00,2023-09-01 10:16:00,kalman_mom,long,17927.0,17922.5,17938.25,17938.25,18.0,2.5,990.0,target,False,False,44,1
2023-09-04 10:22:00,2023-09-04 10:24:00,or_rev,long,17902.0,17897.25,17913.0,17905.4375,19.0,0.7236842105263158,288.75,trail,True,True,42,2
2023-09-04 10:34:00,2023-09-04 10:36:00,vwap_rev,long,17890.0,17886.25,17911.0,17886.1875,15.0,-1.0166666666666666,-381.25,stop,False,False,50,2
2023-09-04 10:39:00,2023-09-04 10:45:00,vwap_rev,long,17887.25,17883.75,17909.5,17890.4375,14.0,0.9107142857142856,318.75,trail,False,True,50,6
2023-09-05 11:41:00,2023-09-05 11:42:00,pd_rev,long,17862.5,17855.25,17877.0,17855.1875,29.0,-1.0086206896551724,-731.25,stop,False,False,50,1
2023-09-05 11:47:00,2023-09-05 11:48:00,trend,short,17856.5,17866.75,17836.0,17866.8125,41.0,-1.0060975609756098,-391.88,stop,False,False,19,1
2023-09-05 12:05:00,2023-09-05 12:07:00,kalman_mom,long,17870.5,17866.75,17880.0,17870.4375,15.0,-0.0166666666666666,-6.25,trail,True,True,50,2
2023-09-05 13:30:00,2023-09-05 13:32:00,trend,short,17877.5,17884.5,17863.5,17877.5625,28.0,-0.0089285714285714,-3.5,trail,True,True,28,2
2023-09-05 13:38:00,2023-09-05 13:40:00,pm_mom,long,17886.5,17881.75,17896.0,17891.1875,19.0,0.986842105263158,393.75,trail,True,True,42,2
2023-09-06 10:04:00,2023-09-06 10:05:00,or_rev,long,17779.0,17765.0,17830.5,17764.9375,56.0,-1.0044642857142858,-393.75,stop,False,False,14,1
2023-09-06 10:25:00,2023-09-06 10:30:00,trend,short,17752.75,17769.25,17719.75,17734.5625,66.0,1.1022727272727273,436.5,trail,True,True,12,5
2023-09-06 10:30:00,2023-09-06 10:36:00,trend,short,17734.75,17758.25,17687.75,17758.3125,94.0,-1.002659574468085,-377.0,stop,False,False,8,6
2023-09-06 10:41:00,2023-09-06 10:43:00,kalman_mom,long,17759.5,17752.0,17778.25,17759.4375,30.0,-0.0083333333333333,-3.25,trail,True,True,26,2
2023-09-06 12:32:00,2023-09-06 12:33:00,ema_rev,long,17683.0,17676.5,17703.5,17676.4375,26.0,-1.0096153846153846,-393.75,stop,False,False,30,1
2023-09-06 13:31:00,2023-09-06 13:34:00,pm_mom,long,17702.5,17694.75,17718.0,17694.6875,31.0,-1.0080645161290325,-390.63,stop,False,False,25,3
2023-09-06 14:08:00,2023-09-06 14:10:00,ou_rev,long,17701.5,17697.5,17747.0,17717.4375,16.0,3.984375,1593.75,trail,True,True,50,2
2023-09-07 11:39:00,2023-09-07 11:40:00,kalman_mom,long,17605.25,17599.75,17619.0,17599.6875,22.0,-1.0113636363636365,-400.5,stop,False,False,36,1
2023-09-07 11:52:00,2023-09-07 11:56:00,trend,short,17563.75,17577.0,17537.25,17550.5625,53.0,0.9952830188679244,395.62,trail,True,True,15,4
2023-09-07 12:00:00,2023-09-07 12:02:00,ema_rev,long,17553.0,17545.25,17567.25,17570.1875,31.0,2.217741935483871,859.38,trail,True,True,25,2
2023-09-08 10:08:00,2023-09-08 10:10:00,or_rev,short,17721.0,17731.25,17662.0,17685.3125,41.0,3.481707317073171,1356.12,trail,True,True,19,2
2023-09-11 09:46:00,2023-09-11 09:50:00,sweep,short,17723.25,17740.5,17663.5,17723.3125,69.0,-0.0036231884057971,-1.37,trail,True,True,11,4
2023-09-11 10:09:00,2023-09-11 10:12:00,or_rev,long,17718.75,17708.25,17761.5,17731.1875,42.0,1.1845238095238095,472.62,trail,True,True,19,3
2023-09-11 10:33:00,2023-09-11 10:35:00,ou_rev,long,17700.25,17690.75,17735.0,17708.1875,38.0,0.8355263157894737,793.75,trail,True,True,50,2
2023-09-12 10:29:00,2023-09-12 10:31:00,vwap_rev,long,17737.0,17730.75,17775.75,17730.6875,25.0,-1.01,-404.0,stop,False,False,32,2
2023-09-12 10:35:00,2023-09-12 10:37:00,trend,short,17740.75,17748.0,17717.25,17732.3125,29.0,1.1637931034482758,455.62,trail,True,True,27,2
2023-09-12 10:42:00,2023-09-12 10:45:00,trend,short,17723.5,17733.5,17703.5,17723.5625,40.0,-0.00625,-2.5,trail,True,True,20,3
2023-09-12 11:34:00,2023-09-12 11:37:00,kalman_mom,long,17707.5,17702.5,17720.0,17707.4375,20.0,-0.0125,-5.0,trail,True,True,40,3
2023-09-12 13:31:00,2023-09-12 13:37:00,pm_mom,long,17758.75,17751.5,17773.25,17751.4375,29.0,-1.0086206896551724,-394.88,stop,False,False,27,6
2023-09-12 13:58:00,2023-09-12 14:00:00,pd_rev,long,17689.25,17680.5,17737.25,17698.4375,35.0,1.05,918.75,trail,True,True,50,2
2023-09-13 10:08:00,2023-09-13 10:10:00,ou_rev,long,17632.5,17624.5,17682.25,17647.1875,32.0,1.8359375,1468.75,trail,True,True,50,2
2023-09-13 10:42:00,2023-09-13 10:43:00,ema_rev,short,17713.0,17722.5,17684.25,17722.5625,38.0,-1.006578947368421,-401.62,stop,False,False,21,1
2023-09-14 10:03:00,2023-09-14 10:05:00,or_rev,long,17720.0,17707.75,17761.5,17707.6875,49.0,-1.0051020408163265,-394.0,stop,False,False,16,2
2023-09-14 10:21:00,2023-09-14 10:23:00,ou_rev,long,17694.25,17681.5,17733.5,17719.4375,51.0,1.9754901960784317,2518.75,trail,True,True,50,2
2023-09-14 10:48:00,2023-09-14 10:49:00,kalman_mom,long,17807.75,17802.25,17821.5,17802.1875,22.0,-1.0113636363636365,-400.5,stop,False,False,36,1
2023-09-14 11:01:00,2023-09-14 11:03:00,trend,long,17810.5,17802.5,17826.5,17822.6875,32.0,1.5234375,609.38,trail,True,True,25,2
2023-09-14 11:08:00,2023-09-14 11:11:00,trend,long,17832.75,17818.5,17861.25,17842.4375,57.0,0.6798245614035088,271.25,trail,False,True,14,3
2023-09-15 10:03:00,2023-09-15 10:05:00,or_rev,long,17661.0,17649.25,17725.75,17660.9375,47.0,-0.0053191489361702,-2.12,trail,True,True,17,2
2023-09-15 10:14:00,2023-09-15 10:16:00,ou_rev,long,17640.25,17629.0,17692.75,17628.9375,45.0,-1.0055555555555555,-1131.25,stop,False,False,50,2
2023-09-15 10:21:00,2023-09-15 10:23:00,ou_rev,long,17647.25,17641.25,17687.5,17661.4375,24.0,2.364583333333333,1418.75,trail,True,True,50,2
2023-09-15 13:24:00,2023-09-15 13:26:00,ema_rev,long,17539.0,17533.0,17563.75,17532.9375,24.0,-1.0104166666666667,-400.12,stop,False,False,33,2
2023-09-15 13:47:00,2023-09-15 13:49:00,kalman_mom,long,17547.25,17544.25,17554.75,17547.1875,12.0,-0.0208333333333333,-6.25,trail,True,True,50,2
2023-09-18 11:34:00,2023-09-18 11:36:00,or_rev,short,17587.5,17595.5,17540.0,17582.8125,32.0,0.5859375,234.38,trail,False,True,25,2
2023-09-18 11:57:00,2023-09-18 11:59:00,vwap_rev,short,17597.5,17604.0,17556.25,17593.3125,26.0,0.6442307692307693,251.25,trail,False,True,30,2
2023-09-18 12:02:00,2023-09-18 12:05:00,vwap_rev,short,17598.25,17603.25,17556.75,17598.3125,20.0,-0.0125,-5.0,trail,True,True,40,3
2023-09-18 13:43:00,2023-09-18 13:46:00,pm_mom,short,17592.25,17597.25,17582.25,17592.3125,20.0,-0.0125,-5.0,trail,True,True,40,3
2023-09-18 14:11:00,2023-09-18 14:16:00,ou_rev,short,17588.5,17596.25,17565.5,17596.3125,31.0,-1.0080645161290325,-781.25,stop,False,False,50,5
2023-09-18 14:17:00,2023-09-18 14:22:00,ou_rev,short,17593.25,17602.0,17565.75,17593.3125,35.0,-0.0071428571428571,-6.25,trail,True,True,50,5
2023-09-19 11:51:00,2023-09-19 11:53:00,kalman_mom,short,17425.0,17430.5,17411.25,17425.0625,22.0,-0.0113636363636363,-4.5,trail,True,True,36,2
2023-09-19 13:12:00,2023-09-19 13:14:00,ema_rev,short,17472.5,17479.5,17459.25,17468.8125,28.0,0.5267857142857143,206.5,trail,False,True,28,2
2023-09-19 14:15:00,2023-09-19 14:17:00,pm_mom,short,17518.0,17524.25,17505.5,17518.0625,25.0,-0.01,-4.0,trail,True,True,32,2
2023-09-20 10:05:00,2023-09-20 10:07:00,sweep,short,17548.0,17562.5,17473.75,17548.0625,58.0,-0.0043103448275862,-1.62,trail,True,True,13,2
2023-09-20 10:12:00,2023-09-20 10:14:00,sweep,short,17548.25,17560.5,17474.0,17528.8125,49.0,1.586734693877551,622.0,trail,True,True,16,2
2023-09-20 13:16:00,2023-09-20 13:18:00,kalman_mom,short,17517.25,17521.0,17508.0,17517.3125,15.0,-0.0166666666666666,-6.25,trail,True,True,50,2
2023-09-20 13:30:00,2023-09-20 13:32:00,pm_mom,short,17519.0,17523.25,17510.5,17515.8125,17.0,0.75,299.62,trail,True,True,47,2
2023-09-21 13:53:00,2023-09-21 13:58:00,pm_mom,short,17131.5,17141.5,17111.5,17131.5625,40.0,-0.00625,-2.5,trail,True,True,20,5
2023-09-22 10:08:00,2023-09-22 10:10:00,vwap_rev,short,17107.25,17115.5,17076.5,17089.5625,33.0,2.143939393939394,849.0,trail,True,True,24,2
2023-09-25 11:14:00,2023-09-25 11:16:00,or_rev,short,17027.25,17036.75,16976.0,17036.8125,38.0,-1.006578947368421,-401.62,stop,False,False,21,2
2023-09-25 11:28:00,2023-09-25 11:30:00,vwap_rev,short,17060.25,17067.5,17004.25,17045.5625,29.0,2.0258620689655173,793.12,trail,True,True,27,2
2023-09-25 12:00:00,2023-09-25 12:01:00,kalman_mom,short,17051.0,17054.25,17043.0,17054.3125,13.0,-1.0192307692307692,-331.25,stop,False,False,50,1
2023-09-25 13:32:00,2023-09-25 13:34:00,pm_mom,short,17032.0,17037.0,17022.0,17032.0625,20.0,-0.0125,-5.0,trail,True,True,40,2
2023-09-26 13:30:00,2023-09-26 13:32:00,pm_mom,short,16890.75,16898.0,16876.25,16898.0625,29.0,-1.0086206896551724,-394.88,trail,False,True,27,2
2023-09-27 10:17:00,2023-09-27 10:20:00,kalman_mom,short,16862.5,16871.5,16840.0,16871.5625,36.0,-1.0069444444444444,-398.75,stop,False,False,22,3
2023-09-27 11:48:00,2023-09-27 12:03:00,trend,short,16828.0,16846.25,16791.5,16811.5625,73.0,0.9006849315068494,328.75,trail,False,True,10,15
2023-09-27 13:43:00,2023-09-27 13:44:00,pm_mom,short,16740.0,16746.75,16726.5,16746.8125,27.0,-1.0092592592592593,-395.12,stop,False,False,29,1
2023-09-28 10:04:00,2023-09-28 10:05:00,vwap_rev,short,16917.0,16922.0,16853.25,16922.0625,20.0,-1.0125,-405.0,stop,False,False,40,1
2023-09-28 11:29:00,2023-09-28 11:30:00,pd_rev,short,16970.0,16975.0,16886.0,16975.0625,20.0,-1.0125,-506.25,stop,False,False,50,1
2023-09-28 11:46:00,2023-09-28 11:47:00,ema_rev,short,17028.0,17034.25,17002.25,17034.3125,25.0,-1.01,-404.0,stop,False,False,32,1
2023-09-28 12:50:00,2023-09-28 12:51:00,kalman_mom,short,17053.75,17064.25,17027.5,17064.3125,42.0,-1.005952380952381,-401.38,stop,False,False,19,1
2023-09-28 13:32:00,2023-09-28 13:34:00,pm_mom,short,17014.25,17022.75,16997.25,17003.0625,34.0,1.3161764705882353,514.62,trail,True,True,23,2
2023-09-28 13:38:00,2023-09-28 13:40:00,trend,short,17009.5,17015.5,16997.5,17004.3125,24.0,0.8645833333333334,342.38,trail,True,True,33,2
2023-09-29 10:04:00,2023-09-29 10:07:00,ou_rev,short,17200.25,17212.25,17162.0,17177.5625,48.0,1.890625,2268.75,trail,True,True,50,3
2023-09-29 12:09:00,2023-09-29 12:11:00,pd_rev,short,17097.5,17103.0,17086.5,17086.5625,22.0,1.9886363636363635,1093.75,trail,True,True,50,2
2023-10-02 10:05:00,2023-10-02 10:07:00,or_rev,short,17133.5,17143.75,17053.0,17116.8125,41.0,1.6280487804878048,634.12,trail,True,True,19,2
2023-10-02 11:17:00,2023-10-02 11:19:00,ou_rev,short,17154.0,17158.75,17092.0,17136.3125,19.0,3.723684210526316,1768.75,trail,True,True,50,2
2023-10-03 09:53:00,2023-10-03 09:55:00,ema_rev,short,17098.75,17108.5,17065.25,17098.8125,39.0,-0.0064102564102564,-2.5,trail,True,True,20,2
2023-10-03 10:00:00,2023-10-03 10:01:00,or_rev,short,17101.0,17109.5,17050.0,17050.0,34.0,6.0,2346.0,target,False,False,23,1
2023-10-04 11:28:00,2023-10-04 11:30:00,or_rev,short,16987.0,16996.5,16942.75,16987.0625,38.0,-0.006578947368421,-2.62,trail,True,True,21,2
2023-10-04 11:39:00,2023-10-04 11:42:00,vwap_rev,short,17004.25,17012.5,16947.0,16980.0625,33.0,2.9318181818181817,1161.0,trail,True,True,24,3
2023-10-05 10:19:00,2023-10-05 10:20:00,kalman_mom,short,16940.25,16947.25,16922.75,16947.3125,28.0,-1.0089285714285714,-395.5,stop,False,False,28,1
2023-10-05 10:47:00,2023-10-05 10:49:00,trend,short,16886.75,16896.0,16868.25,16877.8125,37.0,0.9662162162162162,375.38,trail,False,True,21,2
2023-10-05 14:05:00,2023-10-05 14:07:00,ema_rev,short,17025.25,17031.5,17007.75,17014.3125,25.0,1.75,700.0,trail,True,True,32,2
2023-10-05 14:25:00,2023-10-05 14:26:00,pm_mom,short,17012.25,17015.75,17005.25,17005.25,14.0,2.0,700.0,target,False,False,50,1
2023-10-06 10:28:00,2023-10-06 10:30:00,vwap_rev,short,16984.25,16993.0,16913.25,16984.3125,35.0,-0.0071428571428571,-2.75,trail,True,True,22,2
2023-10-06 10:35:00,2023-10-06 10:38:00,ema_rev,short,17023.0,17037.0,16976.25,17012.3125,56.0,0.7633928571428571,299.25,trail,False,True,14,3
2023-10-06 12:26:00,2023-10-06 12:27:00,kalman_mom,short,17173.5,17180.0,17157.25,17180.0625,26.0,-1.0096153846153846,-393.75,stop,False,False,30,1
2023-10-06 13:44:00,2023-10-06 13:45:00,pm_mom,short,17234.25,17239.0,17224.75,17224.75,19.0,2.0,798.0,target,False,False,42,1
2023-10-09 09:51:00,2023-10-09 09:55:00,ou_rev,short,17200.75,17214.0,17151.25,17200.8125,53.0,-0.0047169811320754,-6.25,trail,True,True,50,4
2023-10-09 10:17:00,2023-10-09 10:19:00,or_rev,short,17186.25,17195.25,17140.5,17195.3125,36.0,-1.0069444444444444,-398.75,trail,False,True,22,2
2023-10-09 11:12:00,2023-10-09 11:14:00,ema_rev,long,17122.75,17115.5,17140.25,17143.4375,29.0,2.853448275862069,1117.12,trail,True,True,27,2
2023-10-09 11:34:00,2023-10-09 11:39:00,kalman_mom,long,17190.5,17182.75,17210.0,17190.4375,31.0,-0.0080645161290322,-3.12,trail,True,True,25,5
2023-10-09 12:23:00,2023-10-09 12:26:00,vwap_rev,short,17240.0,17247.0,17169.0,17224.0625,28.0,2.2767857142857144,892.5,trail,True,True,28,3
2023-10-10 09:53:00,2023-10-10 09:55:00,pd_rev,short,17363.0,17375.0,17339.0,17375.0625,48.0,-1.0052083333333333,-892.62,stop,False,False,37,2
2023-10-10 10:23:00,2023-10-10 10:24:00,ou_rev,short,17417.75,17425.0,17379.25,17425.0625,29.0,-1.0086206896551724,-731.25,stop,False,False,50,1
2023-10-10 13:14:00,2023-10-10 13:16:00,kalman_mom,short,17421.5,17429.25,17402.0,17406.3125,31.0,1.9596774193548387,759.38,trail,True,True,25,2
2023-10-10 13:35:00,2023-10-10 13:36:00,pm_mom,short,17430.75,17437.25,17417.75,17437.3125,26.0,-1.0096153846153846,-393.75,stop,False,False,30,1
2023-10-11 10:02:00,2023-10-11 10:04:00,or_rev,long,17469.5,17458.5,17506.0,17458.4375,44.0,-1.005681818181818,-398.25,stop,False,False,18,2
2023-10-11 10:47:00,2023-10-11 10:48:00,ou_rev,long,17467.0,17461.25,17489.0,17461.1875,23.0,-1.0108695652173914,-581.25,stop,False,False,50,1
2023-10-11 11:33:00,2023-10-11 11:39:00,trend,short,17469.25,17476.75,17454.25,17458.3125,30.0,1.4583333333333333,568.75,trail,True,True,26,6
2023-10-11 12:17:00,2023-10-11 12:18:00,vwap_rev,long,17440.5,17435.75,17486.5,17435.6875,19.0,-1.013157894736842,-404.25,stop,False,False,42,1
2023-10-11 12:40:00,2023-10-11 12:41:00,kalman_mom,long,17456.75,17453.5,17465.0,17453.4375,13.0,-1.0192307692307692,-331.25,stop,False,False,50,1
2023-10-11 13:53:00,2023-10-11 13:58:00,pm_mom,long,17426.25,17418.0,17442.75,17436.6875,33.0,1.2651515151515151,501.0,trail,True,True,24,5
2023-10-12 13:05:00,2023-10-12 13:06:00,ema_rev,long,17540.75,17531.0,17578.0,17530.9375,39.0,-1.0064102564102564,-392.5,stop,False,False,20,1
2023-10-12 13:19:00,2023-10-12 13:21:00,vwap_rev,long,17473.5,17462.0,17564.5,17485.9375,46.0,1.0815217391304348,422.88,trail,True,True,17,2
2023-10-12 13:30:00,2023-10-12 13:32:00,trend,short,17461.0,17469.0,17445.0,17461.0625,32.0,-0.0078125,-3.12,trail,True,True,25,2
2023-10-12 13:35:00,2023-10-12 13:42:00,trend,short,17455.5,17474.25,17418.0,17442.0625,75.0,0.7166666666666667,268.75,trail,False,True,10,7
2023-10-12 14:23:00,2023-10-12 14:25:00,pm_mom,long,17404.0,17395.0,17422.0,17414.4375,36.0,1.1597222222222223,459.25,trail,False,True,22,2
2023-10-13 10:13:00,2023-10-13 10:14:00,or_rev,long,17450.5,17440.75,17485.5,17440.6875,39.0,-1.0064102564102564,-392.5,stop,False,False,20,1
2023-10-13 10:30:00,2023-10-13 10:31:00,ou_rev,long,17428.75,17424.0,17469.5,17423.9375,19.0,-1.013157894736842,-481.25,stop,False,False,50,1
2023-10-13 10:41:00,2023-10-13 10:46:00,ou_rev,long,17424.25,17410.75,17464.5,17424.1875,54.0,-0.0046296296296296,-6.25,trail,True,True,50,5
2023-10-13 10:50:00,2023-10-13 10:51:00,vwap_rev,long,17405.0,17399.75,17461.25,17399.6875,21.0,-1.011904761904762,-403.75,stop,False,False,38,1
2023-10-13 12:30:00,2023-10-13 12:31:00,kalman_mom,long,17333.5,17330.5,17341.0,17330.4375,12.0,-1.0208333333333333,-306.25,stop,False,False,50,1
2023-10-13 13:44:00,2023-10-13 13:45:00,pm_mom,long,17269.5,17261.25,17285.75,17261.1875,32.52557541351416,-1.0075757575757576,-393.26,stop,False,False,24,1
2023-10-16 10:26:00,2023-10-16 10:27:00,ou_rev,short,17432.5,17436.0,17378.0,17436.0625,14.0,-1.0178571428571428,-356.25,stop,False,False,50,1
2023-10-16 12:07:00,2023-10-16 12:08:00,kalman_mom,short,17421.0,17425.25,17410.5,17425.3125,17.0,-1.0147058823529411,-405.38,stop,False,False,47,1
2023-10-16 14:23:00,2023-10-16 14:25:00,pm_mom,short,17454.75,17463.25,17437.75,17454.8125,34.0,-0.0073529411764705,-2.87,trail,True,True,23,2
2023-10-17 09:55:00,2023-10-17 09:59:00,ema_rev,long,17212.25,17200.75,17242.75,17235.4375,46.0,2.016304347826087,788.38,trail,True,True,17,4
2023-10-18 10:39:00,2023-10-18 10:41:00,or_rev,long,17264.5,17255.0,17312.75,17264.4375,38.0,-0.006578947368421,-2.62,trail,True,True,21,2
2023-10-18 10:56:00,2023-10-18 10:57:00,vwap_rev,long,17249.0,17245.0,17304.0,17244.9375,16.0,-1.015625,-406.25,stop,False,False,50,1
2023-10-18 12:41:00,2023-10-18 12:43:00,ema_rev,long,17249.75,17243.75,17265.0,17262.6875,24.0,2.15625,853.88,trail,True,True,33,2
2023-10-18 12:57:00,2023-10-18 12:59:00,vwap_rev,long,17238.25,17230.75,17292.75,17243.4375,30.0,0.6916666666666667,269.75,trail,False,True,26,2
2023-10-18 13:46:00,2023-10-18 13:50:00,trend,short,17221.0,17237.5,17188.0,17237.5625,66.0,-1.003787878787879,-397.5,stop,False,False,12,4
2023-10-18 13:59:00,2023-10-18 14:01:00,kalman_mom,long,17266.0,17261.25,17278.0,17265.9375,19.0,-0.0131578947368421,-5.25,trail,True,True,42,2
2023-10-19 11:47:00,2023-10-19 11:49:00,ema_rev,short,17199.0,17208.0,17178.0,17208.0625,36.0,-1.0069444444444444,-398.75,stop,False,False,22,2
2023-10-19 12:23:00,2023-10-19 12:24:00,vwap_rev,short,17277.5,17287.25,17199.25,17287.3125,39.0,-1.0064102564102564,-392.5,stop,False,False,20,1
2023-10-19 12:40:00,2023-10-19 12:41:00,kalman_mom,short,17104.25,17108.25,17094.25,17108.3125,16.0,-1.015625,-406.25,stop,False,False,50,1
2023-10-19 13:35:00,2023-10-19 13:37:00,pm_mom,short,17194.25,17202.5,17177.75,17159.0625,33.0,4.265151515151516,1689.0,trail,True,True,24,2
2023-10-19 13:49:00,2023-10-19 13:51:00,trend,short,17135.0,17142.5,17120.0,17135.0625,30.0,-0.0083333333333333,-3.25,trail,True,True,26,2
2023-10-19 13:54:00,2023-10-19 13:56:00,trend,short,17135.5,17148.75,17109.0,17148.8125,53.0,-1.0047169811320755,-399.38,stop,False,False,15,2
2023-10-19 14:01:00,2023-10-19 14:03:00,trend,short,17131.75,17147.25,17100.75,17147.3125,62.0,-1.0040322580645162,-373.5,stop,False,False,12,2
2023-10-20 11:59:00,2023-10-20 12:02:00,ema_rev,short,16878.75,16890.5,16858.0,16865.8125,47.0,1.101063829787234,439.87,trail,False,True,17,3
2023-10-20 13:49:00,2023-10-20 13:51:00,pm_mom,short,16907.0,16915.5,16890.0,16907.0625,34.0,-0.0073529411764705,-2.87,trail,True,True,23,2
2023-10-23 10:07:00,2023-10-23 10:09:00,or_rev,short,16785.5,16799.0,16723.0,16799.0625,54.0,-1.0046296296296295,-379.75,stop,False,False,14,2
2023-10-23 10:21:00,2023-10-23 10:23:00,ema_rev,short,16815.0,16825.25,16794.5,16802.3125,41.0,1.2378048780487805,482.12,trail,True,True,19,2
2023-10-23 13:01:00,2023-10-23 13:03:00,vwap_rev,short,16996.0,17005.25,16827.75,16985.5625,37.0,1.1283783783783785,438.38,trail,True,True,21,2
2023-10-23 13:31:00,2023-10-23 13:32:00,pm_mom,short,16935.75,16945.0,16917.25,16945.0625,37.0,-1.0067567567567568,-391.12,stop,False,False,21,1
2023-10-24 10:31:00,2023-10-24 10:33:00,ou_rev,short,16996.75,17005.5,16956.0,16996.8125,35.0,-0.0071428571428571,-6.25,trail,True,True,50,2
2023-10-24 10:50:00,2023-10-24 10:52:00,ou_rev,short,17022.0,17029.5,16964.0,17008.0625,30.0,1.8583333333333332,1393.75,trail,True,True,50,2
2023-10-24 11:07:00,2023-10-24 11:11:00,pd_rev,short,17003.5,17010.5,16967.75,16979.3125,28.0,3.455357142857143,2418.75,trail,True,True,50,4
2023-10-25 10:15:00,2023-10-25 10:16:00,kalman_mom,short,16766.5,16771.5,16754.0,16771.5625,20.0,-1.0125,-405.0,stop,False,False,40,1
2023-10-25 11:35:00,2023-10-25 11:39:00,trend,short,16774.75,16784.25,16755.75,16774.8125,38.0,-0.006578947368421,-2.62,trail,True,True,21,4
2023-10-25 13:31:00,2023-10-25 13:32:00,pm_mom,short,16652.75,16657.75,16642.75,16657.8125,20.0,-1.0125,-405.0,stop,False,False,40,1
2023-10-26 11:35:00,2023-10-26 11:37:00,kalman_mom,short,16419.25,16427.0,16400.0,16419.3125,31.0,-0.0080645161290322,-3.12,trail,True,True,25,2
2023-10-26 11:42:00,2023-10-26 11:44:00,trend,short,16401.75,16420.25,16364.75,16378.5625,74.0,1.2533783783783785,463.75,trail,True,True,10,2
2023-10-26 14:15:00,2023-10-26 14:17:00,ema_rev,short,16393.25,16403.75,16379.5,16381.8125,42.0,1.0892857142857142,434.62,trail,True,True,19,2
2023-10-27 11:10:00,2023-10-27 11:11:00,vwap_rev,short,16509.5,16516.0,16474.25,16516.0625,26.0,-1.0096153846153846,-393.75,stop,False,False,30,1
2023-10-27 12:54:00,2023-10-27 12:55:00,kalman_mom,short,16459.0,16464.5,16445.25,16464.5625,22.0,-1.0113636363636365,-400.5,stop,False,False,36,1
2023-10-27 13:37:00,2023-10-27 13:39:00,pm_mom,short,16406.25,16416.25,16386.25,16393.3125,40.0,1.29375,517.5,trail,True,True,20,2
2023-10-30 10:10:00,2023-10-30 10:12:00,or_rev,short,16591.0,16601.25,16537.0,16559.3125,41.0,3.091463414634146,1204.12,trail,True,True,19,2
2023-10-31 10:39:00,2023-10-31 10:42:00,kalman_mom,short,16502.25,16514.25,16472.25,16502.3125,48.0,-0.0052083333333333,-2.0,trail,True,True,16,3
2023-10-31 13:32:00,2023-10-31 13:35:00,ou_rev,short,16586.0,16594.75,16540.0,16594.8125,35.0,-1.0071428571428571,-881.25,stop,False,False,50,3
2023-10-31 13:44:00,2023-10-31 13:46:00,ou_rev,short,16620.0,16627.75,16542.25,16606.0625,31.0,1.7983870967741935,1393.75,trail,True,True,50,2
2023-10-31 13:57:00,2023-10-31 13:59:00,pd_rev,short,16626.5,16634.25,16544.5,16626.5625,31.0,-0.0080645161290322,-6.25,trail,True,True,50,2
2023-10-31 14:15:00,2023-10-31 14:17:00,pm_mom,short,16616.5,16621.75,16606.0,16616.5625,21.0,-0.0119047619047619,-4.75,trail,True,True,38,2
2023-11-01 09:50:00,2023-11-01 09:51:00,ema_rev,short,16726.25,16730.5,16702.5,16730.5625,17.0,-1.0147058823529411,-405.38,stop,False,False,47,1
2023-11-01 10:19:00,2023-11-01 10:20:00,or_rev,short,16722.75,16731.5,16693.0,16731.5625,35.0,-1.0071428571428571,-387.75,stop,False,False,22,1
2023-11-01 10:27:00,2023-11-01 10:29:00,vwap_rev,short,16786.25,16790.0,16715.75,16776.0625,15.0,2.716666666666667,1018.75,trail,True,True,50,2
2023-11-01 11:01:00,2023-11-01 11:03:00,kalman_mom,short,16770.25,16777.25,16752.75,16777.3125,28.0,-1.0089285714285714,-395.5,stop,False,False,28,2
2023-11-01 11:22:00,2023-11-01 11:36:00,trend,short,16737.25,16752.0,16707.75,16737.3125,59.0,-0.0042372881355932,-1.62,trail,True,True,13,14
2023-11-01 13:32:00,2023-11-01 13:34:00,pm_mom,short,16745.75,16751.5,16734.25,16732.3125,23.0,2.3369565217391304,913.75,trail,True,True,34,2
2023-11-02 10:54:00,2023-11-02 10:57:00,vwap_rev,short,17113.25,17116.5,17069.5,17113.3125,13.0,-0.0192307692307692,-6.25,trail,True,True,50,3
2023-11-02 11:14:00,2023-11-02 11:16:00,ou_rev,short,17108.25,17114.25,17074.75,17081.8125,24.0,4.40625,2643.75,trail,True,True,50,2
2023-11-03 09:53:00,2023-11-03 09:55:00,ou_rev,short,17278.0,17287.5,17234.25,17266.5625,38.0,1.2039473684210529,1143.75,trail,True,True,50,2
2023-11-03 10:11:00,2023-11-03 10:12:00,or_rev,short,17246.5,17254.75,17214.0,17254.8125,33.0,-1.0075757575757576,-399.0,stop,False,False,24,1
2023-11-03 10:32:00,2023-11-03 10:33:00,kalman_mom,short,17238.5,17242.0,17229.75,17242.0625,14.0,-1.0178571428571428,-356.25,stop,False,False,50,1
2023-11-03 11:54:00,2023-11-03 11:56:00,vwap_rev,short,17302.75,17307.5,17251.0,17288.0625,19.0,3.0921052631578947,1233.75,trail,True,True,42,2
2023-11-06 09:50:00,2023-11-06 09:52:00,ou_rev,long,17360.25,17353.0,17377.5,17372.4375,29.0,1.6810344827586208,1218.75,trail,True,True,50,2
2023-11-06 11:49:00,2023-11-06 11:51:00,or_rev,long,17349.75,17344.5,17379.75,17358.1875,21.0,1.6071428571428572,641.25,trail,True,True,38,2
2023-11-07 10:33:00,2023-11-07 10:39:00,kalman_mom,long,17502.0,17492.75,17525.0,17509.6875,37.0,0.831081081081081,322.87,trail,True,True,21,6
2023-11-07 10:41:00,2023-11-07 10:48:00,trend,long,17513.0,17503.0,17533.0,17521.1875,40.0,0.81875,327.5,trail,False,True,20,7
2023-11-07 13:31:00,2023-11-07 13:34:00,pm_mom,long,17548.25,17541.25,17562.25,17553.4375,28.0,0.7410714285714286,290.5,trail,True,True,28,3
2023-11-08 10:05:00,2023-11-08 10:07:00,vwap_rev,long,17507.75,17499.25,17543.0,17524.1875,34.0,1.9338235294117647,756.12,trail,True,True,23,2
2023-11-08 10:42:00,2023-11-08 10:44:00,ou_rev,long,17497.0,17485.75,17529.0,17508.6875,45.0,1.038888888888889,1168.75,trail,True,True,50,2
2023-11-09 10:09:00,2023-11-09 10:13:00,or_rev,long,17513.5,17503.0,17543.5,17513.4375,42.0,-0.0059523809523809,-2.37,trail,True,True,19,4
2023-11-09 12:52:00,2023-11-09 12:56:00,kalman_mom,long,17563.75,17558.5,17577.0,17563.6875,21.0,-0.0119047619047619,-4.75,trail,True,True,38,4
2023-11-09 13:09:00,2023-11-09 13:11:00,vwap_rev,long,17463.75,17455.5,17540.0,17492.9375,33.0,3.537878787878788,1401.0,trail,True,True,24,2
2023-11-10 11:10:00,2023-11-10 11:12:00,kalman_mom,long,17580.0,17574.75,17593.0,17579.9375,21.0,-0.0119047619047619,-4.75,trail,True,True,38,2
2023-11-10 13:31:00,2023-11-10 13:36:00,pm_mom,long,17694.75,17685.75,17712.75,17704.1875,36.0,1.0486111111111112,415.25,trail,True,True,22,5
2023-11-13 10:02:00,2023-11-13 10:04:00,or_rev,long,17634.75,17629.0,17664.5,17651.9375,23.0,2.989130434782609,1168.75,trail,True,True,34,2
2023-11-14 10:31:00,2023-11-14 10:33:00,kalman_mom,long,18036.75,18030.25,18053.0,18036.6875,26.0,-0.0096153846153846,-3.75,trail,True,True,30,2
2023-11-14 10:38:00,2023-11-14 10:49:00,trend,long,18042.25,18030.5,18065.75,18042.1875,47.0,-0.0053191489361702,-2.12,trail,True,True,17,11
2023-11-14 13:31:00,2023-11-14 13:32:00,pm_mom,long,18032.0,18029.5,18037.0,18037.0,10.0,2.0,500.0,target,False,False,50,1
2023-11-14 14:02:00,2023-11-14 14:04:00,ema_rev,long,17997.0,17991.5,18012.75,17991.4375,22.0,-1.0113636363636365,-400.5,stop,False,False,36,2
2023-11-15 09:57:00,2023-11-15 10:00:00,ou_rev,long,18066.0,18056.5,18093.0,18075.4375,38.0,0.993421052631579,943.75,trail,True,True,50,3
2023-11-15 11:55:00,2023-11-15 11:57:00,vwap_rev,long,18047.0,18043.25,18090.75,18052.9375,15.0,1.5833333333333333,593.75,trail,True,True,50,2
2023-11-16 10:01:00,2023-11-16 10:02:00,trend,long,18043.75,18036.75,18057.75,18036.6875,28.0,-1.0089285714285714,-395.5,stop,False,False,28,1
2023-11-16 10:07:00,2023-11-16 10:08:00,trend,long,18051.75,18034.75,18085.75,18034.6875,68.0,-1.0036764705882353,-375.38,stop,False,False,11,1
2023-11-16 10:54:00,2023-11-16 10:55:00,pd_rev,long,17984.25,17978.5,18012.75,17978.4375,23.0,-1.0108695652173914,-581.25,stop,False,False,50,1
2023-11-16 11:18:00,2023-11-16 11:20:00,ou_rev,long,17971.25,17963.0,18008.25,17971.1875,33.0,-0.0075757575757575,-6.25,trail,True,True,50,2
2023-11-16 11:24:00,2023-11-16 11:25:00,ou_rev,long,17974.75,17970.5,18007.25,17970.4375,17.0,-1.0147058823529411,-431.25,stop,False,False,50,1
2023-11-16 13:31:00,2023-11-16 13:32:00,pm_mom,long,18021.0,18016.5,18030.0,18016.4375,18.0,-1.0138888888888888,-401.5,stop,False,False,44,1
2023-11-17 11:07:00,2023-11-17 11:09:00,ou_rev,long,17980.25,17975.5,18007.5,17980.1875,19.0,-0.0131578947368421,-6.25,trail,True,True,50,2
2023-11-17 13:31:00,2023-11-17 13:36:00,pm_mom,long,18064.5,18056.0,18081.5,18071.4375,34.0,0.8161764705882353,319.12,trail,False,True,23,5
2023-11-20 10:46:00,2023-11-20 10:48:00,kalman_mom,long,18115.5,18109.5,18130.5,18122.4375,24.0,1.15625,457.88,trail,False,True,33,2
2023-11-20 13:34:00,2023-11-20 13:37:00,pm_mom,long,18224.0,18220.5,18231.0,18220.4375,14.0,-1.0178571428571428,-356.25,trail,False,True,50,3
2023-11-21 10:26:00,2023-11-21 10:27:00,ou_rev,long,18100.25,18092.25,18142.75,18092.1875,32.0,-1.0078125,-806.25,stop,False,False,50,1
2023-11-21 11:24:00,2023-11-21 11:26:00,ou_rev,long,18091.5,18086.0,18119.25,18091.4375,22.0,-0.0113636363636363,-6.25,trail,True,True,50,2
2023-11-21 11:56:00,2023-11-21 11:57:00,kalman_mom,long,18112.25,18108.75,18121.0,18108.6875,14.0,-1.0178571428571428,-356.25,stop,False,False,50,1
2023-11-21 13:35:00,2023-11-21 13:36:00,pm_mom,long,18114.5,18109.75,18124.0,18109.6875,19.0,-1.013157894736842,-404.25,stop,False,False,42,1
2023-11-21 13:47:00,2023-11-21 13:48:00,trend,long,18125.0,18119.25,18136.5,18119.1875,23.0,-1.0108695652173914,-395.25,stop,False,False,34,1
2023-11-21 13:54:00,2023-11-21 14:00:00,trend,long,18135.25,18126.5,18152.75,18126.4375,35.0,-1.0071428571428571,-387.75,stop,False,False,22,6
2023-11-22 10:11:00,2023-11-22 10:14:00,or_rev,long,18180.0,18166.75,18269.5,18179.9375,53.0,-0.0047169811320754,-1.87,trail,True,True,15,3
2023-11-22 10:16:00,2023-11-22 10:18:00,trend,short,18184.5,18189.75,18167.25,18165.0625,21.0,3.702380952380953,1477.25,trail,True,True,38,2
2023-11-24 10:18:00,2023-11-24 10:20:00,ou_rev,long,18150.75,18147.0,18173.5,18159.9375,15.0,2.45,918.75,trail,True,True,50,2
2023-11-28 11:45:00,2023-11-28 11:46:00,kalman_mom,long,18219.5,18215.0,18230.75,18214.9375,18.0,-1.0138888888888888,-401.5,stop,False,False,44,1
2023-11-28 13:05:00,2023-11-28 13:08:00,ema_rev,long,18148.25,18134.75,18168.5,18158.9375,54.0,0.7916666666666666,299.25,trail,True,True,14,3
2023-11-28 13:30:00,2023-11-28 13:31:00,pm_mom,long,18153.0,18149.75,18159.5,18149.6875,13.0,-1.0192307692307692,-331.25,stop,False,False,50,1
2023-11-28 14:18:00,2023-11-28 14:20:00,ou_rev,long,18148.0,18144.5,18160.25,18147.9375,14.0,-0.0178571428571428,-6.25,trail,True,True,50,2
2023-11-28 14:25:00,2023-11-28 14:27:00,ou_rev,long,18147.75,18143.25,18160.0,18155.4375,18.0,1.7083333333333333,768.75,trail,True,True,50,2
2023-11-29 10:07:00,2023-11-29 10:08:00,vwap_rev,long,18296.25,18286.25,18333.5,18286.1875,40.0,-1.00625,-402.5,stop,False,False,20,1
2023-11-29 10:12:00,2023-11-29 10:14:00,vwap_rev,long,18267.0,18262.0,18323.75,18266.9375,20.0,-0.0125,-5.0,trail,True,True,40,2
2023-11-29 10:19:00,2023-11-29 10:22:00,trend,short,18257.25,18269.75,18232.25,18257.3125,50.0,-0.005,-2.0,trail,True,True,16,3
2023-11-29 10:25:00,2023-11-29 10:27:00,ema_rev,long,18244.75,18235.5,18269.75,18259.1875,37.0,1.5608108108108107,606.38,trail,True,True,21,2
2023-11-29 10:56:00,2023-11-29 10:58:00,kalman_mom,long,18273.75,18266.75,18291.25,18283.6875,28.0,1.4196428571428572,556.5,trail,True,True,28,2
2023-11-29 13:40:00,2023-11-29 13:45:00,pm_mom,long,18231.0,18224.75,18243.5,18224.6875,25.0,-1.01,-404.0,stop,False,False,32,5
2023-11-30 10:08:00,2023-11-30 10:09:00,or_rev,long,18092.75,18085.75,18156.75,18085.6875,28.0,-1.0089285714285714,-395.5,stop,False,False,28,1
2023-11-30 10:54:00,2023-11-30 10:58:00,trend,short,18039.75,18051.25,18016.75,18051.3125,46.0,-1.0054347826086956,-393.12,stop,False,False,17,4
2023-11-30 11:05:00,2023-11-30 11:07:00,kalman_mom,long,18069.75,18065.0,18081.5,18069.6875,19.0,-0.0131578947368421,-5.25,trail,True,True,42,2
2023-11-30 11:46:00,2023-11-30 11:48:00,trend,short,18034.5,18041.25,18021.0,18023.3125,27.0,1.6574074074074074,648.88,trail,True,True,29,2
2023-11-30 11:58:00,2023-11-30 12:00:00,ema_rev,long,18020.5,18016.25,18035.5,18020.4375,17.0,-0.0147058823529411,-5.87,trail,True,True,47,2
2023-12-01 10:29:00,2023-12-01 10:31:00,ou_rev,long,18032.0,18026.0,18068.0,18025.9375,24.0,-1.0104166666666667,-606.25,stop,False,False,50,2
2023-12-01 13:40:00,2023-12-01 13:41:00,ema_rev,long,18145.75,18142.0,18161.0,18141.9375,15.0,-1.0166666666666666,-381.25,stop,False,False,50,1
2023-12-01 14:15:00,2023-12-01 14:16:00,pm_mom,long,18161.5,18158.0,18168.5,18157.9375,14.0,-1.0178571428571428,-356.25,stop,False,False,50,1
2023-12-04 10:21:00,2023-12-04 10:22:00,vwap_rev,long,17959.0,17954.0,17996.25,17953.9375,20.0,-1.0125,-405.0,stop,False,False,40,1
2023-12-04 10:28:00,2023-12-04 10:29:00,ou_rev,long,17905.0,17901.5,17984.75,17901.4375,14.0,-1.0178571428571428,-356.25,stop,False,False,50,1
2023-12-04 10:36:00,2023-12-04 10:38:00,ema_rev,long,17891.75,17883.25,17920.5,17883.1875,34.0,-1.0073529411764706,-393.88,stop,False,False,23,2
2023-12-04 11:34:00,2023-12-04 11:35:00,kalman_mom,long,17927.0,17923.5,17935.75,17923.4375,14.0,-1.0178571428571428,-356.25,stop,False,False,50,1
2023-12-04 12:59:00,2023-12-04 13:01:00,pd_rev,long,18016.5,18007.25,18035.0,18007.1875,37.0,-1.0067567567567568,-894.0,stop,False,False,48,2
2023-12-04 14:13:00,2023-12-04 14:16:00,pm_mom,long,17975.25,17967.25,17991.25,17982.4375,32.0,0.8984375,359.38,trail,True,True,25,3
2023-12-05 11:32:00,2023-12-05 11:33:00,trend,short,18034.0,18042.25,18009.0,18042.3125,33.0,-1.0075757575757576,-399.0,stop,False,False,24,1
2023-12-05 12:07:00,2023-12-05 12:10:00,kalman_mom,long,18036.25,18028.0,18057.0,18043.9375,33.0,0.9318181818181818,369.0,trail,True,True,24,3
2023-12-05 12:45:00,2023-12-05 12:47:00,ema_rev,long,17993.75,17985.75,18017.75,17985.6875,32.0,-1.0078125,-403.12,trail,False,True,25,2
2023-12-05 13:44:00,2023-12-05 13:46:00,pm_mom,long,18032.0,18025.5,18045.0,18025.4375,26.0,-1.0096153846153846,-393.75,stop,False,False,30,2
2023-12-05 14:08:00,2023-12-05 14:10:00,ou_rev,long,18014.0,18008.5,18031.25,18025.4375,22.0,2.0795454545454546,1143.75,trail,True,True,50,2
2023-12-06 10:03:00,2023-12-06 10:05:00,or_rev,long,18075.25,18068.5,18138.0,18068.4375,27.0,-1.0092592592592593,-395.12,stop,False,False,29,2
2023-12-06 10:15:00,2023-12-06 10:16:00,kalman_mom,long,18109.5,18105.5,18119.5,18119.5,16.0,2.5,1000.0,target,False,False,50,1
2023-12-06 10:27:00,2023-12-06 10:29:00,vwap_rev,long,18035.5,18026.25,18102.5,18052.9375,37.0,1.885135135135135,732.38,trail,True,True,21,2
2023-12-07 11:33:00,2023-12-07 11:35:00,kalman_mom,long,18138.25,18129.25,18160.75,18152.4375,36.0,1.5763888888888888,624.25,trail,True,True,22,2
2023-12-07 11:45:00,2023-12-07 11:48:00,trend,long,18164.0,18155.75,18180.5,18177.6875,33.0,1.6590909090909092,657.0,trail,True,True,24,3
2023-12-08 10:31:00,2023-12-08 10:32:00,kalman_mom,long,18242.75,18237.75,18255.25,18237.6875,20.0,-1.0125,-405.0,stop,False,False,40,1
2023-12-08 13:33:00,2023-12-08 13:36:00,pm_mom,long,18227.0,18222.0,18237.0,18230.6875,20.0,0.7375,295.0,trail,True,True,40,3
2023-12-11 12:36:00,2023-12-11 12:40:00,kalman_mom,long,18341.75,18337.75,18351.75,18349.9375,16.0,2.046875,818.75,trail,True,True,50,4
2023-12-12 13:32:00,2023-12-12 13:33:00,pm_mom,long,18451.25,18444.5,18464.75,18444.4375,27.0,-1.0092592592592593,-395.12,stop,False,False,29,1
2023-12-12 13:46:00,2023-12-12 13:48:00,kalman_mom,long,18457.25,18453.5,18466.5,18462.1875,15.0,1.3166666666666669,493.75,trail,True,True,50,2
2023-12-12 13:58:00,2023-12-12 14:01:00,trend,long,18471.25,18464.75,18484.25,18471.1875,26.0,-0.0096153846153846,-3.75,trail,True,True,30,3
2023-12-13 11:27:00,2023-12-13 11:29:00,vwap_rev,long,18543.5,18540.5,18568.0,18552.4375,12.0,2.9791666666666665,893.75,trail,True,True,50,2
2023-12-14 10:19:00,2023-12-14 10:21:00,vwap_rev,long,18738.25,18726.75,18777.0,18751.1875,46.0,1.125,439.88,trail,True,True,17,2
2023-12-14 10:45:00,2023-12-14 10:48:00,ou_rev,long,18721.75,18712.25,18765.75,18721.6875,38.0,-0.006578947368421,-6.25,trail,True,True,50,3
2023-12-14 11:16:00,2023-12-14 11:18:00,vwap_rev,long,18697.5,18686.5,18758.0,18710.4375,44.0,1.1761363636363635,465.75,trail,True,True,18,2
2023-12-15 12:54:00,2023-12-15 12:56:00,ema_rev,long,18760.75,18757.0,18774.25,18760.6875,15.0,-0.0166666666666666,-6.25,trail,True,True,50,2
2023-12-15 13:30:00,2023-12-15 13:32:00,pm_mom,long,18777.0,18770.75,18789.5,18776.9375,25.0,-0.01,-4.0,trail,True,True,32,2
2023-12-15 13:46:00,2023-12-15 13:47:00,ou_rev,long,18721.75,18716.75,18776.0,18716.6875,20.0,-1.0125,-506.25,stop,False,False,50,1
2023-12-15 14:02:00,2023-12-15 14:04:00,vwap_rev,long,18714.25,18711.0,18772.0,18734.1875,13.0,6.134615384615385,1993.75,trail,True,True,50,2
2023-12-18 11:32:00,2023-12-18 11:34:00,kalman_mom,long,18847.0,18842.0,18859.5,18841.9375,20.0,-1.0125,-405.0,stop,False,False,40,2
2023-12-18 13:32:00,2023-12-18 13:34:00,pm_mom,long,18893.5,18890.75,18899.0,18897.9375,11.0,1.6136363636363635,443.75,trail,True,True,50,2
2023-12-19 12:55:00,2023-12-19 12:57:00,kalman_mom,long,18938.75,18935.5,18947.0,18935.4375,13.0,-1.0192307692307692,-331.25,stop,False,False,50,2
2023-12-19 13:30:00,2023-12-19 13:32:00,pm_mom,long,18931.5,18925.75,18943.0,18931.4375,23.0,-0.0108695652173913,-4.25,trail,True,True,34,2
2023-12-20 10:01:00,2023-12-20 10:06:00,trend,long,18962.25,18949.75,18987.25,18974.9375,50.0,1.015,406.0,trail,False,True,16,5
2023-12-20 12:34:00,2023-12-20 12:36:00,ema_rev,long,18970.25,18963.0,18984.0,18978.1875,29.0,1.0948275862068966,428.62,trail,True,True,27,2
2023-12-21 10:04:00,2023-12-21 10:05:00,or_rev,long,18831.0,18827.75,18871.0,18827.6875,13.0,-1.0192307692307692,-331.25,stop,False,False,50,1
2023-12-21 10:12:00,2023-12-21 10:14:00,trend,short,18797.0,18811.0,18769.0,18811.0625,56.0,-1.0044642857142858,-393.75,stop,False,False,14,2
2023-12-21 10:24:00,2023-12-21 10:25:00,kalman_mom,long,18867.5,18864.5,18875.0,18864.4375,12.0,-1.0208333333333333,-306.25,stop,False,False,50,1
2023-12-21 12:15:00,2023-12-21 12:18:00,vwap_rev,long,18779.5,18772.75,18834.25,18779.4375,27.0,-0.0092592592592592,-3.62,trail,True,True,29,3
2023-12-21 13:30:00,2023-12-21 13:32:00,pm_mom,long,18807.25,18799.25,18823.25,18819.6875,32.0,1.5546875,621.88,trail,True,True,25,2
2023-12-22 11:07:00,2023-12-22 11:08:00,vwap_rev,long,18921.25,18915.25,18956.0,18915.1875,24.0,-1.0104166666666667,-400.12,stop,False,False,33,1
2023-12-22 13:31:00,2023-12-22 13:39:00,pm_mom,long,18960.75,18955.25,18971.75,18955.1875,22.0,-1.0113636363636365,-400.5,stop,False,False,36,8
2023-12-22 14:09:00,2023-12-22 14:10:00,vwap_rev,long,18914.5,18910.5,18947.5,18910.4375,16.0,-1.015625,-406.25,stop,False,False,50,1
2023-12-22 14:28:00,2023-12-22 14:30:00,ema_rev,long,18859.75,18851.25,18888.0,18859.6875,34.0,-0.0073529411764705,-2.87,trail,True,True,23,2
2023-12-26 13:31:00,2023-12-26 13:34:00,pm_mom,long,19002.75,18999.75,19008.75,18999.6875,12.0,-1.0208333333333333,-306.25,stop,False,False,50,3
2023-12-27 10:18:00,2023-12-27 10:21:00,or_rev,long,19012.0,19004.25,19046.5,19011.9375,31.0,-0.0080645161290322,-3.12,trail,True,True,25,3
2023-12-27 11:49:00,2023-12-27 11:50:00,kalman_mom,long,19033.0,19030.0,19040.5,19029.9375,12.0,-1.0208333333333333,-306.25,stop,False,False,50,1
2023-12-27 13:31:00,2023-12-27 13:33:00,pm_mom,long,19057.25,19050.5,19070.75,19050.4375,27.0,-1.0092592592592593,-395.12,stop,False,False,29,2
2023-12-27 14:02:00,2023-12-27 14:03:00,ema_rev,long,19025.5,19014.5,19049.25,19014.4375,44.0,-1.005681818181818,-398.25,stop,False,False,18,1
2023-12-27 14:11:00,2023-12-27 14:19:00,trend,short,19016.75,19023.25,19002.0,19016.8125,26.0,-0.0096153846153846,-3.75,trail,True,True,30,8
2023-12-28 10:11:00,2023-12-28 10:12:00,ou_rev,long,19053.25,19050.0,19069.0,19049.9375,13.0,-1.0192307692307692,-331.25,stop,False,False,50,1
2023-12-28 10:53:00,2023-12-28 10:55:00,kalman_mom,long,19084.5,19080.75,19094.0,19080.6875,15.0,-1.0166666666666666,-381.25,stop,False,False,50,2
2023-12-28 13:31:00,2023-12-28 13:37:00,pm_mom,long,19063.0,19057.5,19074.0,19071.1875,22.0,1.4886363636363635,589.5,trail,True,True,36,6
2023-12-29 10:37:00,2023-12-29 10:39:00,ou_rev,long,19016.5,19008.25,19032.75,19008.1875,33.0,-1.0075757575757576,-831.25,stop,False,False,50,2
2023-12-29 10:45:00,2023-12-29 10:47:00,vwap_rev,long,18977.5,18971.25,19026.0,18977.4375,25.0,-0.01,-4.0,trail,True,True,32,2
2023-12-29 11:49:00,2023-12-29 11:51:00,kalman_mom,long,18912.75,18908.0,18924.5,18921.9375,19.0,1.9342105263157892,771.75,trail,True,True,42,2
2023-12-29 13:33:00,2023-12-29 13:34:00,pm_mom,long,18949.0,18942.25,18962.5,18942.1875,27.0,-1.0092592592592593,-395.12,stop,False,False,29,1
2024-01-02 09:56:00,2024-01-02 09:57:00,ema_rev,long,18677.25,18671.75,18711.5,18671.6875,22.0,-1.0113636363636365,-400.5,stop,False,False,36,1
2024-01-02 10:10:00,2024-01-02 10:14:00,or_rev,long,18701.75,18688.25,18762.0,18712.1875,54.0,0.7731481481481481,292.25,trail,False,True,14,4
2024-01-02 10:19:00,2024-01-02 10:21:00,trend,short,18684.0,18696.0,18660.0,18675.0625,48.0,0.7447916666666666,286.0,trail,True,True,16,2
2024-01-02 10:29:00,2024-01-02 10:32:00,trend,short,18660.5,18682.75,18616.0,18643.8125,89.0,0.75,267.0,trail,True,True,8,3
2024-01-02 11:04:00,2024-01-02 11:05:00,kalman_mom,long,18658.5,18653.25,18671.5,18671.5,21.0,2.4761904761904763,988.0,target,False,False,38,1
2024-01-03 09:52:00,2024-01-03 09:53:00,sweep,long,18578.75,18561.75,18621.25,18561.6875,68.0,-1.0036764705882353,-375.38,stop,False,False,11,1
2024-01-03 10:16:00,2024-01-03 10:18:00,vwap_rev,long,18511.75,18508.0,18556.25,18511.6875,15.0,-0.0166666666666666,-6.25,trail,True,True,50,2
2024-01-03 11:42:00,2024-01-03 11:44:00,ema_rev,long,18505.25,18500.5,18525.0,18514.6875,19.0,1.986842105263158,792.75,trail,True,True,42,2
2024-01-03 12:59:00,2024-01-03 13:01:00,kalman_mom,long,18540.0,18533.25,18557.0,18549.4375,27.0,1.398148148148148,547.37,trail,True,True,29,2
2024-01-04 10:14:00,2024-01-04 10:15:00,vwap_rev,short,18454.75,18462.25,18421.75,18462.3125,30.0,-1.0083333333333333,-393.25,stop,False,False,26,1
2024-01-04 10:46:00,2024-01-04 10:49:00,ou_rev,short,18463.5,18470.25,18430.75,18470.3125,27.0,-1.0092592592592593,-681.25,stop,False,False,50,3
2024-01-04 10:51:00,2024-01-04 10:52:00,ou_rev,short,18475.25,18479.25,18432.25,18479.3125,16.0,-1.015625,-406.25,stop,False,False,50,1
2024-01-04 12:02:00,2024-01-04 12:03:00,kalman_mom,short,18465.75,18469.25,18457.0,18457.0,14.0,2.5,875.0,target,False,False,50,1
2024-01-04 13:31:00,2024-01-04 13:35:00,pm_mom,long,18463.5,18456.5,18477.5,18456.4375,28.0,-1.0089285714285714,-395.5,stop,False,False,28,4
2024-01-05 10:05:00,2024-01-05 10:07:00,ou_rev,short,18481.5,18487.25,18423.0,18481.5625,23.0,-0.0108695652173913,-6.25,trail,True,True,50,2
2024-01-05 10:33:00,2024-01-05 10:35:00,kalman_mom,long,18490.0,18484.75,18503.0,18503.1875,21.0,2.511904761904762,1002.25,trail,True,True,38,2
2024-01-08 10:01:00,2024-01-08 10:04:00,or_rev,short,18564.5,18575.75,18483.0,18564.5625,45.0,-0.0055555555555555,-2.12,trail,True,True,17,3
2024-01-08 10:15:00,2024-01-08 10:16:00,kalman_mom,long,18566.5,18563.5,18574.0,18574.0,12.0,2.5,750.0,target,False,False,50,1
2024-01-09 13:44:00,2024-01-09 13:47:00,trend,short,18752.5,18758.25,18739.75,18752.5625,23.0,-0.0108695652173913,-4.25,trail,True,True,34,3
2024-01-09 13:53:00,2024-01-09 13:57:00,kalman_mom,long,18795.0,18782.5,18826.25,18782.4375,50.0,-1.005,-402.0,stop,False,False,16,4
2024-01-09 14:26:00,2024-01-09 14:29:00,trend,short,18763.5,18771.75,18747.0,18750.0625,33.0,1.628787878787879,645.0,trail,True,True,24,3
2024-01-10 10:04:00,2024-01-10 10:06:00,or_rev,long,18754.25,18745.25,18796.0,18754.1875,36.0,-0.0069444444444444,-2.75,trail,True,True,22,2
2024-01-10 10:22:00,2024-01-10 10:24:00,kalman_mom,long,18788.25,18782.0,18804.0,18781.9375,25.0,-1.01,-404.0,trail,False,True,32,2
2024-01-10 10:29:00,2024-01-10 10:33:00,trend,long,18799.5,18784.75,18829.0,18809.9375,59.0,0.7076271186440678,271.38,trail,True,True,13,4
2024-01-10 10:37:00,2024-01-10 10:38:00,trend,long,18808.25,18799.5,18825.75,18799.4375,35.0,-1.0071428571428571,-387.75,stop,False,False,22,1
2024-01-10 10:42:00,2024-01-10 10:44:00,trend,long,18813.0,18803.0,18833.0,18828.4375,40.0,1.54375,617.5,trail,True,True,20,2
2024-01-10 13:32:00,2024-01-10 13:34:00,pm_mom,long,18854.0,18846.5,18869.0,18860.6875,30.0,0.8916666666666667,347.75,trail,True,True,26,2
2024-01-11 10:02:00,2024-01-11 10:03:00,or_rev,long,18884.0,18870.75,18950.5,18870.6875,53.0,-1.0047169811320755,-399.38,stop,False,False,15,1
2024-01-11 10:34:00,2024-01-11 10:35:00,kalman_mom,long,18831.75,18828.75,18839.25,18828.6875,12.0,-1.0208333333333333,-306.25,stop,False,False,50,1
2024-01-11 10:42:00,2024-01-11 10:43:00,trend,long,18841.25,18827.5,18868.75,18827.4375,55.0,-1.0045454545454546,-386.75,stop,False,False,14,1
2024-01-11 10:59:00,2024-01-11 11:03:00,trend,short,18800.0,18813.0,18774.0,18779.0625,52.0,1.6105769230769231,628.12,trail,True,True,15,4
2024-01-11 11:07:00,2024-01-11 11:09:00,trend,short,18789.75,18800.75,18767.75,18779.5625,44.0,0.9261363636363636,366.75,trail,True,True,18,2
2024-01-11 11:17:00,2024-01-11 11:19:00,ema_rev,long,18727.5,18719.25,18771.75,18719.1875,33.0,-1.0075757575757576,-399.0,stop,False,False,24,2
2024-01-11 11:25:00,2024-01-11 11:31:00,pd_rev,long,18745.5,18732.0,18842.75,18731.9375,54.0,-1.0046296296296295,-895.12,stop,False,False,33,6
2024-01-11 13:31:00,2024-01-11 13:33:00,pm_mom,long,18835.25,18826.75,18852.25,18826.6875,34.0,-1.0073529411764706,-393.88,stop,False,False,23,2
2024-01-12 10:06:00,2024-01-12 10:08:00,or_rev,long,18910.25,18895.5,18943.0,18939.1875,59.0,1.961864406779661,752.38,trail,True,True,13,2
2024-01-12 10:35:00,2024-01-12 10:38:00,kalman_mom,long,18918.75,18908.5,18944.5,18908.4375,41.0,-1.0060975609756098,-391.88,stop,False,False,19,3
2024-01-12 10:55:00,2024-01-12 10:57:00,vwap_rev,long,18861.5,18854.25,18923.75,18880.6875,29.0,2.646551724137931,1036.12,trail,True,True,27,2
2024-01-15 10:06:00,2024-01-15 10:09:00,or_rev,long,18892.25,18888.5,18900.5,18888.4375,15.0,-1.0166666666666666,-381.25,stop,False,False,50,3
2024-01-16 10:17:00,2024-01-16 10:19:00,sweep,long,18888.75,18873.75,18926.25,18909.1875,60.0,1.3625,531.38,trail,True,True,13,2
2024-01-16 10:22:00,2024-01-16 10:24:00,kalman_mom,long,18914.25,18907.75,18930.5,18930.9375,26.0,2.5673076923076925,1001.25,trail,True,True,30,2
2024-01-17 09:53:00,2024-01-17 09:55:00,ema_rev,long,18659.75,18650.75,18689.5,18659.6875,36.0,-0.0069444444444444,-2.75,trail,True,True,22,2
2024-01-17 10:02:00,2024-01-17 10:04:00,or_rev,long,18643.0,18630.0,18733.25,18663.1875,52.0,1.5528846153846154,605.62,trail,True,True,15,2
2024-01-17 10:15:00,2024-01-17 10:17:00,kalman_mom,long,18690.5,18679.25,18718.5,18690.4375,45.0,-0.0055555555555555,-2.12,trail,True,True,17,2
2024-01-17 10:40:00,2024-01-17 10:48:00,trend,long,18715.0,18695.5,18754.0,18727.9375,78.0,0.6634615384615384,258.75,trail,False,True,10,8
2024-01-18 10:05:00,2024-01-18 10:06:00,vwap_rev,long,18933.75,18927.75,18967.25,18927.6875,24.0,-1.0104166666666667,-400.12,stop,False,False,33,1
2024-01-18 12:48:00,2024-01-18 12:51:00,kalman_mom,long,18965.5,18958.75,18982.5,18958.6875,27.0,-1.0092592592592593,-395.12,stop,False,False,29,3
2024-01-18 13:34:00,2024-01-18 13:37:00,pm_mom,long,18923.75,18915.25,18940.75,18933.1875,34.0,1.1102941176470589,434.12,trail,True,True,23,3
2024-01-18 13:43:00,2024-01-18 13:59:00,trend,long,18951.25,18933.75,18986.25,18962.6875,70.0,0.6535714285714286,251.62,trail,False,True,11,16
2024-01-19 10:10:00,2024-01-19 10:12:00,ou_rev,long,19115.5,19109.75,19137.0,19132.6875,23.0,2.989130434782609,1718.75,trail,True,True,50,2
2024-01-22 10:32:00,2024-01-22 10:33:00,ou_rev,long,19417.0,19407.0,19469.5,19406.9375,40.0,-1.00625,-1006.25,stop,False,False,50,1
2024-01-22 10:38:00,2024-01-22 10:41:00,ou_rev,long,19418.0,19405.0,19465.25,19417.9375,52.0,-0.0048076923076923,-6.25,trail,True,True,50,3
2024-01-22 10:50:00,2024-01-22 10:52:00,vwap_rev,long,19390.25,19379.5,19458.75,19408.6875,43.0,1.7151162790697674,663.75,trail,True,True,18,2
2024-01-22 12:31:00,2024-01-22 12:33:00,kalman_mom,long,19437.0,19429.75,19455.0,19429.6875,29.0,-1.0086206896551724,-394.88,stop,False,False,27,2
2024-01-22 13:38:00,2024-01-22 13:40:00,pm_mom,long,19403.0,19398.25,19412.5,19409.6875,19.0,1.4078947368421053,561.75,trail,True,True,42,2
2024-01-23 11:36:00,2024-01-23 11:38:00,pd_rev,long,19378.0,19368.25,19398.5,19387.6875,39.0,0.9935897435897436,891.25,trail,True,True,46,2
2024-01-23 12:54:00,2024-01-23 12:56:00,kalman_mom,long,19416.5,19413.0,19425.25,19426.1875,14.0,2.767857142857143,968.75,trail,True,True,50,2
2024-01-24 11:43:00,2024-01-24 11:44:00,kalman_mom,long,19661.25,19656.75,19672.5,19656.6875,18.0,-1.0138888888888888,-401.5,stop,False,False,44,1
2024-01-24 13:19:00,2024-01-24 13:21:00,ema_rev,long,19668.5,19658.75,19691.0,19679.9375,39.0,1.1730769230769231,457.5,trail,False,True,20,2
2024-01-24 13:44:00,2024-01-24 13:46:00,trend,short,19656.5,19667.25,19635.0,19639.0625,43.0,1.622093023255814,627.75,trail,True,True,18,2
2024-01-24 13:50:00,2024-01-24 13:52:00,trend,short,19646.5,19653.25,19633.0,19646.5625,27.0,-0.0092592592592592,-3.62,trail,True,True,29,2
2024-01-25 10:00:00,2024-01-25 10:02:00,vwap_rev,long,19609.75,19605.75,19631.5,19609.6875,16.0,-0.015625,-6.25,trail,True,True,50,2
2024-01-25 12:37:00,2024-01-25 12:41:00,vwap_rev,long,19592.75,19582.5,19641.25,19606.6875,41.0,1.3597560975609757,529.63,trail,True,True,19,4
2024-01-25 13:44:00,2024-01-25 13:46:00,pm_mom,long,19576.0,19572.25,19583.5,19575.9375,15.0,-0.0166666666666666,-6.25,trail,True,True,50,2
2024-01-25 14:08:00,2024-01-25 14:11:00,trend,short,19500.75,19512.5,19477.25,19500.8125,47.0,-0.0053191489361702,-2.12,trail,True,True,17,3
2024-01-25 14:19:00,2024-01-25 14:20:00,trend,short,19502.75,19507.75,19483.25,19507.8125,20.0,-1.0125,-405.0,stop,False,False,40,1
2024-01-25 14:27:00,2024-01-25 14:28:00,trend,short,19504.5,19509.5,19483.25,19509.5625,20.0,-1.0125,-405.0,stop,False,False,40,1
2024-01-26 09:50:00,2024-01-26 09:52:00,pd_rev,long,19486.5,19479.25,19501.0,19486.4375,29.0,-0.0086206896551724,-6.25,trail,True,True,50,2
2024-01-26 10:00:00,2024-01-26 10:01:00,sweep,long,19490.0,19473.0,19532.5,19472.9375,68.0,-1.0036764705882353,-375.38,stop,False,False,11,1
2024-01-26 10:19:00,2024-01-26 10:21:00,or_rev,long,19467.0,19457.75,19490.5,19482.6875,37.0,1.695945945945946,658.88,trail,True,True,21,2
2024-01-26 10:32:00,2024-01-26 10:34:00,kalman_mom,long,19528.75,19518.75,19553.75,19543.9375,40.0,1.51875,607.5,trail,True,True,20,2
2024-01-29 11:02:00,2024-01-29 11:06:00,ou_rev,long,19470.25,19460.5,19492.25,19479.4375,39.0,0.9423076923076924,918.75,trail,True,True,50,4
2024-01-29 13:30:00,2024-01-29 13:32:00,pm_mom,long,19538.0,19533.0,19548.0,19537.9375,20.0,-0.0125,-5.0,trail,True,True,40,2
2024-01-30 10:05:00,2024-01-30 10:06:00,or_rev,long,19585.0,19573.25,19610.5,19573.1875,47.0,-1.00531914893617,-401.62,stop,False,False,17,1
2024-01-30 10:47:00,2024-01-30 10:50:00,ou_rev,long,19576.5,19565.75,19597.75,19583.1875,43.0,0.622093023255814,668.75,trail,False,True,50,3
2024-01-30 10:56:00,2024-01-30 10:58:00,ou_rev,long,19566.75,19558.5,19595.75,19576.6875,33.0,1.2045454545454546,993.75,trail,True,True,50,2
2024-01-30 12:21:00,2024-01-30 12:22:00,vwap_rev,long,19554.75,19551.5,19590.0,19551.4375,13.0,-1.0192307692307692,-331.25,stop,False,False,50,1
2024-01-30 12:35:00,2024-01-30 12:39:00,ema_rev,long,19515.0,19503.75,19537.75,19522.6875,45.0,0.6833333333333333,261.38,trail,True,True,17,4
2024-01-30 13:20:00,2024-01-30 13:23:00,kalman_mom,long,19526.25,19521.75,19537.5,19526.1875,18.0,-0.0138888888888888,-5.5,trail,True,True,44,3
2024-01-30 13:34:00,2024-01-30 13:36:00,trend,long,19537.5,19532.5,19547.5,19532.4375,20.0,-1.0125,-405.0,stop,False,False,40,2
2024-01-30 13:59:00,2024-01-30 14:01:00,trend,short,19509.5,19514.5,19499.5,19514.5625,20.0,-1.0125,-405.0,stop,False,False,40,2
2024-01-30 14:07:00,2024-01-30 14:13:00,trend,short,19498.25,19509.75,19475.25,19498.3125,46.0,-0.0054347826086956,-2.12,trail,True,True,17,6
2024-01-31 10:13:00,2024-01-31 10:14:00,ou_rev,long,19298.5,19291.5,19322.0,19291.4375,28.0,-1.0089285714285714,-706.25,stop,False,False,50,1
2024-01-31 10:21:00,2024-01-31 10:23:00,ou_rev,long,19291.0,19285.0,19317.5,19290.9375,24.0,-0.0104166666666666,-6.25,trail,True,True,50,2
2024-01-31 10:35:00,2024-01-31 10:37:00,vwap_rev,long,19250.0,19242.0,19308.25,19241.9375,32.0,-1.0078125,-403.12,stop,False,False,25,2
2024-01-31 11:50:00,2024-01-31 11:53:00,kalman_mom,long,19279.0,19271.0,19299.0,19270.9375,32.0,-1.0078125,-403.12,stop,False,False,25,3
2024-01-31 13:46:00,2024-01-31 13:48:00,pm_mom,long,19329.5,19322.5,19343.5,19335.4375,28.0,0.8482142857142857,332.5,trail,False,True,28,2
2024-02-01 10:03:00,2024-02-01 10:05:00,ou_rev,long,19227.25,19220.0,19253.0,19260.1875,29.0,4.543103448275862,3293.75,trail,True,True,50,2
2024-02-02 10:19:00,2024-02-02 10:20:00,kalman_mom,long,19532.0,19525.0,19549.5,19524.9375,28.0,-1.0089285714285714,-395.5,stop,False,False,28,1
2024-02-02 13:41:00,2024-02-02 13:42:00,pm_mom,long,19657.0,19649.0,19673.0,19648.9375,32.0,-1.0078125,-403.12,stop,False,False,25,1
2024-02-05 09:52:00,2024-02-05 09:55:00,ou_rev,long,19630.75,19617.25,19653.0,19630.6875,54.0,-0.0046296296296296,-6.25,trail,True,True,50,3
2024-02-05 10:10:00,2024-02-05 10:12:00,ou_rev,long,19603.25,19597.25,19640.25,19616.1875,24.0,2.15625,1293.75,trail,True,True,50,2
2024-02-06 10:01:00,2024-02-06 10:05:00,trend,short,19588.25,19617.25,19530.25,19588.3125,116.0,-0.0021551724137931,-0.75,trail,True,True,6,4
2024-02-06 10:07:00,2024-02-06 10:10:00,or_rev,long,19576.75,19567.25,19676.25,19576.6875,38.0,-0.006578947368421,-2.62,trail,True,True,21,3
2024-02-06 10:55:00,2024-02-06 10:57:00,ou_rev,long,19574.25,19555.0,19609.75,19587.6875,77.0,0.698051948051948,1343.75,trail,False,True,50,2
2024-02-06 11:01:00,2024-02-06 11:02:00,ou_rev,long,19579.5,19575.25,19608.75,19575.1875,17.0,-1.0147058823529411,-431.25,stop,False,False,50,1
2024-02-06 13:30:00,2024-02-06 13:32:00,pm_mom,long,19550.25,19540.25,19570.25,19556.1875,40.0,0.59375,237.5,trail,False,True,20,2
2024-02-06 13:45:00,2024-02-06 13:47:00,kalman_mom,long,19566.5,19562.25,19577.0,19572.1875,17.0,1.338235294117647,534.62,trail,True,True,47,2
2024-02-07 10:22:00,2024-02-07 10:25:00,kalman_mom,long,19759.25,19751.75,19778.0,19778.9375,30.0,2.625,1023.75,trail,True,True,26,3
2024-02-08 13:30:00,2024-02-08 13:32:00,pm_mom,long,19823.25,19820.5,19828.75,19826.6875,11.0,1.25,343.75,trail,True,True,50,2
2024-02-08 14:10:00,2024-02-08 14:12:00,ema_rev,long,19788.25,19782.25,19803.5,19797.4375,24.0,1.53125,606.38,trail,True,True,33,2
2024-02-09 10:32:00,2024-02-09 10:34:00,kalman_mom,long,19912.25,19903.25,19934.75,19912.1875,36.0,-0.0069444444444444,-2.75,trail,True,True,22,2
2024-02-09 13:30:00,2024-02-09 13:31:00,pm_mom,long,19977.5,19974.75,19983.0,19974.6875,11.0,-1.0227272727272727,-281.25,stop,False,False,50,1
2024-02-12 11:43:00,2024-02-12 11:44:00,kalman_mom,long,20046.75,20043.75,20054.25,20043.6875,12.0,-1.0208333333333333,-306.25,stop,False,False,50,1
2024-02-12 13:43:00,2024-02-12 13:46:00,ema_rev,long,19942.75,19932.5,19978.5,19955.6875,41.0,1.2621951219512195,491.62,trail,False,True,19,3
2024-02-12 13:58:00,2024-02-12 14:00:00,pm_mom,long,19968.0,19961.0,19982.0,19967.9375,28.0,-0.0089285714285714,-3.5,trail,True,True,28,2
2024-02-13 10:02:00,2024-02-13 10:03:00,trend,long,19610.5,19604.0,19625.25,19603.9375,26.0,-1.0096153846153846,-393.75,stop,False,False,30,1
2024-02-13 10:24:00,2024-02-13 10:26:00,kalman_mom,long,19640.5,19630.0,19666.75,19659.1875,42.0,1.7797619047619049,710.12,trail,True,True,19,2
2024-02-13 10:40:00,2024-02-13 10:57:00,trend,long,19719.5,19689.5,19779.5,19689.4375,120.0,-1.0020833333333334,-360.75,stop,False,False,6,17
2024-02-13 11:36:00,2024-02-13 11:37:00,trend,short,19681.0,19686.5,19670.0,19686.5625,22.0,-1.0113636363636365,-400.5,stop,False,False,36,1
2024-02-13 11:48:00,2024-02-13 11:51:00,trend,long,19705.75,19696.75,19723.75,19696.6875,36.0,-1.0069444444444444,-398.75,stop,False,False,22,3
2024-02-13 13:53:00,2024-02-13 13:55:00,ema_rev,long,19596.5,19592.0,19612.0,19596.4375,18.0,-0.0138888888888888,-5.5,trail,True,True,44,2
2024-02-14 10:59:00,2024-02-14 11:00:00,ema_rev,long,19700.25,19696.0,19728.0,19695.9375,17.0,-1.0147058823529411,-405.38,stop,False,False,47,1
2024-02-14 11:06:00,2024-02-14 11:11:00,or_rev,long,19669.5,19659.5,19722.25,19669.4375,40.0,-0.00625,-2.5,trail,True,True,20,5
2024-02-14 11:17:00,2024-02-14 11:20:00,vwap_rev,long,19654.5,19644.75,19722.75,19668.1875,39.0,1.4038461538461535,547.5,trail,True,True,20,3
2024-02-14 11:28:00,2024-02-14 11:31:00,kalman_mom,long,19692.5,19682.5,19717.5,19699.1875,40.0,0.66875,267.5,trail,False,True,20,3
2024-02-14 13:32:00,2024-02-14 13:34:00,pm_mom,long,19707.25,19699.5,19722.75,19717.1875,31.0,1.282258064516129,496.88,trail,True,True,25,2
2024-02-15 10:00:00,2024-02-15 10:02:00,ou_rev,long,19758.0,19752.0,19798.5,19757.9375,24.0,-0.0104166666666666,-6.25,trail,True,True,50,2
2024-02-15 10:05:00,2024-02-15 10:07:00,ou_rev,long,19748.5,19737.75,19792.25,19767.6875,43.0,1.7848837209302326,1918.75,trail,True,True,50,2
2024-02-15 11:11:00,2024-02-15 11:14:00,vwap_rev,long,19733.0,19721.25,19781.25,19751.4375,47.0,1.569148936170213,626.88,trail,True,True,17,3
2024-02-16 10:09:00,2024-02-16 10:12:00,or_rev,long,19703.0,19688.5,19850.5,19720.4375,58.0,1.2025862068965518,453.38,trail,True,True,13,3
2024-02-16 10:41:00,2024-02-16 10:43:00,kalman_mom,long,19753.25,19742.25,19780.75,19742.1875,44.0,-1.005681818181818,-398.25,stop,False,False,18,2
2024-02-16 13:07:00,2024-02-16 13:09:00,ema_rev,long,19760.0,19754.75,19786.0,19767.9375,21.0,1.511904761904762,603.25,trail,True,True,38,2
2024-02-16 13:30:00,2024-02-16 13:32:00,pm_mom,long,19773.5,19768.5,19783.5,19779.6875,20.0,1.2375,495.0,trail,True,True,40,2
2024-02-19 10:22:00,2024-02-19 10:25:00,vwap_rev,long,19722.5,19719.25,19735.75,19722.4375,13.0,-0.0192307692307692,-6.25,trail,True,True,50,3
2024-02-19 10:27:00,2024-02-19 10:29:00,ou_rev,long,19722.25,19717.0,19734.75,19722.1875,21.0,-0.0119047619047619,-6.25,trail,True,True,50,2
2024-02-20 10:04:00,2024-02-20 10:06:00,or_rev,long,19477.75,19468.0,19583.0,19477.6875,39.0,-0.0064102564102564,-2.5,trail,True,True,20,2
2024-02-20 10:44:00,2024-02-20 10:46:00,ou_rev,long,19464.5,19453.75,19514.5,19479.6875,43.0,1.412790697674419,1518.75,trail,True,True,50,2
2024-02-20 11:00:00,2024-02-20 11:01:00,kalman_mom,long,19515.75,19510.0,19530.0,19530.0,23.0,2.4782608695652173,969.0,target,False,False,34,1
2024-02-21 10:06:00,2024-02-21 10:08:00,vwap_rev,short,19458.0,19467.25,19424.5,19444.8125,37.0,1.4256756756756757,553.88,trail,True,True,21,2
2024-02-21 12:12:00,2024-02-21 12:14:00,vwap_rev,long,19393.0,19381.5,19426.25,19381.4375,46.0,-1.0054347826086956,-393.12,stop,False,False,17,2
2024-02-21 12:17:00,2024-02-21 12:20:00,kalman_mom,short,19386.0,19395.5,19362.25,19386.0625,38.0,-0.006578947368421,-2.62,trail,True,True,21,3
2024-02-21 12:32:00,2024-02-21 12:36:00,pd_rev,long,19394.0,19385.5,19423.25,19385.4375,34.0,-1.0073529411764706,-856.25,stop,False,False,50,4
2024-02-21 13:30:00,2024-02-21 13:31:00,pm_mom,short,19397.5,19400.25,19392.0,19400.3125,11.0,-1.0227272727272727,-281.25,stop,False,False,50,1
2024-02-21 14:17:00,2024-02-21 14:19:00,ou_rev,long,19396.5,19384.0,19416.25,19412.1875,50.0,1.255,1568.75,trail,True,True,50,2
2024-02-22 10:01:00,2024-02-22 10:02:00,or_rev,short,19862.25,19872.75,19833.0,19872.8125,42.0,-1.005952380952381,-401.38,stop,False,False,19,1
2024-02-22 10:32:00,2024-02-22 10:34:00,ou_rev,short,19900.0,19906.0,19856.25,19900.0625,24.0,-0.0104166666666666,-6.25,trail,True,True,50,2
2024-02-22 10:38:00,2024-02-22 10:40:00,ou_rev,short,19899.5,19906.0,19858.5,19879.8125,26.0,3.0288461538461537,1968.75,trail,True,True,50,2
2024-02-23 10:05:00,2024-02-23 10:06:00,or_rev,long,20031.0,20021.75,20062.0,20021.6875,37.0,-1.0067567567567568,-391.12,stop,False,False,21,1
2024-02-23 10:32:00,2024-02-23 10:34:00,ou_rev,long,19997.0,19977.75,20037.75,19996.9375,77.0,-0.0032467532467532,-6.25,trail,True,True,50,2
2024-02-23 10:39:00,2024-02-23 10:41:00,ou_rev,long,20002.5,19989.25,20035.25,20012.1875,53.0,0.7311320754716981,968.75,trail,False,True,50,2
2024-02-23 10:48:00,2024-02-23 10:50:00,ou_rev,long,19979.5,19972.75,20029.5,19979.4375,27.0,-0.0092592592592592,-6.25,trail,True,True,50,2
2024-02-23 11:04:00,2024-02-23 11:05:00,vwap_rev,long,19939.75,19935.0,20020.5,19934.9375,19.0,-1.013157894736842,-404.25,stop,False,False,42,1
2024-02-23 12:06:00,2024-02-23 12:08:00,kalman_mom,long,19992.75,19984.25,20014.0,19984.1875,34.0,-1.0073529411764706,-393.88,trail,False,True,23,2
2024-02-23 13:35:00,2024-02-23 13:36:00,pm_mom,long,19999.0,19994.75,20007.5,19994.6875,17.0,-1.0147058823529411,-405.38,stop,False,False,47,1
2024-02-26 10:00:00,2024-02-26 10:01:00,or_rev,long,19926.75,19916.0,19970.0,19915.9375,43.0,-1.005813953488372,-389.25,stop,False,False,18,1
2024-02-26 12:55:00,2024-02-26 12:57:00,ema_rev,long,19962.0,19958.0,19972.25,19969.6875,16.0,1.921875,768.75,trail,True,True,50,2
2024-02-26 13:46:00,2024-02-26 13:48:00,pm_mom,long,19949.25,19945.0,19957.75,19949.1875,17.0,-0.0147058823529411,-5.87,trail,True,True,47,2
2024-02-27 09:53:00,2024-02-27 09:58:00,pd_rev,long,19909.5,19900.75,19927.0,19936.4375,35.0,3.0785714285714287,2693.75,trail,True,True,50,5
2024-02-28 09:52:00,2024-02-28 09:53:00,ou_rev,long,19831.75,19824.75,19861.5,19824.6875,28.0,-1.0089285714285714,-706.25,stop,False,False,50,1
2024-02-28 10:02:00,2024-02-28 10:04:00,ou_rev,long,19827.75,19820.5,19853.5,19847.1875,29.0,2.681034482758621,1943.75,trail,True,True,50,2
2024-02-28 10:11:00,2024-02-28 10:14:00,sweep,long,19855.25,19846.75,19876.5,19855.1875,34.0,-0.0073529411764705,-2.87,trail,True,True,23,3
2024-02-28 10:16:00,2024-02-28 10:18:00,pd_rev,long,19852.75,19845.0,19868.25,19852.6875,31.0,-0.0080645161290322,-6.25,trail,True,True,50,2
2024-02-28 11:50:00,2024-02-28 11:53:00,kalman_mom,long,19907.25,19902.0,19920.5,19907.1875,21.0,-0.0119047619047619,-4.75,trail,True,True,38,3
2024-02-28 12:21:00,2024-02-28 12:22:00,ema_rev,long,19882.75,19875.25,19892.75,19875.1875,30.0,-1.0083333333333333,-393.25,stop,False,False,26,1
2024-02-28 13:33:00,2024-02-28 13:40:00,trend,long,19888.0,19880.0,19904.0,19893.9375,32.0,0.7421875,296.88,trail,True,True,25,7
2024-02-29 10:07:00,2024-02-29 10:08:00,trend,long,20003.25,19998.0,20013.75,19997.9375,21.0,-1.011904761904762,-403.75,stop,False,False,38,1
2024-02-29 10:15:00,2024-02-29 10:17:00,vwap_rev,long,19929.0,19921.75,19983.5,19947.6875,29.0,2.577586206896552,1009.13,trail,True,True,27,2
2024-02-29 10:20:00,2024-02-29 10:22:00,trend,short,19949.0,19956.5,19922.25,19940.8125,30.0,1.0916666666666666,425.75,trail,True,True,26,2
2024-03-01 12:16:00,2024-03-01 12:17:00,kalman_mom,long,20193.25,20190.25,20200.75,20190.1875,12.0,-1.0208333333333333,-306.25,stop,False,False,50,1
2024-03-01 13:30:00,2024-03-01 13:32:00,pm_mom,long,20260.0,20256.0,20268.0,20259.9375,16.0,-0.015625,-6.25,trail,True,True,50,2
2024-03-04 10:23:00,2024-03-04 10:25:00,ou_rev,long,20231.0,20224.75,20246.5,20241.1875,25.0,1.63,1018.75,trail,True,True,50,2
2024-03-04 13:26:00,2024-03-04 13:28:00,vwap_rev,long,20217.75,20211.0,20248.0,20229.9375,27.0,1.805555555555556,706.88,trail,True,True,29,2
2024-03-05 10:00:00,2024-03-05 10:02:00,or_rev,long,19980.0,19973.75,20037.25,20017.9375,25.0,6.07,2428.0,trail,True,True,32,2
2024-03-06 10:00:00,2024-03-06 10:01:00,vwap_rev,long,19987.75,19977.25,20029.25,19977.1875,42.0,-1.005952380952381,-401.38,stop,False,False,19,1
2024-03-06 11:47:00,2024-03-06 11:55:00,kalman_mom,long,20039.5,20029.75,20064.0,20062.4375,39.0,2.352564102564102,917.5,trail,True,True,20,8
2024-03-06 13:44:00,2024-03-06 13:46:00,pm_mom,long,20058.75,20053.25,20069.75,20071.6875,22.0,2.352272727272727,931.5,trail,True,True,36,2
2024-03-07 13:30:00,2024-03-07 13:31:00,pm_mom,long,20268.25,20262.25,20280.25,20262.1875,24.0,-1.0104166666666667,-400.12,stop,False,False,33,1
2024-03-08 11:21:00,2024-03-08 11:23:00,or_rev,long,20196.25,20183.75,20261.75,20196.1875,50.0,-0.005,-2.0,trail,True,True,16,2
2024-03-08 13:05:00,2024-03-08 13:07:00,vwap_rev,long,20001.75,19996.75,20203.25,20016.1875,20.0,2.8875,1155.0,trail,True,True,40,2
2024-03-11 10:13:00,2024-03-11 10:14:00,or_rev,long,19842.5,19837.5,19895.0,19837.4375,20.0,-1.0125,-405.0,stop,False,False,40,1
2024-03-11 11:32:00,2024-03-11 11:33:00,ema_rev,long,19864.25,19857.5,19887.0,19857.4375,27.0,-1.0092592592592593,-395.12,stop,False,False,29,1
2024-03-11 11:59:00,2024-03-11 12:01:00,kalman_mom,long,19927.5,19916.75,19954.5,19927.4375,43.0,-0.005813953488372,-2.25,trail,True,True,18,2
2024-03-11 13:31:00,2024-03-11 13:33:00,pm_mom,long,19938.0,19930.5,19953.0,19948.1875,30.0,1.3583333333333334,529.75,trail,True,True,26,2
2024-03-12 10:06:00,2024-03-12 10:08:00,trend,long,19988.0,19969.0,20026.0,20022.6875,76.0,1.825657894736842,693.75,trail,True,True,10,2
2024-03-12 10:15:00,2024-03-12 10:16:00,kalman_mom,long,19994.75,19988.75,20009.75,20009.75,24.0,2.5,990.0,target,False,False,33,1
2024-03-13 10:00:00,2024-03-13 10:02:00,trend,short,20032.25,20043.5,20009.75,19999.5625,45.0,2.9055555555555554,1111.38,trail,True,True,17,2
2024-03-14 10:00:00,2024-03-14 10:02:00,trend,short,19931.75,19958.5,19878.25,19897.0625,107.0,1.2967289719626167,485.62,trail,True,True,7,2
2024-03-14 10:06:00,2024-03-14 10:08:00,or_rev,long,19942.25,19931.5,20060.5,19957.1875,43.0,1.3895348837209305,537.75,trail,True,True,18,2
2024-03-15 11:25:00,2024-03-15 11:26:00,or_rev,long,19783.0,19775.0,19825.75,19774.9375,32.0,-1.0078125,-403.12,stop,False,False,25,1
2024-03-15 12:15:00,2024-03-15 12:17:00,vwap_rev,long,19734.0,19730.0,19799.0,19733.9375,16.0,-0.015625,-6.25,trail,True,True,50,2
2024-03-15 13:31:00,2024-03-15 13:33:00,pm_mom,long,19747.0,19741.5,19758.0,19752.4375,22.0,0.9886363636363636,391.5,trail,False,True,36,2
2024-03-18 10:14:00,2024-03-18 10:17:00,or_rev,short,20041.25,20051.5,20002.5,20041.3125,41.0,-0.0060975609756097,-2.37,trail,True,True,19,3
2024-03-18 10:30:00,2024-03-18 10:32:00,vwap_rev,short,20066.0,20075.25,20020.0,20049.5625,37.0,1.777027027027027,690.38,trail,False,True,21,2
2024-03-18 12:53:00,2024-03-18 12:55:00,vwap_rev,long,19953.5,19946.75,20016.25,19963.6875,27.0,1.5092592592592593,590.88,trail,False,True,29,2
2024-03-19 10:20:00,2024-03-19 10:23:00,kalman_mom,short,19775.25,19785.25,19750.25,19775.3125,40.0,-0.00625,-2.5,trail,True,True,20,3
2024-03-19 11:34:00,2024-03-19 11:35:00,vwap_rev,short,19846.25,19851.25,19799.25,19851.3125,20.0,-1.0125,-405.0,stop,False,False,40,1
2024-03-19 12:22:00,2024-03-19 12:23:00,vwap_rev,short,19880.0,19885.25,19808.0,19885.3125,21.0,-1.011904761904762,-403.75,stop,False,False,38,1
2024-03-19 12:37:00,2024-03-19 12:44:00,pd_rev,long,19915.25,19903.75,19938.25,19930.4375,46.0,1.3206521739130437,1184.63,trail,True,True,39,7
2024-03-20 10:02:00,2024-03-20 10:03:00,trend,short,19951.5,19960.0,19934.5,19960.0625,34.0,-1.0073529411764706,-393.88,stop,False,False,23,1
2024-03-20 10:13:00,2024-03-20 10:15:00,or_rev,long,19952.0,19945.0,19992.0,19959.6875,28.0,1.0982142857142858,430.5,trail,True,True,28,2
2024-03-20 10:27:00,2024-03-20 10:29:00,kalman_mom,long,19982.0,19975.5,19998.25,19998.4375,26.0,2.5288461538461537,986.25,trail,True,True,30,2
2024-03-21 10:02:00,2024-03-21 10:04:00,or_rev,long,20337.25,20325.5,20376.0,20337.1875,47.0,-0.0053191489361702,-2.12,trail,True,True,17,2
2024-03-21 11:09:00,2024-03-21 11:11:00,ou_rev,long,20319.25,20310.75,20351.25,20332.4375,34.0,1.5514705882352942,1318.75,trail,True,True,50,2
2024-03-21 13:22:00,2024-03-21 13:24:00,ema_rev,long,20355.75,20349.25,20366.5,20355.6875,26.0,-0.0096153846153846,-3.75,trail,True,True,30,2
2024-03-21 13:45:00,2024-03-21 13:46:00,pm_mom,long,20356.25,20353.0,20362.75,20352.9375,13.0,-1.0192307692307692,-331.25,stop,False,False,50,1
2024-03-21 13:58:00,2024-03-21 14:00:00,vwap_rev,long,20310.5,20305.75,20356.25,20310.4375,19.0,-0.0131578947368421,-5.25,trail,True,True,42,2
2024-03-22 10:06:00,2024-03-22 10:08:00,sweep,long,20254.0,20242.5,20282.75,20242.4375,46.0,-1.0054347826086956,-393.12,stop,False,False,17,2
2024-03-22 10:43:00,2024-03-22 10:45:00,or_rev,long,20203.75,20196.5,20224.5,20210.1875,29.0,0.8879310344827587,347.62,trail,True,True,27,2
2024-03-22 11:26:00,2024-03-22 11:32:00,pd_rev,long,20247.5,20237.75,20267.0,20254.4375,39.0,0.7115384615384616,638.25,trail,False,True,46,6
2024-03-22 13:30:00,2024-03-22 13:32:00,pm_mom,long,20291.75,20286.0,20303.25,20298.4375,23.0,1.1630434782608696,454.75,trail,True,True,34,2
2024-03-25 10:23:00,2024-03-25 10:24:00,kalman_mom,long,20223.5,20220.5,20231.0,20220.4375,12.0,-1.0208333333333333,-306.25,stop,False,False,50,1
2024-03-25 10:50:00,2024-03-25 10:52:00,sweep,long,20201.5,20192.25,20224.5,20201.4375,37.0,-0.0067567567567567,-2.62,trail,True,True,21,2
2024-03-25 10:56:00,2024-03-25 10:59:00,sweep,long,20205.25,20192.25,20237.75,20214.4375,52.0,0.7067307692307693,275.62,trail,False,True,15,3
2024-03-25 13:33:00,2024-03-25 13:37:00,pm_mom,long,20241.5,20233.0,20258.5,20232.9375,34.0,-1.0073529411764706,-393.88,stop,False,False,23,4
2024-03-26 10:33:00,2024-03-26 10:36:00,vwap_rev,long,20239.25,20227.25,20273.5,20239.1875,48.0,-0.0052083333333333,-2.0,trail,True,True,16,3
2024-03-26 12:56:00,2024-03-26 13:00:00,ema_rev,long,20234.5,20229.0,20242.25,20237.9375,22.0,0.625,247.5,trail,False,True,36,4
2024-03-26 13:34:00,2024-03-26 13:36:00,ou_rev,long,20247.5,20242.75,20261.0,20250.6875,19.0,0.6710526315789473,318.75,trail,False,True,50,2
2024-03-27 10:01:00,2024-03-27 10:02:00,or_rev,long,20149.0,20135.75,20223.25,20135.6875,53.0,-1.0047169811320755,-399.38,stop,False,False,15,1
2024-03-27 10:10:00,2024-03-27 10:13:00,trend,short,20103.5,20115.5,20079.5,20072.3125,48.0,2.598958333333333,998.0,trail,True,True,16,3
2024-03-27 10:29:00,2024-03-27 10:31:00,trend,short,20105.0,20113.75,20072.25,20113.8125,35.0,-1.0071428571428571,-387.75,stop,False,False,22,2
2024-03-27 10:42:00,2024-03-27 10:43:00,pd_rev,long,20136.5,20125.0,20159.5,20124.9375,46.0,-1.0054347826086956,-901.87,stop,False,False,39,1
2024-03-27 13:32:00,2024-03-27 13:36:00,pm_mom,long,20127.0,20118.75,20143.5,20118.6875,33.0,-1.0075757575757576,-399.0,stop,False,False,24,4
2024-03-27 14:06:00,2024-03-27 14:07:00,ou_rev,long,20119.0,20115.5,20135.5,20115.4375,14.0,-1.0178571428571428,-356.25,stop,False,False,50,1
2024-03-27 14:12:00,2024-03-27 14:15:00,ou_rev,long,20116.0,20108.0,20135.25,20125.1875,32.0,1.1484375,918.75,trail,True,True,50,3
2024-03-28 10:39:00,2024-03-28 10:41:00,kalman_mom,long,20199.0,20193.5,20212.75,20198.9375,22.0,-0.0113636363636363,-4.5,trail,True,True,36,2
2024-03-28 10:45:00,2024-03-28 10:47:00,trend,long,20205.75,20196.75,20223.75,20196.6875,36.0,-1.0069444444444444,-398.75,stop,False,False,22,2
2024-03-28 10:50:00,2024-03-28 10:53:00,trend,long,20204.75,20198.5,20217.25,20204.6875,25.0,-0.01,-4.0,trail,True,True,32,3
2024-03-28 11:31:00,2024-03-28 11:34:00,trend,long,20210.25,20200.0,20230.75,20199.9375,41.0,-1.0060975609756098,-391.88,stop,False,False,19,3
2024-03-28 12:24:00,2024-03-28 12:26:00,ema_rev,long,20169.5,20165.5,20181.75,20169.4375,16.0,-0.015625,-6.25,trail,True,True,50,2
2024-03-28 13:19:00,2024-03-28 13:21:00,vwap_rev,long,20157.0,20147.25,20191.0,20163.6875,39.0,0.6858974358974359,267.5,trail,True,True,20,2
2024-03-28 13:34:00,2024-03-28 13:35:00,ou_rev,long,20156.5,20153.5,20190.25,20153.4375,12.0,-1.0208333333333333,-306.25,stop,False,False,50,1
2024-03-28 13:39:00,2024-03-28 13:41:00,pm_mom,long,20164.75,20159.75,20174.75,20164.6875,20.0,-0.0125,-5.0,trail,True,True,40,2
2024-04-01 10:15:00,2024-04-01 10:16:00,kalman_mom,long,20278.0,20273.0,20290.5,20272.9375,20.0,-1.0125,-405.0,stop,False,False,40,1
2024-04-01 10:55:00,2024-04-01 10:56:00,or_rev,long,20168.25,20163.5,20237.5,20163.4375,19.0,-1.013157894736842,-404.25,stop,False,False,42,1
2024-04-01 11:20:00,2024-04-01 11:21:00,vwap_rev,long,20134.25,20125.25,20229.75,20125.1875,36.0,-1.0069444444444444,-398.75,stop,False,False,22,1
2024-04-01 13:30:00,2024-04-01 13:39:00,pd_rev,long,20144.5,20136.5,20203.75,20144.4375,32.0,-0.0078125,-6.25,trail,True,True,50,9
2024-04-02 10:17:00,2024-04-02 10:18:00,or_rev,long,19911.25,19906.25,19951.5,19906.1875,20.0,-1.0125,-405.0,stop,False,False,40,1
2024-04-02 11:00:00,2024-04-02 11:02:00,ou_rev,long,19909.25,19900.5,19938.25,19918.4375,35.0,1.05,918.75,trail,True,True,50,2
2024-04-02 11:06:00,2024-04-02 11:08:00,ou_rev,long,19913.75,19908.5,19937.5,19926.4375,21.0,2.4166666666666665,1268.75,trail,True,True,50,2
2024-04-03 10:08:00,2024-04-03 10:10:00,or_rev,short,20054.25,20063.5,19953.0,20023.0625,37.0,3.371621621621621,1309.87,trail,True,True,21,2
2024-04-04 10:00:00,2024-04-04 10:02:00,or_rev,long,20211.75,20199.75,20241.5,20225.1875,48.0,1.1197916666666667,430.0,trail,True,True,16,2
2024-04-04 10:16:00,2024-04-04 10:18:00,kalman_mom,short,20211.5,20215.5,20201.5,20211.5625,16.0,-0.015625,-6.25,trail,True,True,50,2
2024-04-04 10:25:00,2024-04-04 10:29:00,vwap_rev,long,20191.25,20180.0,20223.5,20205.6875,45.0,1.2833333333333334,490.88,trail,True,True,17,4
2024-04-05 09:56:00,2024-04-05 09:58:00,ou_rev,short,19916.0,19921.75,19856.0,19916.0625,23.0,-0.0108695652173913,-6.25,trail,True,True,50,2
2024-04-05 10:14:00,2024-04-05 10:16:00,ou_rev,short,19937.5,19946.75,19872.5,19937.5625,37.0,-0.0067567567567567,-6.25,trail,True,True,50,2
2024-04-05 10:53:00,2024-04-05 10:55:00,vwap_rev,short,19973.5,19982.25,19889.75,19973.5625,35.0,-0.0071428571428571,-2.75,trail,True,True,22,2
2024-04-05 11:59:00,2024-04-05 12:01:00,vwap_rev,short,20054.0,20061.0,19929.0,20054.0625,28.0,-0.0089285714285714,-3.5,trail,True,True,28,2
2024-04-05 12:33:00,2024-04-05 12:35:00,kalman_mom,short,20035.5,20041.25,20021.0,20035.5625,23.0,-0.0108695652173913,-4.25,trail,True,True,34,2
2024-04-05 13:40:00,2024-04-05 13:41:00,pm_mom,short,20054.75,20063.0,20038.25,20063.0625,33.0,-1.0075757575757576,-399.0,stop,False,False,24,1
2024-04-08 10:16:00,2024-04-08 10:17:00,kalman_mom,long,20002.25,19993.75,20023.5,19993.6875,34.0,-1.0073529411764706,-393.88,stop,False,False,23,1
2024-04-08 10:28:00,2024-04-08 10:29:00,ema_rev,short,20025.75,20029.75,20006.0,20029.8125,16.0,-1.015625,-406.25,stop,False,False,50,1
2024-04-08 10:39:00,2024-04-08 10:41:00,vwap_rev,short,20053.5,20059.5,19996.5,20041.8125,24.0,1.9479166666666667,771.38,trail,True,True,33,2
2024-04-08 13:38:00,2024-04-08 13:40:00,ou_rev,long,19987.25,19983.0,20002.0,19991.6875,17.0,1.0441176470588236,443.75,trail,False,True,50,2
2024-04-08 13:43:00,2024-04-08 13:44:00,pm_mom,short,19985.25,19990.0,19975.75,19975.75,19.0,2.0,798.0,target,False,False,42,1
2024-04-09 10:10:00,2024-04-09 10:14:00,or_rev,long,20035.25,20026.25,20067.5,20054.9375,36.0,2.1875,866.25,trail,True,True,22,4
2024-04-10 10:02:00,2024-04-10 10:03:00,sweep,long,19865.5,19853.5,19895.5,19853.4375,48.0,-1.0052083333333333,-386.0,stop,False,False,16,1
2024-04-10 10:17:00,2024-04-10 10:19:00,pd_rev,long,19857.5,19843.75,19885.0,19879.6875,55.0,1.6136363636363635,1420.0,trail,True,True,32,2
2024-04-10 10:35:00,2024-04-10 10:36:00,kalman_mom,long,19888.0,19884.75,19896.0,19884.6875,13.0,-1.0192307692307692,-331.25,stop_ambiguous,False,False,50,1
2024-04-10 10:42:00,2024-04-10 10:44:00,trend,long,19912.25,19900.75,19935.25,19900.6875,46.0,-1.0054347826086956,-393.12,stop,False,False,17,2
2024-04-10 13:44:00,2024-04-10 13:50:00,trend,short,19825.5,19842.75,19791.0,19842.8125,69.0,-1.0036231884057971,-380.88,trail,False,True,11,6
2024-04-10 13:54:00,2024-04-10 13:56:00,pm_mom,long,19838.25,19830.75,19853.25,19846.6875,30.0,1.125,438.75,trail,True,True,26,2
2024-04-10 14:11:00,2024-04-10 14:12:00,trend,long,19866.5,19857.75,19900.5,19857.6875,35.0,-1.0071428571428571,-387.75,stop,False,False,22,1
2024-04-11 10:10:00,2024-04-11 10:12:00,pd_rev,short,19925.0,19937.5,19900.0,19897.8125,50.0,2.175,1957.5,trail,True,True,36,2
2024-04-12 10:10:00,2024-04-12 10:13:00,vwap_rev,long,19970.0,19959.25,20003.25,19969.9375,43.0,-0.005813953488372,-2.25,trail,True,True,18,3
2024-04-12 10:36:00,2024-04-12 10:37:00,vwap_rev,long,19955.0,19949.5,19995.0,19949.4375,22.0,-1.0113636363636365,-400.5,stop,False,False,36,1
2024-04-12 11:33:00,2024-04-12 11:34:00,kalman_mom,long,19960.5,19955.25,19973.5,19955.1875,21.0,-1.011904761904762,-403.75,stop,False,False,38,1
2024-04-12 12:13:00,2024-04-12 12:14:00,ema_rev,long,19932.75,19925.25,19946.25,19925.1875,30.0,-1.0083333333333333,-393.25,stop,False,False,26,1
2024-04-12 12:40:00,2024-04-12 12:43:00,pd_rev,long,19867.25,19853.0,19957.0,19852.9375,57.0,-1.0043859649122806,-887.37,stop,False,False,31,3
2024-04-12 13:42:00,2024-04-12 13:44:00,ou_rev,long,19841.5,19830.5,19936.0,19861.9375,44.0,1.8579545454545452,2043.75,trail,True,True,50,2
2024-04-15 10:19:00,2024-04-15 10:20:00,or_rev,long,19943.25,19935.75,19997.0,19935.6875,30.0,-1.0083333333333333,-393.25,stop,False,False,26,1
2024-04-15 10:36:00,2024-04-15 10:37:00,kalman_mom,short,19911.5,19922.0,19885.25,19922.0625,42.0,-1.005952380952381,-401.38,stop,False,False,19,1
2024-04-15 10:53:00,2024-04-15 10:54:00,ou_rev,long,19891.5,19883.5,19953.75,19883.4375,32.0,-1.0078125,-806.25,stop,False,False,50,1
2024-04-15 11:02:00,2024-04-15 11:05:00,ou_rev,long,19878.5,19857.25,19948.0,19891.1875,85.0,0.5970588235294118,1268.75,trail,False,True,50,3
2024-04-15 12:26:00,2024-04-15 12:28:00,vwap_rev,long,19833.25,19824.5,19929.75,19824.4375,35.0,-1.0071428571428571,-387.75,stop,False,False,22,2
2024-04-15 12:33:00,2024-04-15 12:37:00,vwap_rev,long,19805.25,19798.25,19925.0,19805.1875,28.0,-0.0089285714285714,-3.5,trail,True,True,28,4
2024-04-15 12:40:00,2024-04-15 12:43:00,ema_rev,long,19791.25,19783.25,19823.0,19791.1875,32.0,-0.0078125,-3.12,trail,True,True,25,3
2024-04-15 13:08:00,2024-04-15 13:11:00,pd_rev,long,19816.75,19810.0,19910.5,19816.6875,27.0,-0.0092592592592592,-6.25,trail,True,True,50,3
2024-04-15 13:51:00,2024-04-15 13:53:00,pm_mom,short,19588.75,19598.25,19569.75,19588.8125,38.0,-0.006578947368421,-2.62,trail,True,True,21,2
2024-04-16 10:00:00,2024-04-16 10:03:00,ou_rev,short,19591.5,19605.0,19559.0,19591.5625,54.0,-0.0046296296296296,-6.25,trail,True,True,50,3
2024-04-16 10:17:00,2024-04-16 10:21:00,ou_rev,short,19614.0,19625.75,19567.75,19614.0625,47.0,-0.0053191489361702,-6.25,trail,True,True,50,4
2024-04-16 11:56:00,2024-04-16 11:58:00,vwap_rev,short,19623.75,19630.75,19572.25,19602.8125,28.0,2.9910714285714284,1172.5,trail,True,True,28,2
2024-04-17 13:34:00,2024-04-17 13:36:00,ema_rev,short,19411.75,19416.75,19395.5,19411.8125,20.0,-0.0125,-5.0,trail,True,True,40,2
2024-04-17 13:44:00,2024-04-17 13:45:00,pm_mom,short,19396.0,19406.0,19376.0,19406.0625,40.0,-1.00625,-402.5,stop,False,False,20,1
2024-04-18 10:03:00,2024-04-18 10:05:00,trend,short,19298.75,19307.25,19270.75,19298.8125,34.0,-0.0073529411764705,-2.87,trail,True,True,23,2
2024-04-18 10:52:00,2024-04-18 10:54:00,or_rev,short,19397.25,19408.75,19309.0,19397.3125,46.0,-0.0054347826086956,-2.12,trail,True,True,17,2
2024-04-18 10:58:00,2024-04-18 10:59:00,ema_rev,short,19412.25,19425.25,19394.0,19394.0,52.0,1.4038461538461535,547.5,target,False,False,15,1
2024-04-18 11:34:00,2024-04-18 11:38:00,kalman_mom,short,19397.75,19407.5,19373.5,19397.8125,39.0,-0.0064102564102564,-2.5,trail,True,True,20,4
2024-04-18 13:34:00,2024-04-18 13:36:00,pm_mom,short,19262.75,19267.5,19253.25,19262.8125,19.0,-0.0131578947368421,-5.25,trail,True,True,42,2
2024-04-19 13:33:00,2024-04-19 13:36:00,kalman_mom,short,18967.0,18976.25,18944.0,18976.3125,37.0,-1.0067567567567568,-391.12,stop,False,False,21,3
2024-04-22 09:54:00,2024-04-22 09:56:00,ou_rev,short,19013.5,19020.0,18986.5,18998.5625,26.0,2.298076923076923,1493.75,trail,True,True,50,2
2024-04-23 10:01:00,2024-04-23 10:02:00,or_rev,short,19188.75,19200.25,19139.5,19200.3125,46.0,-1.0054347826086956,-393.12,stop,False,False,17,1
2024-04-23 10:12:00,2024-04-23 10:14:00,ou_rev,short,19207.25,19219.75,19170.5,19219.8125,50.0,-1.005,-1256.25,stop,False,False,50,2
2024-04-23 10:19:00,2024-04-23 10:20:00,ou_rev,short,19215.75,19224.25,19173.75,19224.3125,34.0,-1.0073529411764706,-856.25,stop,False,False,50,1
2024-04-23 10:30:00,2024-04-23 10:31:00,vwap_rev,short,19259.0,19265.0,19182.25,19265.0625,24.0,-1.0104166666666667,-400.12,stop,False,False,33,1
2024-04-23 10:36:00,2024-04-23 10:38:00,vwap_rev,short,19282.25,19293.25,19191.5,19271.5625,44.0,0.9715909090909092,384.75,trail,False,True,18,2
2024-04-24 10:45:00,2024-04-24 10:46:00,kalman_mom,short,19400.25,19403.25,19392.75,19392.75,12.0,2.5,750.0,target,False,False,50,1
2024-04-25 10:08:00,2024-04-25 10:09:00,or_rev,short,19071.25,19079.75,19034.5,19079.8125,34.0,-1.0073529411764706,-393.88,stop,False,False,23,1
2024-04-25 10:24:00,2024-04-25 10:25:00,vwap_rev,short,19128.5,19135.0,19054.0,19135.0625,26.0,-1.0096153846153846,-393.75,stop,False,False,30,1
2024-04-25 10:38:00,2024-04-25 10:39:00,kalman_mom,short,19085.75,19093.5,19066.5,19093.5625,31.0,-1.0080645161290325,-390.63,stop,False,False,25,1
2024-04-25 10:52:00,2024-04-25 10:53:00,trend,short,19065.25,19070.5,19050.75,19050.75,21.0,2.761904761904762,1102.0,target,False,False,38,1
2024-04-25 14:25:00,2024-04-25 14:27:00,pm_mom,short,19254.0,19260.5,19241.0,19254.0625,26.0,-0.0096153846153846,-3.75,trail,True,True,30,2
2024-04-26 10:02:00,2024-04-26 10:04:00,or_rev,short,19486.75,19494.25,19410.5,19486.8125,30.0,-0.0083333333333333,-3.25,trail,True,True,26,2
2024-04-26 10:14:00,2024-04-26 10:15:00,ou_rev,short,19524.5,19528.5,19445.25,19528.5625,16.0,-1.015625,-406.25,stop,False,False,50,1
2024-04-26 10:20:00,2024-04-26 10:22:00,ou_rev,short,19525.75,19531.5,19451.25,19503.8125,23.0,3.815217391304348,2193.75,trail,True,True,50,2
2024-04-29 10:17:00,2024-04-29 10:19:00,pd_rev,short,19592.5,19597.25,19577.5,19580.5625,19.0,2.513157894736842,1193.75,trail,True,True,50,2
2024-04-30 10:07:00,2024-04-30 10:08:00,or_rev,short,19571.25,19577.0,19543.5,19577.0625,23.0,-1.0108695652173914,-395.25,stop,False,False,34,1
2024-04-30 10:31:00,2024-04-30 10:33:00,kalman_mom,short,19516.25,19528.25,19486.25,19528.3125,48.0,-1.0052083333333333,-386.0,stop,False,False,16,2
2024-04-30 11:14:00,2024-04-30 11:15:00,vwap_rev,long,19460.0,19449.75,19538.0,19449.6875,41.0,-1.0060975609756098,-391.88,stop,False,False,19,1
2024-04-30 13:37:00,2024-04-30 13:39:00,pm_mom,long,19397.0,19392.75,19405.5,19406.4375,17.0,2.2205882352941178,887.12,trail,True,True,47,2
2024-05-01 12:02:00,2024-05-01 12:03:00,kalman_mom,short,19099.0,19102.75,19089.5,19102.8125,15.0,-1.0166666666666666,-381.25,stop,False,False,50,1
2024-05-01 13:43:00,2024-05-01 13:47:00,pm_mom,short,19138.0,19144.75,19124.5,19144.8125,27.0,-1.0092592592592593,-395.12,stop,False,False,29,4
2024-05-02 11:11:00,2024-05-02 11:13:00,ema_rev,short,19249.0,19256.5,19221.25,19238.8125,30.0,1.3583333333333334,529.75,trail,True,True,26,2
2024-05-02 11:30:00,2024-05-02 11:31:00,kalman_mom,short,19214.25,19221.75,19195.5,19221.8125,30.0,-1.0083333333333333,-393.25,stop,False,False,26,1
2024-05-02 11:40:00,2024-05-02 11:41:00,trend,short,19205.0,19212.75,19182.0,19212.8125,31.0,-1.0080645161290325,-390.63,stop,False,False,25,1
2024-05-02 13:32:00,2024-05-02 13:34:00,vwap_rev,short,19299.0,19310.5,19208.75,19280.5625,46.0,1.6032608695652173,626.88,trail,True,True,17,2
2024-05-02 14:11:00,2024-05-02 14:13:00,vwap_rev,short,19317.5,19329.75,19214.5,19317.5625,49.0,-0.0051020408163265,-2.0,trail,True,True,16,2
2024-05-02 14:22:00,2024-05-02 14:25:00,ou_rev,short,19301.0,19311.0,19216.25,19311.0625,40.0,-1.00625,-1006.25,stop,False,False,50,3
2024-05-02 14:29:00,2024-05-02 14:31:00,ou_rev,short,19316.25,19325.5,19217.5,19325.5625,37.0,-1.0067567567567568,-931.25,stop,False,False,50,2
2024-05-03 10:00:00,2024-05-03 10:01:00,or_rev,short,19694.5,19708.25,19641.0,19708.3125,55.0,-1.0045454545454546,-386.75,stop,False,False,14,1
2024-05-03 11:42:00,2024-05-03 11:44:00,ema_rev,short,19678.75,19684.25,19656.75,19684.3125,22.0,-1.0113636363636365,-400.5,trail,False,True,36,2
2024-05-03 12:57:00,2024-05-03 12:59:00,kalman_mom,short,19661.0,19669.0,19641.0,19661.0625,32.0,-0.0078125,-3.12,trail,True,True,25,2
2024-05-03 13:32:00,2024-05-03 13:33:00,pm_mom,short,19677.0,19684.5,19662.0,19662.0,30.0,2.0,780.0,target,False,False,26,1
2024-05-03 13:43:00,2024-05-03 13:46:00,ou_rev,short,19684.75,19694.0,19653.75,19669.5625,37.0,1.641891891891892,1518.75,trail,True,True,50,3
2024-05-03 14:22:00,2024-05-03 14:24:00,vwap_rev,short,19714.5,19717.5,19656.0,19709.5625,12.0,1.6458333333333333,493.75,trail,True,True,50,2
2024-05-06 12:24:00,2024-05-06 12:26:00,ema_rev,long,19769.25,19763.5,19783.0,19779.4375,23.0,1.7717391304347827,692.75,trail,True,True,34,2
2024-05-06 13:33:00,2024-05-06 13:39:00,pm_mom,long,19806.5,19800.75,19818.0,19806.4375,23.0,-0.0108695652173913,-4.25,trail,True,True,34,6
2024-05-06 13:41:00,2024-05-06 13:45:00,kalman_mom,long,19811.0,19806.75,19821.5,19823.6875,17.0,2.985294117647059,1192.62,trail,True,True,47,4
2024-05-07 10:00:00,2024-05-07 10:02:00,or_rev,long,19887.25,19881.5,19910.5,19887.1875,23.0,-0.0108695652173913,-4.25,trail,True,True,34,2
2024-05-07 11:50:00,2024-05-07 11:52:00,kalman_mom,long,19947.25,19942.25,19959.75,19951.6875,20.0,0.8875,355.0,trail,True,True,40,2
2024-05-07 11:55:00,2024-05-07 11:56:00,trend,long,19952.25,19947.25,19962.25,19947.1875,20.0,-1.0125,-405.0,stop,False,False,40,1
2024-05-07 13:31:00,2024-05-07 13:33:00,pm_mom,long,19951.75,19944.75,19965.75,19959.9375,28.0,1.1696428571428572,458.5,trail,True,True,28,2
2024-05-08 10:00:00,2024-05-08 10:02:00,pd_rev,long,19861.75,19848.25,19888.75,19871.1875,54.0,0.6990740740740741,622.88,trail,True,True,33,2
2024-05-08 10:05:00,2024-05-08 10:13:00,sweep,long,19866.25,19854.25,19896.25,19854.1875,48.0,-1.0052083333333333,-386.0,stop,False,False,16,8
2024-05-08 10:19:00,2024-05-08 10:22:00,sweep,long,19865.25,19855.75,19889.0,19875.9375,38.0,1.125,448.88,trail,True,True,21,3
2024-05-08 13:35:00,2024-05-08 13:37:00,ou_rev,long,19846.25,19842.25,19863.75,19842.1875,16.0,-1.015625,-406.25,stop,False,False,50,2
2024-05-08 13:40:00,2024-05-08 13:43:00,ou_rev,long,19845.25,19841.0,19863.5,19855.4375,17.0,2.397058823529412,1018.75,trail,True,True,50,3
2024-05-09 10:28:00,2024-05-09 10:29:00,kalman_mom,long,19849.5,19844.25,19862.5,19844.1875,21.0,-1.011904761904762,-403.75,stop,False,False,38,1
2024-05-09 10:44:00,2024-05-09 10:46:00,trend,long,19894.5,19885.25,19913.0,19894.4375,37.0,-0.0067567567567567,-2.62,trail,True,True,21,2
2024-05-09 10:50:00,2024-05-09 10:54:00,trend,long,19898.0,19883.0,19928.0,19909.4375,60.0,0.7625,297.38,trail,True,True,13,4
2024-05-09 12:00:00,2024-05-09 12:03:00,ema_rev,long,19872.5,19864.25,19889.5,19864.1875,33.0,-1.0075757575757576,-399.0,trail,False,True,24,3
2024-05-09 13:30:00,2024-05-09 13:31:00,pm_mom,long,19914.5,19911.25,19921.0,19911.1875,13.0,-1.0192307692307692,-331.25,stop,False,False,50,1
2024-05-10 10:32:00,2024-05-10 10:34:00,vwap_rev,long,19919.5,19910.25,19984.5,19919.4375,37.0,-0.0067567567567567,-2.62,trail,True,True,21,2
2024-05-10 11:18:00,2024-05-10 11:19:00,kalman_mom,long,19923.75,19919.5,19934.5,19919.4375,17.0,-1.0147058823529411,-405.38,stop,False,False,47,1
2024-05-10 13:32:00,2024-05-10 13:34:00,ou_rev,long,19920.0,19916.75,19950.5,19925.1875,13.0,1.5961538461538465,518.75,trail,True,True,50,2
2024-05-10 13:37:00,2024-05-10 13:39:00,pm_mom,long,19927.25,19920.75,19940.25,19920.6875,26.0,-1.0096153846153846,-393.75,stop,False,False,30,2
2024-05-13 10:16:00,2024-05-13 10:18:00,kalman_mom,long,19988.25,19981.25,20005.75,19997.1875,28.0,1.2767857142857142,500.5,trail,True,True,28,2
2024-05-13 13:09:00,2024-05-13 13:11:00,vwap_rev,long,19951.75,19943.5,19984.25,19943.4375,33.0,-1.0075757575757576,-399.0,stop,False,False,24,2
2024-05-13 13:30:00,2024-05-13 13:33:00,pm_mom,long,19987.25,19981.5,19998.75,19981.4375,23.0,-1.0108695652173914,-395.25,stop,False,False,34,3
2024-05-14 10:31:00,2024-05-14 10:33:00,kalman_mom,long,20063.0,20053.75,20086.0,20053.6875,37.0,-1.0067567567567568,-391.12,stop,False,False,21,2
2024-05-14 10:50:00,2024-05-14 10:53:00,trend,short,19992.25,20004.25,19968.25,20004.3125,48.0,-1.0052083333333333,-386.0,stop,False,False,16,3
2024-05-14 11:07:00,2024-05-14 11:09:00,trend,long,20030.75,20025.25,20041.75,20040.4375,22.0,1.7613636363636365,697.5,trail,True,True,36,2
2024-05-14 13:30:00,2024-05-14 13:33:00,pm_mom,long,20016.5,20012.5,20024.5,20016.4375,16.0,-0.015625,-6.25,trail,True,True,50,3
2024-05-15 10:00:00,2024-05-15 10:02:00,or_rev,long,20176.75,20162.75,20205.5,20199.9375,56.0,1.65625,649.25,trail,True,True,14,2
2024-05-15 10:31:00,2024-05-15 10:34:00,kalman_mom,long,20229.25,20220.5,20251.0,20239.1875,35.0,1.1357142857142857,437.25,trail,True,True,22,3
2024-05-16 12:48:00,2024-05-16 12:52:00,kalman_mom,long,20419.5,20416.25,20427.5,20425.6875,13.0,1.9038461538461535,618.75,trail,True,True,50,4
2024-05-16 13:53:00,2024-05-16 13:57:00,pm_mom,long,20398.75,20389.0,20418.25,20404.4375,39.0,0.5833333333333334,227.5,trail,False,True,20,4
2024-05-17 10:10:00,2024-05-17 10:11:00,or_rev,long,20325.5,20318.75,20347.0,20318.6875,27.0,-1.0092592592592593,-395.12,stop,False,False,29,1
2024-05-17 10:25:00,2024-05-17 10:28:00,pd_rev,long,20345.75,20337.0,20363.25,20354.1875,35.0,0.9642857142857144,843.75,trail,False,True,50,3
2024-05-17 11:58:00,2024-05-17 12:00:00,kalman_mom,long,20342.75,20339.25,20351.5,20349.4375,14.0,1.9107142857142856,668.75,trail,True,True,50,2
2024-05-17 13:22:00,2024-05-17 13:25:00,vwap_rev,long,20310.0,20306.5,20339.0,20315.6875,14.0,1.625,568.75,trail,True,True,50,3
2024-05-20 10:15:00,2024-05-20 10:16:00,kalman_mom,long,20433.25,20429.5,20442.5,20429.4375,15.0,-1.0166666666666666,-381.25,stop,False,False,50,1
2024-05-20 14:27:00,2024-05-20 14:30:00,pm_mom,long,20437.25,20430.75,20450.25,20444.6875,26.0,1.1442307692307692,446.25,trail,True,True,30,3
2024-05-21 13:30:00,2024-05-21 13:31:00,pm_mom,long,20450.75,20448.25,20455.75,20448.1875,10.0,-1.025,-256.25,stop,False,False,50,1
2024-05-21 13:43:00,2024-05-21 13:47:00,kalman_mom,long,20459.75,20454.5,20473.0,20463.6875,21.0,0.75,299.25,trail,True,True,38,4
2024-05-21 13:51:00,2024-05-21 13:56:00,trend,long,20460.5,20455.25,20471.0,20465.4375,21.0,0.9404761904761904,375.25,trail,False,True,38,5
2024-05-21 13:56:00,2024-05-21 14:00:00,trend,long,20465.0,20458.75,20477.5,20469.4375,25.0,0.71,284.0,trail,True,True,32,4
2024-05-22 12:50:00,2024-05-22 12:52:00,vwap_rev,long,20492.25,20488.75,20511.5,20492.1875,14.0,-0.0178571428571428,-6.25,trail,True,True,50,2
2024-05-22 13:09:00,2024-05-22 13:16:00,kalman_mom,long,20506.75,20502.75,20516.75,20515.1875,16.0,2.109375,843.75,trail,True,True,50,7
2024-05-23 10:00:00,2024-05-23 10:02:00,or_rev,long,20545.75,20532.25,20641.0,20574.1875,54.0,2.1064814814814814,796.25,trail,True,True,14,2
2024-05-24 12:15:00,2024-05-24 12:19:00,kalman_mom,long,20597.75,20593.5,20608.5,20607.9375,17.0,2.397058823529412,957.63,trail,True,True,47,4
2024-05-27 10:38:00,2024-05-27 10:42:00,kalman_mom,long,20582.0,20577.75,20592.5,20588.1875,17.0,1.4558823529411764,581.62,trail,True,True,47,4
2024-05-28 10:00:00,2024-05-28 10:01:00,or_rev,long,20558.0,20546.5,20606.25,20546.4375,46.0,-1.0054347826086956,-393.12,stop,False,False,17,1
2024-05-28 10:54:00,2024-05-28 10:56:00,kalman_mom,long,20610.25,20606.5,20619.5,20610.1875,15.0,-0.0166666666666666,-6.25,trail,True,True,50,2
2024-05-28 10:59:00,2024-05-28 11:02:00,trend,long,20619.75,20608.75,20641.75,20608.6875,44.0,-1.005681818181818,-398.25,stop,False,False,18,3
2024-05-28 11:29:00,2024-05-28 11:32:00,trend,long,20620.25,20614.75,20631.25,20629.4375,22.0,1.6704545454545454,661.5,trail,True,True,36,3
2024-05-28 13:32:00,2024-05-28 13:35:00,pm_mom,long,20620.5,20614.5,20632.5,20631.4375,24.0,1.8229166666666667,721.88,trail,True,True,33,3
2024-05-29 10:12:00,2024-05-29 10:19:00,sweep,long,20525.0,20509.25,20564.5,20538.9375,63.0,0.8849206349206349,334.5,trail,True,True,12,7
2024-05-29 13:30:00,2024-05-29 13:33:00,pm_mom,long,20545.25,20538.5,20558.75,20538.4375,27.0,-1.0092592592592593,-395.12,stop,False,False,29,3
2024-05-30 10:36:00,2024-05-30 10:38:00,ou_rev,long,20383.25,20369.0,20420.5,20383.1875,57.0,-0.0043859649122807,-6.25,trail,True,True,50,2
2024-05-30 10:41:00,2024-05-30 10:42:00,vwap_rev,long,20362.75,20357.5,20416.75,20357.4375,21.0,-1.011904761904762,-403.75,stop,False,False,38,1
2024-05-30 11:39:00,2024-05-30 11:40:00,kalman_mom,long,20372.5,20369.25,20380.5,20380.5,13.0,2.4615384615384617,800.0,target,False,False,50,1
2024-05-30 11:52:00,2024-05-30 11:54:00,trend,long,20382.25,20376.5,20393.75,20376.4375,23.0,-1.0108695652173914,-395.25,stop,False,False,34,2
2024-05-30 13:30:00,2024-05-30 13:33:00,pm_mom,long,20410.75,20406.25,20419.75,20418.6875,18.0,1.7638888888888888,698.5,trail,True,True,44,3
2024-05-31 10:00:00,2024-05-31 10:01:00,or_rev,long,20238.0,20235.5,20296.0,20235.4375,10.0,-1.025,-256.25,stop,False,False,50,1
2024-05-31 10:23:00,2024-05-31 10:24:00,ema_rev,long,20153.75,20144.5,20191.25,20144.4375,37.0,-1.0067567567567568,-391.12,stop,False,False,21,1
2024-05-31 11:20:00,2024-05-31 11:21:00,ou_rev,long,20035.75,20031.25,20164.25,20031.1875,18.0,-1.0138888888888888,-456.25,stop,False,False,50,1
2024-05-31 11:25:00,2024-05-31 11:31:00,ou_rev,long,20037.75,20023.5,20161.25,20023.4375,57.0,-1.0043859649122806,-1431.25,stop,False,False,50,6
2024-05-31 13:25:00,2024-05-31 13:29:00,kalman_mom,long,20046.5,20040.0,20062.75,20056.6875,26.0,1.5673076923076923,611.25,trail,True,True,30,4
2024-05-31 13:32:00,2024-05-31 13:34:00,pm_mom,long,20057.75,20049.5,20074.25,20049.4375,33.0,-1.0075757575757576,-399.0,stop,False,False,24,2
2024-06-03 10:05:00,2024-06-03 10:07:00,or_rev,long,20368.25,20359.5,20418.0,20368.1875,35.0,-0.0071428571428571,-2.75,trail,True,True,22,2
2024-06-03 10:57:00,2024-06-03 11:01:00,vwap_rev,long,20274.25,20264.25,20375.5,20274.1875,40.0,-0.00625,-2.5,trail,True,True,20,4
2024-06-03 11:23:00,2024-06-03 11:24:00,kalman_mom,long,20307.25,20304.0,20315.5,20303.9375,13.0,-1.0192307692307692,-331.25,stop,False,False,50,1
2024-06-03 13:30:00,2024-06-03 13:32:00,pm_mom,long,20224.0,20214.5,20243.0,20239.9375,38.0,1.6776315789473684,669.38,trail,True,True,21,2
2024-06-04 12:49:00,2024-06-04 12:51:00,kalman_mom,long,20344.5,20335.25,20367.5,20335.1875,37.0,-1.0067567567567568,-391.12,stop,False,False,21,2
2024-06-04 13:30:00,2024-06-04 13:32:00,pm_mom,long,20334.25,20327.0,20348.75,20334.1875,29.0,-0.0086206896551724,-3.37,trail,True,True,27,2
2024-06-04 14:28:00,2024-06-04 14:30:00,trend,long,20411.75,20395.75,20443.75,20429.4375,64.0,1.10546875,424.5,trail,False,True,12,2
2024-06-05 11:31:00,2024-06-05 11:33:00,kalman_mom,long,20661.0,20657.75,20669.0,20668.4375,13.0,2.2884615384615383,743.75,trail,True,True,50,2
2024-06-06 09:58:00,2024-06-06 09:59:00,ou_rev,long,20749.5,20744.25,20779.75,20744.1875,21.0,-1.011904761904762,-531.25,stop,False,False,50,1
2024-06-06 10:08:00,2024-06-06 10:10:00,or_rev,long,20763.5,20751.75,20794.5,20751.6875,47.0,-1.00531914893617,-401.62,stop,False,False,17,2
2024-06-06 13:32:00,2024-06-06 13:34:00,pm_mom,long,20774.0,20771.0,20780.0,20776.6875,12.0,0.8958333333333334,268.75,trail,True,True,50,2
2024-06-06 14:13:00,2024-06-06 14:15:00,vwap_rev,long,20728.0,20721.5,20765.25,20736.6875,26.0,1.3365384615384617,521.25,trail,True,True,30,2
2024-06-07 10:39:00,2024-06-07 10:40:00,kalman_mom,long,20755.0,20750.0,20767.5,20767.5,20.0,2.5,1000.0,target,False,False,40,1
2024-06-10 09:50:00,2024-06-10 09:51:00,pd_rev,long,20689.75,20682.0,20705.25,20681.9375,31.0,-1.0080645161290325,-781.25,stop,False,False,50,1
2024-06-10 10:03:00,2024-06-10 10:08:00,sweep,long,20695.5,20684.5,20723.0,20701.9375,44.0,0.5852272727272727,231.75,trail,False,True,18,5
2024-06-10 10:08:00,2024-06-10 10:10:00,sweep,long,20698.75,20684.75,20733.75,20710.1875,56.0,0.8169642857142857,320.25,trail,False,True,14,2
2024-06-10 13:32:00,2024-06-10 13:34:00,ema_rev,long,20757.0,20749.0,20771.75,20768.1875,32.0,1.3984375,559.38,trail,True,True,25,2
2024-06-10 13:45:00,2024-06-10 13:47:00,pm_mom,long,20770.75,20766.25,20779.5,20786.1875,17.528718475135975,3.430555555555556,1353.0,trail,True,True,45,2
2024-06-11 09:51:00,2024-06-11 09:53:00,ou_rev,long,20712.25,20704.75,20749.25,20729.1875,30.0,2.2583333333333333,1693.75,trail,True,True,50,2
2024-06-12 10:31:00,2024-06-12 10:32:00,kalman_mom,long,21231.25,21226.0,21244.5,21225.9375,21.0,-1.011904761904762,-403.75,stop,False,False,38,1
2024-06-12 10:53:00,2024-06-12 11:07:00,trend,short,21192.75,21212.75,21152.75,21212.8125,80.0,-1.003125,-401.25,trail,False,True,10,14
2024-06-12 11:30:00,2024-06-12 11:32:00,trend,long,21227.5,21220.25,21242.0,21220.1875,29.0,-1.0086206896551724,-394.88,stop,False,False,27,2
2024-06-12 13:56:00,2024-06-12 13:58:00,pm_mom,long,21210.0,21204.75,21220.5,21209.9375,21.0,-0.0119047619047619,-4.75,trail,True,True,38,2
2024-06-13 10:16:00,2024-06-13 10:17:00,ou_rev,long,21288.0,21278.75,21328.5,21278.6875,37.0,-1.0067567567567568,-931.25,stop,False,False,50,1
2024-06-13 10:25:00,2024-06-13 10:28:00,vwap_rev,long,21234.0,21228.0,21316.0,21233.9375,24.0,-0.0104166666666666,-4.12,trail,True,True,33,3
2024-06-13 11:06:00,2024-06-13 11:09:00,ou_rev,long,21261.75,21238.25,21297.75,21282.9375,94.0,0.901595744680851,2118.75,trail,True,True,50,3
2024-06-13 11:17:00,2024-06-13 11:20:00,ou_rev,long,21261.75,21249.5,21295.75,21249.4375,49.0,-1.0051020408163265,-1231.25,stop,False,False,50,3
2024-06-13 13:06:00,2024-06-13 13:07:00,kalman_mom,long,21251.0,21246.5,21262.25,21246.4375,18.0,-1.0138888888888888,-401.5,stop,False,False,44,1
2024-06-13 13:41:00,2024-06-13 13:43:00,pm_mom,long,21268.75,21259.75,21286.75,21276.6875,36.0,0.8819444444444444,349.25,trail,True,True,22,2
2024-06-14 12:08:00,2024-06-14 12:11:00,kalman_mom,long,21316.0,21308.25,21335.5,21324.1875,31.0,1.0564516129032258,409.38,trail,True,True,25,3
2024-06-14 13:31:00,2024-06-14 13:35:00,pm_mom,long,21358.0,21352.25,21369.5,21364.9375,23.0,1.2065217391304348,471.75,trail,True,True,34,4
2024-06-17 09:51:00,2024-06-17 09:53:00,ou_rev,long,21347.5,21336.5,21377.75,21347.4375,44.0,-0.0056818181818181,-6.25,trail,True,True,50,2
2024-06-17 11:48:00,2024-06-17 11:49:00,kalman_mom,long,21451.0,21447.5,21459.75,21447.4375,14.0,-1.0178571428571428,-356.25,stop,False,False,50,1
2024-06-17 13:31:00,2024-06-17 13:33:00,pm_mom,long,21594.75,21589.0,21606.25,21606.25,23.0,2.0,782.0,target,False,False,34,2
2024-06-18 09:54:00,2024-06-18 09:56:00,ou_rev,long,21605.5,21596.75,21627.25,21619.6875,35.0,1.6214285714285714,1418.75,trail,True,True,50,2
2024-06-18 10:44:00,2024-06-18 10:45:00,ou_rev,long,21604.0,21599.5,21624.5,21599.4375,18.0,-1.0138888888888888,-456.25,stop,False,False,50,1
2024-06-18 10:52:00,2024-06-18 10:54:00,ou_rev,long,21597.0,21590.75,21622.5,21596.9375,25.0,-0.01,-6.25,trail,True,True,50,2
2024-06-18 10:59:00,2024-06-18 11:01:00,vwap_rev,long,21592.0,21588.5,21621.25,21604.1875,14.0,3.482142857142857,1218.75,trail,True,True,50,2
2024-06-19 10:38:00,2024-06-19 10:41:00,ou_rev,long,21663.75,21658.25,21672.75,21666.9375,22.0,0.5795454545454546,318.75,trail,False,True,50,3
2024-06-20 10:21:00,2024-06-20 10:23:00,vwap_rev,long,21560.0,21551.0,21643.75,21588.4375,36.0,3.1597222222222223,1251.25,trail,True,True,22,2
2024-06-21 10:05:00,2024-06-21 10:06:00,pd_rev,long,21394.75,21384.25,21415.75,21384.1875,42.0,-1.005952380952381,-887.25,stop,False,False,42,1
2024-06-21 11:45:00,2024-06-21 11:48:00,kalman_mom,long,21454.5,21445.75,21476.5,21468.4375,35.0,1.5928571428571427,613.25,trail,True,True,22,3
2024-06-21 12:47:00,2024-06-21 12:49:00,ema_rev,long,21449.0,21442.0,21467.75,21456.4375,28.0,1.0625,416.5,trail,True,True,28,2
2024-06-21 13:49:00,2024-06-21 13:53:00,pm_mom,long,21402.75,21395.5,21417.25,21422.1875,29.0,2.681034482758621,1049.63,trail,True,True,27,4
2024-06-24 10:46:00,2024-06-24 10:49:00,vwap_rev,long,21298.75,21290.5,21361.25,21290.4375,33.0,-1.0075757575757576,-399.0,trail,False,True,24,3
2024-06-24 11:06:00,2024-06-24 11:08:00,kalman_mom,long,21338.5,21329.25,21361.5,21338.4375,37.0,-0.0067567567567567,-2.62,trail,True,True,21,2
2024-06-24 11:39:00,2024-06-24 11:41:00,pd_rev,long,21348.25,21334.75,21375.25,21348.1875,54.0,-0.0046296296296296,-4.12,trail,True,True,33,2
2024-06-24 13:00:00,2024-06-24 13:04:00,ema_rev,long,21284.0,21273.75,21306.75,21299.1875,41.0,1.4817073170731707,577.12,trail,True,True,19,4
2024-06-24 13:10:00,2024-06-24 13:13:00,vwap_rev,long,21255.5,21243.25,21340.25,21243.1875,49.0,-1.0051020408163265,-394.0,stop,False,False,16,3
2024-06-25 12:05:00,2024-06-25 12:06:00,kalman_mom,long,21385.0,21379.0,21400.0,21378.9375,24.0,-1.0104166666666667,-400.12,stop,False,False,33,1
2024-06-25 13:30:00,2024-06-25 13:31:00,pm_mom,long,21330.5,21325.75,21340.0,21325.6875,19.0,-1.013157894736842,-404.25,stop,False,False,42,1
2024-06-26 13:17:00,2024-06-26 13:18:00,kalman_mom,long,21409.0,21402.25,21426.0,21402.1875,27.0,-1.0092592592592593,-395.12,stop,False,False,29,1
2024-06-26 13:32:00,2024-06-26 13:36:00,pm_mom,long,21396.0,21387.75,21412.5,21402.6875,33.0,0.8106060606060606,321.0,trail,True,True,24,4
2024-06-27 10:13:00,2024-06-27 10:16:00,trend,long,21513.25,21496.0,21547.75,21549.6875,69.0,2.11231884057971,801.62,trail,True,True,11,3
2024-06-28 10:15:00,2024-06-28 10:16:00,kalman_mom,long,21697.0,21689.25,21716.5,21689.1875,31.0,-1.0080645161290325,-390.63,stop,False,False,25,1
2024-06-28 10:56:00,2024-06-28 10:57:00,ema_rev,long,21585.0,21578.25,21617.5,21578.1875,27.0,-1.0092592592592593,-395.12,stop,False,False,29,1
2024-06-28 14:02:00,2024-06-28 14:06:00,pm_mom,long,21475.5,21466.0,21494.5,21475.4375,38.0,-0.006578947368421,-2.62,trail,True,True,21,4
2024-07-01 10:08:00,2024-07-01 10:10:00,or_rev,long,21351.0,21343.5,21385.75,21350.9375,30.0,-0.0083333333333333,-3.25,trail,True,True,26,2
2024-07-01 10:22:00,2024-07-01 10:23:00,pd_rev,long,21341.5,21333.5,21357.5,21357.5,32.0,2.0,1600.0,target,False,False,50,1
2024-07-01 13:37:00,2024-07-01 13:39:00,pm_mom,long,21441.75,21435.25,21454.75,21435.1875,26.0,-1.0096153846153846,-393.75,stop,False,False,30,2
2024-07-02 12:32:00,2024-07-02 12:36:00,kalman_mom,long,21541.75,21532.5,21565.0,21532.4375,37.0,-1.0067567567567568,-391.12,stop,False,False,21,4
2024-07-02 13:33:00,2024-07-02 13:36:00,pm_mom,long,21609.25,21604.0,21619.75,21609.1875,21.0,-0.0119047619047619,-4.75,trail,True,True,38,3
2024-07-02 13:48:00,2024-07-02 13:52:00,trend,long,21620.25,21610.75,21639.25,21629.4375,38.0,0.9671052631578948,385.88,trail,True,True,21,4
2024-07-02 13:55:00,2024-07-02 13:58:00,trend,long,21634.25,21619.25,21664.25,21648.1875,60.0,0.9291666666666668,362.38,trail,True,True,13,3
2024-07-02 14:02:00,2024-07-02 14:06:00,trend,long,21645.25,21636.5,21662.75,21651.9375,35.0,0.7642857142857142,294.25,trail,True,True,22,4
2024-07-03 12:12:00,2024-07-03 12:14:00,kalman_mom,long,21825.5,21819.0,21841.75,21825.4375,26.0,-0.0096153846153846,-3.75,trail,True,True,30,2
2024-07-04 10:02:00,2024-07-04 10:04:00,or_rev,long,21817.0,21813.75,21830.0,21816.9375,13.0,-0.0192307692307692,-6.25,trail,True,True,50,2
2024-07-04 10:17:00,2024-07-04 10:22:00,trend,short,21805.75,21813.0,21791.25,21813.0625,29.0,-1.0086206896551724,-394.88,stop,False,False,27,5
2024-07-04 10:54:00,2024-07-04 11:01:00,ou_rev,long,21807.25,21802.5,21816.25,21811.6875,19.0,0.9342105263157896,443.75,trail,False,True,50,7
2024-07-04 11:32:00,2024-07-04 11:38:00,kalman_mom,long,21824.0,21820.25,21833.5,21823.9375,15.0,-0.0166666666666666,-6.25,trail,True,True,50,6
2024-07-05 13:17:00,2024-07-05 13:19:00,kalman_mom,long,22032.75,22026.5,22048.5,22026.4375,25.0,-1.01,-404.0,stop,False,False,32,2
2024-07-05 13:32:00,2024-07-05 13:33:00,pm_mom,long,22052.5,22048.25,22061.0,22048.1875,17.0,-1.0147058823529411,-405.38,stop,False,False,47,1
2024-07-08 10:38:00,2024-07-08 10:41:00,ou_rev,long,22033.75,22020.5,22055.75,22045.4375,53.0,0.8820754716981132,1168.75,trail,True,True,50,3
2024-07-08 13:30:00,2024-07-08 13:32:00,pm_mom,long,22082.0,22076.5,22093.0,22088.4375,22.0,1.1704545454545454,463.5,trail,True,True,36,2
2024-07-09 10:33:00,2024-07-09 10:35:00,ou_rev,long,22127.25,22113.0,22167.5,22143.9375,57.0,1.1710526315789471,1668.75,trail,True,True,50,2
2024-07-09 11:13:00,2024-07-09 11:15:00,ou_rev,long,22126.0,22117.0,22161.75,22139.6875,36.0,1.5208333333333333,1368.75,trail,True,True,50,2
2024-07-10 11:16:00,2024-07-10 11:17:00,ou_rev,long,22161.75,22156.25,22186.0,22156.1875,22.0,-1.0113636363636365,-556.25,stop,False,False,50,1
2024-07-10 12:29:00,2024-07-10 12:31:00,kalman_mom,long,22248.0,22241.25,22265.0,22241.1875,27.0,-1.0092592592592593,-395.12,stop,False,False,29,2
2024-07-10 13:31:00,2024-07-10 13:32:00,pm_mom,long,22290.75,22286.5,22299.25,22286.4375,17.0,-1.0147058823529411,-405.38,stop,False,False,47,1
2024-07-11 10:08:00,2024-07-11 10:10:00,trend,short,22276.0,22291.25,22245.5,22245.3125,61.0,2.012295081967213,797.87,trail,True,True,13,2
2024-07-12 10:43:00,2024-07-12 10:44:00,kalman_mom,long,22063.5,22057.0,22079.75,22056.9375,26.0,-1.0096153846153846,-393.75,stop,False,False,30,1
2024-07-12 13:30:00,2024-07-12 13:31:00,pm_mom,long,22100.75,22097.75,22106.75,22097.6875,12.0,-1.0208333333333333,-306.25,stop,False,False,50,1
2024-07-15 12:14:00,2024-07-15 12:16:00,ema_rev,long,22073.75,22065.25,22102.75,22073.6875,34.0,-0.0073529411764705,-2.87,trail,True,True,23,2
2024-07-15 12:29:00,2024-07-15 12:30:00,kalman_mom,long,22091.0,22087.0,22101.0,22086.9375,16.0,-1.015625,-406.25,stop,False,False,50,1
2024-07-15 13:30:00,2024-07-15 13:31:00,ou_rev,long,22037.75,22029.25,22099.75,22029.1875,34.0,-1.0073529411764706,-856.25,stop,False,False,50,1
2024-07-15 13:52:00,2024-07-15 13:54:00,pm_mom,long,22026.25,22016.75,22045.25,22026.1875,38.0,-0.006578947368421,-2.62,trail,True,True,21,2
2024-07-16 10:08:00,2024-07-16 10:09:00,or_rev,long,21948.75,21934.25,22090.75,21934.1875,58.0,-1.0043103448275863,-378.63,stop,False,False,13,1
2024-07-16 10:16:00,2024-07-16 10:17:00,pd_rev,long,21942.0,21928.25,22026.25,21928.1875,55.0,-1.0045454545454546,-884.0,stop,False,False,32,1
2024-07-16 10:26:00,2024-07-16 10:29:00,trend,short,21938.75,21949.25,21917.75,21949.3125,42.0,-1.005952380952381,-401.38,stop,False,False,19,3
2024-07-16 10:44:00,2024-07-16 10:45:00,kalman_mom,long,22003.75,21998.75,22016.25,21998.6875,20.0,-1.0125,-405.0,stop,False,False,40,1
2024-07-16 13:52:00,2024-07-16 13:55:00,pm_mom,long,21948.0,21942.25,21959.5,21956.6875,23.0,1.5108695652173914,590.75,trail,True,True,34,3
2024-07-16 14:24:00,2024-07-16 14:31:00,ou_rev,long,21961.0,21951.5,21983.0,21960.9375,38.0,-0.006578947368421,-6.25,trail,True,True,50,7
2024-07-17 10:05:00,2024-07-17 10:07:00,ou_rev,long,21588.75,21581.0,21661.0,21588.6875,31.0,-0.0080645161290322,-6.25,trail,True,True,50,2
2024-07-17 10:30:00,2024-07-17 10:32:00,ou_rev,long,21563.75,21552.25,21626.5,21563.6875,46.0,-0.0054347826086956,-6.25,trail,True,True,50,2
2024-07-17 13:34:00,2024-07-17 13:37:00,pm_mom,long,21509.0,21499.5,21528.0,21508.9375,38.0,-0.006578947368421,-2.62,trail,True,True,21,3
2024-07-18 10:38:00,2024-07-18 10:39:00,kalman_mom,short,21393.5,21397.25,21384.0,21397.3125,15.0,-1.0166666666666666,-381.25,stop,False,False,50,1
2024-07-18 10:44:00,2024-07-18 10:45:00,vwap_rev,long,21340.75,21329.5,21478.25,21329.4375,45.0,-1.0055555555555555,-384.62,stop,False,False,17,1
2024-07-18 11:16:00,2024-07-18 11:17:00,vwap_rev,long,21299.25,21291.25,21451.0,21291.1875,32.0,-1.0078125,-403.12,stop,False,False,25,1
2024-07-18 11:25:00,2024-07-18 11:27:00,ema_rev,long,21267.5,21261.0,21310.5,21282.9375,26.0,2.375,926.25,trail,True,True,30,2
2024-07-18 13:30:00,2024-07-18 13:32:00,ou_rev,long,21335.5,21324.75,21379.75,21360.6875,43.0,2.3430232558139537,2518.75,trail,True,True,50,2
2024-07-18 13:36:00,2024-07-18 13:38:00,ou_rev,long,21334.75,21328.25,21379.25,21357.6875,26.0,3.5288461538461537,2293.75,trail,True,True,50,2
2024-07-19 10:29:00,2024-07-19 10:30:00,ou_rev,long,21248.75,21244.75,21321.25,21244.6875,16.0,-1.015625,-406.25,stop,False,False,50,1
2024-07-19 10:35:00,2024-07-19 10:37:00,ou_rev,long,21220.0,21213.75,21311.75,21243.4375,25.0,3.75,2343.75,trail,True,True,50,2
2024-07-22 09:51:00,2024-07-22 09:53:00,ou_rev,short,21445.5,21460.25,21383.0,21419.3125,59.0,1.7754237288135593,2618.75,trail,True,True,50,2
2024-07-22 10:44:00,2024-07-22 10:46:00,or_rev,short,21437.75,21445.0,21364.0,21429.8125,29.0,1.0948275862068966,428.62,trail,False,True,27,2
2024-07-23 10:24:00,2024-07-23 10:26:00,ou_rev,short,21472.0,21479.5,21430.25,21442.3125,30.0,3.9583333333333335,2968.75,trail,True,True,50,2
2024-07-24 10:00:00,2024-07-24 10:01:00,or_rev,long,20945.0,20933.5,21023.0,20933.4375,46.0,-1.0054347826086956,-393.12,stop,False,False,17,1
2024-07-24 10:16:00,2024-07-24 10:17:00,kalman_mom,short,20906.5,20916.75,20881.0,20916.8125,41.0,-1.0060975609756098,-391.88,stop,False,False,19,1
2024-07-25 10:08:00,2024-07-25 10:10:00,trend,short,20419.5,20446.0,20366.5,20348.0625,106.0,2.695754716981132,1000.12,trail,True,True,7,2
2024-07-26 10:02:00,2024-07-26 10:05:00,ou_rev,short,20586.5,20607.25,20546.75,20539.8125,83.0,2.25,4668.75,trail,True,True,50,3
2024-07-29 10:02:00,2024-07-29 10:04:00,ou_rev,short,20803.5,20810.75,20736.25,20773.3125,29.0,4.163793103448276,3018.75,trail,True,True,50,2
2024-07-30 11:48:00,2024-07-30 11:49:00,kalman_mom,short,20369.25,20372.5,20361.0,20372.5625,13.0,-1.0192307692307692,-331.25,stop,False,False,50,1
2024-07-30 11:59:00,2024-07-30 12:01:00,trend,short,20367.5,20379.75,20343.0,20379.8125,49.0,-1.0051020408163265,-394.0,stop,False,False,16,2
2024-07-30 13:40:00,2024-07-30 13:42:00,ema_rev,short,20365.25,20374.25,20335.0,20345.3125,36.0,2.2152777777777777,877.25,trail,True,True,22,2
2024-07-31 10:03:00,2024-07-31 10:05:00,or_rev,short,20848.25,20861.0,20795.5,20848.3125,51.0,-0.0049019607843137,-1.87,trail,True,True,15,2
2024-07-31 10:21:00,2024-07-31 10:23:00,ou_rev,short,20895.25,20905.25,20813.5,20872.0625,40.0,2.31875,2318.75,trail,True,True,50,2
2024-08-01 13:34:00,2024-08-01 13:36:00,pm_mom,short,20438.25,20447.5,20419.75,20438.3125,37.0,-0.0067567567567567,-2.62,trail,True,True,21,2
2024-08-02 11:46:00,2024-08-02 11:47:00,ema_rev,short,20044.75,20051.75,19980.25,20051.8125,28.0,-1.0089285714285714,-395.5,stop,False,False,28,1
2024-08-02 14:14:00,2024-08-02 14:16:00,pm_mom,short,19909.5,19916.5,19895.5,19898.0625,28.0,1.6339285714285714,640.5,trail,True,True,28,2
2024-08-05 12:30:00,2024-08-05 12:32:00,vwap_rev,short,19716.0,19722.5,19405.25,19653.8125,26.0,9.567307692307692,3731.25,trail,True,True,30,2
2024-08-06 10:21:00,2024-08-06 10:22:00,or_rev,short,19636.0,19650.5,19505.5,19650.5625,58.0,-1.0043103448275863,-378.63,stop,False,False,13,1
2024-08-06 10:42:00,2024-08-06 10:44:00,ou_rev,short,19666.5,19679.75,19567.5,19666.5625,53.0,-0.0047169811320754,-6.25,trail,True,True,50,2
2024-08-06 10:49:00,2024-08-06 10:50:00,ou_rev,short,19742.5,19758.25,19581.0,19758.3125,63.0,-1.003968253968254,-1581.25,stop,False,False,50,1
2024-08-06 13:44:00,2024-08-06 13:45:00,pm_mom,short,19835.75,19842.5,19822.25,19842.5625,26.841838805150477,-1.0092592592592593,-392.81,stop,False,False,29,1
2024-08-07 10:03:00,2024-08-07 10:05:00,or_rev,short,19976.75,19990.5,19922.75,19918.0625,55.0,4.2681818181818185,1643.25,trail,True,True,14,2
2024-08-08 10:11:00,2024-08-08 10:14:00,or_rev,short,19723.75,19731.0,19626.0,19723.8125,29.0,-0.0086206896551724,-3.37,trail,True,True,27,3
2024-08-08 10:38:00,2024-08-08 10:39:00,ema_rev,short,19829.25,19833.5,19787.75,19833.5625,17.0,-1.0147058823529411,-405.38,stop,False,False,47,1
2024-08-08 11:13:00,2024-08-08 11:14:00,kalman_mom,short,19772.5,19779.75,19754.5,19779.8125,29.0,-1.0086206896551724,-394.88,stop,False,False,27,1
2024-08-08 11:20:00,2024-08-08 11:21:00,trend,short,19762.25,19782.0,19722.75,19782.0625,79.0,-1.0031645569620251,-396.25,stop,False,False,10,1
2024-08-09 10:23:00,2024-08-09 10:25:00,or_rev,short,19963.0,19973.5,19919.5,19919.3125,42.0,4.160714285714286,1660.12,trail,True,True,19,2
2024-08-12 10:25:00,2024-08-12 10:26:00,or_rev,short,20135.0,20148.0,20061.0,20148.0625,52.0,-1.0048076923076923,-391.88,stop,False,False,15,1
2024-08-12 11:27:00,2024-08-12 11:28:00,kalman_mom,short,20039.5,20044.75,20026.5,20044.8125,21.0,-1.011904761904762,-403.75,stop,False,False,38,1
2024-08-12 13:41:00,2024-08-12 13:42:00,pm_mom,short,20083.75,20090.0,20071.25,20090.0625,25.0,-1.01,-404.0,stop,False,False,32,1
2024-08-13 09:51:00,2024-08-13 09:53:00,ema_rev,short,20329.25,20340.5,20298.75,20340.5625,45.0,-1.0055555555555555,-384.62,stop,False,False,17,2
2024-08-13 10:00:00,2024-08-13 10:02:00,or_rev,short,20332.25,20345.0,20285.0,20345.0625,51.0,-1.0049019607843137,-384.38,trail,False,True,15,2
2024-08-13 10:56:00,2024-08-13 10:58:00,ou_rev,short,20370.0,20377.0,20320.0,20370.0625,28.0,-0.0089285714285714,-6.25,trail,True,True,50,2
2024-08-13 11:07:00,2024-08-13 11:09:00,vwap_rev,short,20389.5,20397.0,20324.0,20389.5625,30.0,-0.0083333333333333,-3.25,trail,True,True,26,2
2024-08-13 13:34:00,2024-08-13 13:36:00,pm_mom,short,20498.5,20506.0,20483.5,20498.5625,30.0,-0.0083333333333333,-3.25,trail,True,True,26,2
2024-08-14 10:10:00,2024-08-14 10:11:00,or_rev,long,20456.25,20447.5,20550.25,20447.4375,35.0,-1.0071428571428571,-387.75,stop,False,False,22,1
2024-08-14 10:22:00,2024-08-14 10:24:00,ou_rev,long,20430.75,20420.75,20490.75,20448.9375,40.0,1.81875,1818.75,trail,True,True,50,2
2024-08-14 11:00:00,2024-08-14 11:01:00,ema_rev,short,20499.75,20505.75,20465.0,20505.8125,24.0,-1.0104166666666667,-400.12,stop,False,False,33,1
2024-08-14 11:05:00,2024-08-14 11:06:00,kalman_mom,long,20514.25,20509.5,20526.0,20509.4375,19.0,-1.013157894736842,-404.25,stop,False,False,42,1
2024-08-14 11:58:00,2024-08-14 11:59:00,vwap_rev,short,20621.5,20628.0,20490.75,20628.0625,26.0,-1.0096153846153846,-393.75,stop,False,False,30,1
2024-08-14 13:30:00,2024-08-14 13:32:00,pm_mom,long,20517.5,20507.75,20537.0,20531.4375,39.0,1.4294871794871795,557.5,trail,False,True,20,2
2024-08-15 10:03:00,2024-08-15 10:05:00,vwap_rev,short,20907.25,20916.25,20827.0,20853.5625,36.0,5.965277777777778,2362.25,trail,True,True,22,2
2024-08-16 13:31:00,2024-08-16 13:33:00,pm_mom,long,21073.0,21069.0,21081.0,21072.9375,16.0,-0.015625,-6.25,trail,True,True,50,2
2024-08-19 10:21:00,2024-08-19 10:23:00,ou_rev,long,20971.75,20961.5,21022.75,21009.6875,41.0,3.701219512195122,3793.75,trail,True,True,50,2
2024-08-20 10:21:00,2024-08-20 10:22:00,trend,short,21251.75,21270.0,21215.25,21270.0625,73.0,-1.0034246575342465,-366.25,stop,False,False,10,1
2024-08-20 10:26:00,2024-08-20 10:30:00,trend,short,21252.0,21276.0,21204.0,21252.0625,96.0,-0.0026041666666666,-1.0,trail,True,True,8,4
2024-08-20 10:31:00,2024-08-20 10:33:00,trend,short,21254.0,21269.0,21224.0,21239.3125,60.0,0.9791666666666666,381.88,trail,True,True,13,2
2024-08-20 10:44:00,2024-08-20 10:46:00,vwap_rev,long,21185.75,21175.5,21280.0,21196.9375,41.0,1.0914634146341464,425.12,trail,False,True,19,2
2024-08-20 10:54:00,2024-08-20 10:57:00,kalman_mom,long,21241.75,21229.5,21272.5,21229.4375,49.0,-1.0051020408163265,-394.0,stop,False,False,16,3
2024-08-20 13:30:00,2024-08-20 13:33:00,pm_mom,long,21220.75,21214.0,21234.25,21226.9375,27.0,0.9166666666666666,358.88,trail,False,True,29,3
2024-08-21 11:16:00,2024-08-21 11:17:00,kalman_mom,long,21321.5,21316.25,21334.5,21316.1875,21.0,-1.011904761904762,-403.75,stop,False,False,38,1
2024-08-21 11:41:00,2024-08-21 11:43:00,trend,short,21287.0,21294.0,21273.0,21274.5625,28.0,1.7767857142857142,696.5,trail,True,True,28,2
2024-08-21 11:53:00,2024-08-21 11:55:00,ema_rev,long,21256.25,21245.25,21279.75,21269.1875,44.0,1.1761363636363635,465.75,trail,True,True,18,2
2024-08-21 12:04:00,2024-08-21 12:06:00,vwap_rev,long,21215.25,21204.0,21303.0,21225.9375,45.0,0.95,363.38,trail,False,True,17,2
2024-08-22 10:03:00,2024-08-22 10:05:00,or_rev,long,21392.75,21379.75,21430.5,21410.6875,52.0,1.3798076923076923,538.12,trail,True,True,15,2
2024-08-22 10:13:00,2024-08-22 10:15:00,vwap_rev,long,21328.75,21319.75,21403.0,21349.6875,36.0,2.326388888888889,921.25,trail,True,True,22,2
2024-08-23 10:15:00,2024-08-23 10:16:00,kalman_mom,long,21289.75,21282.25,21308.5,21308.5,30.0,2.5,975.0,target,False,False,26,1
2024-08-26 10:03:00,2024-08-26 10:06:00,ou_rev,long,21144.0,21126.75,21184.25,21162.6875,69.0,1.0833333333333333,1868.75,trail,True,True,50,3
2024-08-26 10:36:00,2024-08-26 10:38:00,ema_rev,long,20988.75,20978.5,21042.75,20988.6875,41.0,-0.0060975609756097,-2.37,trail,True,True,19,2
2024-08-26 10:57:00,2024-08-26 10:59:00,kalman_mom,long,21009.75,21005.0,21021.5,21030.9375,19.0,4.4605263157894735,1779.75,trail,True,True,42,2
2024-08-27 11:40:00,2024-08-27 11:44:00,trend,short,21034.75,21043.5,21010.75,21034.8125,35.0,-0.0071428571428571,-2.75,trail,True,True,22,4
2024-08-27 11:46:00,2024-08-27 11:47:00,trend,short,21033.5,21041.25,21010.75,21041.3125,31.0,-1.0080645161290325,-390.63,stop,False,False,25,1
2024-08-27 11:52:00,2024-08-27 11:54:00,trend,short,21031.5,21040.5,21010.75,21013.0625,36.0,2.048611111111111,811.25,trail,True,True,22,2
2024-08-27 12:02:00,2024-08-27 12:04:00,kalman_mom,long,21041.25,21033.75,21060.0,21051.4375,30.0,1.3583333333333334,529.75,trail,True,True,26,2
2024-08-28 10:00:00,2024-08-28 10:01:00,trend,short,20990.75,21005.0,20962.25,20962.25,57.0,2.0,798.0,target,False,False,14,1
2024-08-29 09:59:00,2024-08-29 10:00:00,ou_rev,short,21065.75,21082.25,21007.5,21082.3125,66.0,-1.003787878787879,-1656.25,stop,False,False,50,1
2024-08-29 10:37:00,2024-08-29 10:39:00,or_rev,short,21060.75,21072.75,20977.0,21044.5625,48.0,1.3489583333333333,518.0,trail,True,True,16,2
2024-08-29 10:45:00,2024-08-29 10:47:00,ou_rev,short,21081.75,21098.25,21023.0,21081.8125,66.0,-0.0037878787878787,-6.25,trail,True,True,50,2
2024-08-29 10:54:00,2024-08-29 10:57:00,ou_rev,short,21107.25,21119.75,21028.25,21097.0625,50.0,0.815,1018.75,trail,True,True,50,3
2024-08-29 11:04:00,2024-08-29 11:06:00,pd_rev,short,21086.25,21095.25,21032.0,21061.8125,36.0,2.7152777777777777,2443.75,trail,True,True,50,2
2024-08-30 10:00:00,2024-08-30 10:01:00,ou_rev,short,21026.0,21032.25,20991.0,21032.3125,25.0,-1.01,-631.25,stop,False,False,50,1
2024-08-30 10:05:00,2024-08-30 10:10:00,ou_rev,short,21038.75,21061.0,20998.75,21004.3125,89.0,1.547752808988764,3443.75,trail,True,True,50,5
2024-08-30 13:25:00,2024-08-30 13:26:00,kalman_mom,short,20887.25,20893.75,20871.0,20893.8125,26.0,-1.0096153846153846,-393.75,stop,False,False,30,1
2024-08-30 13:45:00,2024-08-30 13:47:00,pm_mom,short,20900.25,20906.0,20888.75,20890.8125,23.0,1.641304347826087,641.75,trail,True,True,34,2
2024-09-02 10:10:00,2024-09-02 10:14:00,or_rev,long,21041.0,21036.0,21057.0,21035.9375,20.0,-1.0125,-405.0,stop,False,False,40,4
2024-09-02 10:19:00,2024-09-02 10:23:00,ema_rev,long,21027.75,21023.5,21040.5,21030.9375,17.0,0.75,299.62,trail,True,True,47,4
2024-09-02 10:35:00,2024-09-02 10:37:00,kalman_mom,long,21067.0,21060.25,21084.0,21085.4375,27.0,2.7314814814814814,1069.38,trail,True,True,29,2
2024-09-03 10:06:00,2024-09-03 10:07:00,or_rev,long,20770.75,20759.5,20853.75,20759.4375,45.0,-1.0055555555555555,-384.62,stop,False,False,17,1
2024-09-03 10:22:00,2024-09-03 10:24:00,ou_rev,long,20739.5,20728.75,20806.25,20739.4375,43.0,-0.005813953488372,-6.25,trail,True,True,50,2
2024-09-03 10:30:00,2024-09-03 10:31:00,ou_rev,long,20749.75,20736.75,20802.25,20736.6875,52.0,-1.0048076923076923,-1306.25,stop,False,False,50,1
2024-09-03 10:37:00,2024-09-03 10:39:00,vwap_rev,long,20689.25,20679.0,20793.25,20689.1875,41.0,-0.0060975609756097,-2.37,trail,True,True,19,2
2024-09-03 10:51:00,2024-09-03 10:53:00,ema_rev,long,20621.0,20609.0,20664.0,20608.9375,48.0,-1.0052083333333333,-386.0,stop,False,False,16,2
2024-09-03 13:40:00,2024-09-03 13:41:00,pm_mom,long,20595.5,20587.0,20612.5,20586.9375,34.0,-1.0073529411764706,-393.88,stop,False,False,23,1
2024-09-04 10:36:00,2024-09-04 10:38:00,ou_rev,short,20461.75,20471.5,20372.75,20461.8125,39.0,-0.0064102564102564,-6.25,trail,True,True,50,2
2024-09-04 10:42:00,2024-09-04 10:44:00,ou_rev,short,20484.0,20493.0,20378.75,20484.0625,36.0,-0.0069444444444444,-6.25,trail,True,True,50,2
2024-09-04 12:36:00,2024-09-04 12:39:00,ema_rev,short,20511.5,20519.25,20481.25,20519.3125,31.0,-1.0080645161290325,-390.63,trail,False,True,25,3
2024-09-04 13:30:00,2024-09-04 13:32:00,pm_mom,short,20454.75,20459.75,20444.75,20445.0625,20.0,1.9375,775.0,trail,True,True,40,2
2024-09-05 10:00:00,2024-09-05 10:01:00,or_rev,short,20486.25,20494.25,20391.0,20494.3125,32.0,-1.0078125,-403.12,stop,False,False,25,1
2024-09-05 10:54:00,2024-09-05 10:55:00,kalman_mom,short,20431.0,20439.5,20409.75,20439.5625,34.0,-1.0073529411764706,-393.88,stop,False,False,23,1
2024-09-05 11:00:00,2024-09-05 11:02:00,trend,short,20416.0,20444.75,20358.5,20350.0625,115.0,2.2934782608695654,791.25,trail,True,True,6,2
2024-09-05 11:08:00,2024-09-05 11:10:00,trend,short,20394.0,20413.5,20350.0,20413.5625,78.0,-1.0032051282051282,-391.25,stop,False,False,10,2
2024-09-05 11:14:00,2024-09-05 11:17:00,trend,short,20392.0,20403.5,20350.0,20392.0625,46.0,-0.0054347826086956,-2.12,trail,True,True,17,3
2024-09-05 13:30:00,2024-09-05 13:31:00,pm_mom,short,20325.25,20335.25,20305.25,20335.3125,40.0,-1.00625,-402.5,stop,False,False,20,1
2024-09-06 10:31:00,2024-09-06 10:32:00,kalman_mom,short,20073.75,20082.75,20051.25,20082.8125,36.0,-1.0069444444444444,-398.75,stop,False,False,22,1
2024-09-06 13:26:00,2024-09-06 13:28:00,ema_rev,short,19974.0,19979.0,19944.75,19937.0625,20.0,7.3875,2955.0,trail,True,True,40,2
2024-09-09 10:00:00,2024-09-09 10:03:00,vwap_rev,short,20120.5,20129.75,20085.0,20106.0625,37.0,1.5608108108108107,606.38,trail,True,True,21,3
2024-09-09 10:15:00,2024-09-09 10:17:00,ou_rev,short,20131.25,20139.0,20093.75,20131.3125,31.0,-0.0080645161290322,-6.25,trail,True,True,50,2
2024-09-09 10:40:00,2024-09-09 10:41:00,kalman_mom,short,19991.25,19995.25,19981.25,19995.3125,16.0,-1.015625,-406.25,stop,False,False,50,1
2024-09-09 13:33:00,2024-09-09 13:34:00,pm_mom,short,20120.75,20125.75,20110.75,20125.8125,20.0,-1.0125,-405.0,stop_ambiguous,False,False,40,1
2024-09-10 10:20:00,2024-09-10 10:21:00,pd_rev,short,20162.25,20172.25,20142.25,20172.3125,40.0,-1.00625,-905.62,stop,False,False,45,1
2024-09-10 10:50:00,2024-09-10 10:52:00,sweep,short,20157.25,20170.0,20043.75,20106.3125,51.0,3.9950980392156863,1528.12,trail,True,True,15,2
2024-09-11 11:41:00,2024-09-11 11:42:00,ema_rev,short,20190.0,20201.5,20139.75,20201.5625,46.0,-1.0054347826086956,-393.12,stop,False,False,17,1
2024-09-11 12:49:00,2024-09-11 12:52:00,pd_rev,short,20310.5,20325.5,20184.75,20325.5625,60.0,-1.0041666666666669,-903.75,stop,False,False,30,3
2024-09-11 13:53:00,2024-09-11 13:55:00,vwap_rev,short,20494.5,20503.75,20220.75,20459.8125,37.0,3.75,1456.88,trail,True,True,21,2
2024-09-12 10:19:00,2024-09-12 10:21:00,ou_rev,short,20764.75,20775.25,20688.25,20754.8125,42.0,0.9464285714285714,993.75,trail,False,True,50,2
2024-09-12 13:16:00,2024-09-12 13:17:00,kalman_mom,long,20826.5,20822.5,20836.5,20822.4375,16.0,-1.015625,-406.25,stop,False,False,50,1
2024-09-12 13:35:00,2024-09-12 13:37:00,pm_mom,long,20841.5,20835.0,20854.5,20855.4375,26.0,2.144230769230769,836.25,trail,True,True,30,2
2024-09-13 13:26:00,2024-09-13 13:30:00,kalman_mom,long,20988.0,20978.0,21013.0,21000.4375,40.0,1.24375,497.5,trail,True,True,20,4
2024-09-16 10:15:00,2024-09-16 10:17:00,kalman_mom,long,20886.75,20880.75,20901.75,20886.6875,24.0,-0.0104166666666666,-4.12,trail,True,True,33,2
2024-09-16 13:33:00,2024-09-16 13:35:00,pm_mom,long,20823.75,20815.25,20840.75,20815.1875,34.0,-1.0073529411764706,-393.88,trail,False,True,23,2
2024-09-17 10:02:00,2024-09-17 10:04:00,or_rev,long,20952.0,20937.25,20991.0,20977.6875,59.0,1.7415254237288136,667.88,trail,True,True,13,2
2024-09-17 12:02:00,2024-09-17 12:04:00,kalman_mom,long,20975.75,20967.75,20995.75,20982.9375,32.0,0.8984375,359.38,trail,True,True,25,2
2024-09-18 10:23:00,2024-09-18 10:24:00,ou_rev,long,20857.5,20851.5,20892.5,20851.4375,24.0,-1.0104166666666667,-606.25,stop,False,False,50,1
2024-09-18 11:25:00,2024-09-18 11:26:00,vwap_rev,long,20840.0,20835.0,20889.75,20834.9375,20.0,-1.0125,-405.0,stop,False,False,40,1
2024-09-18 12:15:00,2024-09-18 12:18:00,kalman_mom,long,20833.25,20824.75,20854.5,20847.6875,34.0,1.6985294117647058,664.12,trail,True,True,23,3
2024-09-18 13:31:00,2024-09-18 13:32:00,pm_mom,long,20907.25,20901.0,20919.75,20919.75,25.0,2.0,800.0,target,False,False,32,1
2024-09-18 13:54:00,2024-09-18 13:58:00,trend,short,20883.0,20893.0,20863.0,20893.0625,40.0,-1.00625,-402.5,stop,False,False,20,4
2024-09-19 11:00:00,2024-09-19 11:02:00,trend,short,21261.25,21276.75,21230.25,21261.3125,62.0,-0.0040322580645161,-1.5,trail,True,True,12,2
2024-09-19 11:16:00,2024-09-19 11:17:00,kalman_mom,long,21299.5,21294.25,21312.5,21312.5,21.0,2.4761904761904763,988.0,target,False,False,38,1
2024-09-20 10:07:00,2024-09-20 10:08:00,or_rev,long,21215.0,21204.0,21254.5,21203.9375,44.0,-1.005681818181818,-398.25,stop,False,False,18,1
2024-09-20 10:17:00,2024-09-20 10:19:00,ou_rev,long,21178.5,21174.5,21230.25,21210.4375,16.0,7.984375,3193.75,trail,True,True,50,2
2024-09-23 13:32:00,2024-09-23 13:34:00,ou_rev,long,21241.0,21234.25,21273.5,21254.9375,27.0,2.064814814814815,1393.75,trail,True,True,50,2
2024-09-24 10:02:00,2024-09-24 10:03:00,vwap_rev,long,21240.0,21231.75,21301.0,21231.6875,33.0,-1.0075757575757576,-399.0,stop,False,False,24,1
2024-09-24 10:17:00,2024-09-24 10:20:00,trend,short,21217.5,21230.5,21183.0,21217.5625,52.0,-0.0048076923076923,-1.87,trail,True,True,15,3
2024-09-24 10:45:00,2024-09-24 10:47:00,ou_rev,long,21186.75,21173.75,21241.0,21219.6875,52.0,2.5336538461538463,3293.75,trail,True,True,50,2
2024-09-24 11:00:00,2024-09-24 11:02:00,kalman_mom,long,21272.5,21262.5,21297.5,21272.4375,40.0,-0.00625,-2.5,trail,True,True,20,2
2024-09-24 11:05:00,2024-09-24 11:12:00,trend,long,21284.0,21267.75,21316.5,21307.1875,65.0,1.426923076923077,556.5,trail,False,True,12,7
2024-09-25 13:34:00,2024-09-25 13:35:00,ou_rev,long,21376.75,21371.0,21405.25,21370.9375,23.0,-1.0108695652173914,-581.25,stop,False,False,50,1
2024-09-25 13:44:00,2024-09-25 13:46:00,ou_rev,long,21361.0,21355.25,21403.75,21360.9375,23.0,-0.0108695652173913,-6.25,trail,True,True,50,2
2024-09-25 13:49:00,2024-09-25 13:52:00,ou_rev,long,21349.5,21337.25,21403.0,21365.4375,49.0,1.3010204081632653,1593.75,trail,True,True,50,3
2024-09-26 10:02:00,2024-09-26 10:04:00,or_rev,long,21617.0,21608.5,21666.5,21616.9375,34.0,-0.0073529411764705,-2.87,trail,True,True,23,2
2024-09-26 10:07:00,2024-09-26 10:12:00,trend,short,21595.0,21612.5,21560.0,21612.5625,70.0,-1.0035714285714286,-386.38,stop,False,False,11,5
2024-09-26 10:17:00,2024-09-26 10:26:00,trend,short,21590.0,21610.25,21549.5,21563.0625,81.0,1.3302469135802468,484.88,trail,True,True,9,9
2024-09-26 10:31:00,2024-09-26 10:32:00,vwap_rev,long,21544.5,21535.75,21623.0,21535.6875,35.0,-1.0071428571428571,-387.75,stop,False,False,22,1
2024-09-26 10:51:00,2024-09-26 10:52:00,ou_rev,long,21515.25,21490.75,21599.5,21490.6875,98.0,-1.0025510204081634,-2456.25,stop,False,False,50,1
2024-09-26 11:15:00,2024-09-26 11:17:00,ou_rev,long,21457.5,21437.75,21559.25,21476.9375,79.0,0.9841772151898734,1943.75,trail,True,True,50,2
2024-09-26 13:31:00,2024-09-26 13:33:00,pm_mom,long,21454.75,21444.75,21474.75,21470.4375,40.0,1.56875,627.5,trail,True,True,20,2
2024-09-27 10:19:00,2024-09-27 10:20:00,or_rev,long,21505.0,21493.25,21544.75,21493.1875,47.0,-1.00531914893617,-401.62,stop,False,False,17,1
2024-09-27 10:34:00,2024-09-27 10:35:00,ou_rev,long,21500.5,21484.75,21529.75,21484.6875,63.0,-1.003968253968254,-1581.25,stop,False,False,50,1
2024-09-27 11:17:00,2024-09-27 11:18:00,ou_rev,long,21463.75,21454.25,21519.75,21454.1875,38.0,-1.006578947368421,-956.25,stop,False,False,50,1
2024-09-27 13:45:00,2024-09-27 13:48:00,pm_mom,long,21440.5,21433.0,21455.5,21444.6875,30.0,0.5583333333333333,217.75,trail,False,True,26,3
2024-09-30 10:17:00,2024-09-30 10:18:00,vwap_rev,long,21360.5,21350.75,21415.0,21350.6875,39.0,-1.0064102564102564,-392.5,stop,False,False,20,1
2024-09-30 10:35:00,2024-09-30 10:36:00,kalman_mom,long,21396.5,21390.25,21412.0,21390.1875,25.0,-1.01,-404.0,stop,False,False,32,1
2024-09-30 13:41:00,2024-09-30 13:43:00,pd_rev,long,21373.25,21369.0,21402.5,21378.1875,17.0,1.161764705882353,493.75,trail,True,True,50,2
2024-09-30 13:50:00,2024-09-30 13:55:00,pm_mom,long,21385.5,21376.5,21403.5,21394.1875,36.0,0.9652777777777778,382.25,trail,True,True,22,5
2024-10-01 09:50:00,2024-10-01 09:51:00,ema_rev,long,21240.75,21227.5,21312.0,21227.4375,53.0,-1.0047169811320755,-399.38,stop,False,False,15,1
2024-10-01 10:00:00,2024-10-01 10:01:00,or_rev,long,21242.0,21230.75,21366.0,21230.6875,45.0,-1.0055555555555555,-384.62,stop,False,False,17,1
2024-10-01 10:44:00,2024-10-01 10:45:00,kalman_mom,long,21154.75,21150.5,21165.5,21150.4375,17.0,-1.0147058823529411,-405.38,stop,False,False,47,1
2024-10-01 11:05:00,2024-10-01 11:07:00,trend,short,21100.5,21115.25,21071.0,21071.0625,59.0,1.9957627118644068,765.38,trail,True,True,13,2
2024-10-01 13:41:00,2024-10-01 13:42:00,ou_rev,long,21093.5,21085.75,21157.0,21085.6875,31.0,-1.0080645161290325,-781.25,stop,False,False,50,1
2024-10-02 12:49:00,2024-10-02 12:50:00,ema_rev,long,21231.25,21223.75,21242.75,21223.6875,30.0,-1.0083333333333333,-393.25,stop,False,False,26,1
2024-10-02 13:40:00,2024-10-02 13:42:00,pm_mom,long,21208.5,21203.5,21218.5,21208.4375,20.0,-0.0125,-5.0,trail,True,True,40,2
2024-10-03 10:30:00,2024-10-03 10:33:00,trend,short,21160.0,21181.5,21117.0,21160.0625,86.0,-0.002906976744186,-1.12,trail,True,True,9,3
2024-10-03 12:49:00,2024-10-03 12:50:00,ema_rev,long,21151.5,21143.25,21187.0,21143.1875,33.0,-1.0075757575757576,-399.0,stop,False,False,24,1
2024-10-03 13:27:00,2024-10-03 13:29:00,kalman_mom,long,21172.75,21163.0,21197.0,21172.6875,39.0,-0.0064102564102564,-2.5,trail,True,True,20,2
2024-10-03 13:32:00,2024-10-03 13:34:00,pm_mom,long,21162.75,21156.0,21176.25,21162.6875,27.0,-0.0092592592592592,-3.62,trail,True,True,29,2
2024-10-03 14:06:00,2024-10-03 14:09:00,trend,long,21163.5,21155.5,21179.5,21163.4375,32.0,-0.0078125,-3.12,trail,True,True,25,3
2024-10-04 10:05:00,2024-10-04 10:07:00,or_rev,long,21305.25,21295.75,21410.5,21305.1875,38.0,-0.006578947368421,-2.62,trail,True,True,21,2
2024-10-04 10:46:00,2024-10-04 10:47:00,kalman_mom,long,21278.25,21275.0,21286.5,21274.9375,13.0,-1.0192307692307692,-331.25,stop_ambiguous,False,False,50,1
2024-10-04 11:32:00,2024-10-04 11:33:00,ema_rev,long,21243.25,21237.75,21278.5,21237.6875,22.0,-1.0113636363636365,-400.5,stop,False,False,36,1
2024-10-04 13:33:00,2024-10-04 13:34:00,pm_mom,long,21358.75,21350.5,21375.25,21350.4375,33.0,-1.0075757575757576,-399.0,stop,False,False,24,1
2024-10-07 09:55:00,2024-10-07 09:57:00,ou_rev,long,21303.0,21286.0,21331.0,21329.4375,68.0,1.5551470588235294,2643.75,trail,True,True,50,2
2024-10-07 10:00:00,2024-10-07 10:02:00,or_rev,long,21308.0,21299.75,21337.5,21327.9375,33.0,2.4166666666666665,957.0,trail,True,True,24,2
2024-10-08 10:09:00,2024-10-08 10:11:00,trend,long,21384.5,21370.75,21412.0,21397.4375,55.0,0.9409090909090908,362.25,trail,True,True,14,2
2024-10-08 10:15:00,2024-10-08 10:16:00,kalman_mom,long,21380.75,21373.25,21399.5,21373.1875,30.0,-1.0083333333333333,-393.25,stop,False,False,26,1
2024-10-08 13:34:00,2024-10-08 13:36:00,pm_mom,long,21399.5,21392.25,21414.0,21415.1875,29.0,2.163793103448276,847.12,trail,True,True,27,2
2024-10-09 12:32:00,2024-10-09 12:36:00,kalman_mom,long,21612.5,21603.25,21635.5,21603.1875,37.0,-1.0067567567567568,-391.12,stop,False,False,21,4
2024-10-09 13:34:00,2024-10-09 13:35:00,pm_mom,long,21623.5,21617.5,21635.5,21617.4375,24.0,-1.0104166666666667,-400.12,stop,False,False,33,1
2024-10-10 13:31:00,2024-10-10 13:33:00,pm_mom,long,21662.5,21655.75,21676.0,21667.9375,27.0,0.8055555555555556,315.38,trail,True,True,29,2
2024-10-10 13:56:00,2024-10-10 13:57:00,trend,short,21618.5,21626.0,21576.5,21626.0625,30.0,-1.0083333333333333,-393.25,stop,False,False,26,1
2024-10-11 10:18:00,2024-10-11 10:20:00,kalman_mom,long,21633.75,21629.75,21643.75,21649.4375,16.0,3.921875,1568.75,trail,True,True,50,2
2024-10-14 10:30:00,2024-10-14 10:31:00,kalman_mom,long,21840.0,21835.5,21851.25,21835.4375,18.0,-1.0138888888888888,-401.5,stop,False,False,44,1
2024-10-14 13:30:00,2024-10-14 13:33:00,pm_mom,long,21806.5,21799.5,21820.5,21799.4375,28.0,-1.0089285714285714,-395.5,stop,False,False,28,3
2024-10-15 10:17:00,2024-10-15 10:19:00,vwap_rev,long,21768.25,21759.75,21820.25,21768.1875,34.0,-0.0073529411764705,-2.87,trail,True,True,23,2
2024-10-15 10:44:00,2024-10-15 10:47:00,trend,short,21587.25,21604.25,21529.25,21587.3125,68.0,-0.0036764705882352,-1.37,trail,True,True,11,3
2024-10-15 11:00:00,2024-10-15 11:02:00,trend,short,21597.5,21619.75,21529.25,21582.0625,89.0,0.6938202247191011,247.0,trail,True,True,8,2
2024-10-15 11:06:00,2024-10-15 11:08:00,trend,short,21596.5,21609.75,21570.0,21596.5625,53.0,-0.0047169811320754,-1.87,trail,True,True,15,2
2024-10-15 11:19:00,2024-10-15 11:20:00,kalman_mom,long,21630.75,21627.0,21640.0,21626.9375,15.0,-1.0166666666666666,-381.25,stop,False,False,50,1
2024-10-15 13:40:00,2024-10-15 13:42:00,pm_mom,long,21565.5,21559.25,21578.0,21565.4375,24.93451149376051,-0.01,-3.99,trail,True,True,32,2
2024-10-16 10:00:00,2024-10-16 10:01:00,or_rev,long,21421.75,21413.25,21511.5,21413.1875,34.0,-1.0073529411764706,-393.88,stop,False,False,23,1
2024-10-16 10:15:00,2024-10-16 10:17:00,kalman_mom,long,21501.25,21493.25,21521.25,21493.1875,32.0,-1.0078125,-403.12,stop,False,False,25,2
2024-10-16 10:21:00,2024-10-16 10:24:00,trend,long,21503.0,21482.5,21544.0,21516.9375,82.0,0.6798780487804879,250.88,trail,True,True,9,3
2024-10-16 10:45:00,2024-10-16 10:47:00,pd_rev,long,21456.75,21443.25,21483.75,21471.9375,54.0,1.125,1002.38,trail,True,True,33,2
2024-10-16 13:37:00,2024-10-16 13:38:00,pm_mom,long,21524.75,21521.75,21530.75,21521.6875,12.0,-1.0208333333333333,-306.25,stop,False,False,50,1
2024-10-17 10:11:00,2024-10-17 10:13:00,or_rev,long,21575.75,21564.0,21690.0,21601.1875,47.0,2.1648936170212765,864.88,trail,True,True,17,2
2024-10-18 11:59:00,2024-10-18 12:01:00,ema_rev,long,21662.25,21656.75,21678.25,21671.1875,22.0,1.625,643.5,trail,True,True,36,2
2024-10-18 12:55:00,2024-10-18 12:57:00,kalman_mom,long,21704.0,21697.25,21721.0,21718.4375,27.0,2.138888888888889,837.38,trail,True,True,29,2
2024-10-21 11:19:00,2024-10-21 11:21:00,or_rev,long,21566.5,21562.75,21651.5,21575.4375,15.0,2.3833333333333333,893.75,trail,True,True,50,2
2024-10-22 10:02:00,2024-10-22 10:03:00,trend,long,21657.0,21647.0,21677.5,21646.9375,40.0,-1.00625,-402.5,stop,False,False,20,1
2024-10-22 12:27:00,2024-10-22 12:29:00,ema_rev,long,21638.25,21628.0,21655.25,21646.1875,41.0,0.774390243902439,301.62,trail,True,True,19,2
2024-10-22 12:58:00,2024-10-22 13:00:00,kalman_mom,long,21696.75,21690.0,21713.5,21696.6875,27.0,-0.0092592592592592,-3.62,trail,True,True,29,2
2024-10-22 13:33:00,2024-10-22 13:35:00,trend,long,21705.25,21698.75,21718.25,21715.1875,26.0,1.5288461538461535,596.25,trail,True,True,30,2
2024-10-23 10:06:00,2024-10-23 10:07:00,ou_rev,long,21582.75,21569.75,21623.5,21569.6875,52.0,-1.0048076923076923,-1306.25,stop,False,False,50,1
2024-10-23 11:18:00,2024-10-23 11:19:00,vwap_rev,long,21538.5,21528.75,21603.75,21528.6875,39.0,-1.0064102564102564,-392.5,stop,False,False,20,1
2024-10-23 11:50:00,2024-10-23 11:51:00,kalman_mom,long,21538.75,21535.0,21548.0,21548.0,15.0,2.466666666666667,925.0,target,False,False,50,1
2024-10-23 12:26:00,2024-10-23 12:28:00,ema_rev,long,21474.25,21464.0,21494.0,21474.1875,41.0,-0.0060975609756097,-2.37,trail,True,True,19,2
2024-10-23 14:24:00,2024-10-23 14:27:00,pm_mom,long,21314.75,21305.0,21334.25,21334.1875,39.0,1.993589743589744,777.5,trail,True,True,20,3
2024-10-24 10:39:00,2024-10-24 10:41:00,vwap_rev,short,21567.0,21572.5,21537.75,21557.0625,22.0,1.8068181818181817,715.5,trail,True,True,36,2
2024-10-24 12:14:00,2024-10-24 12:16:00,vwap_rev,long,21468.5,21459.25,21529.5,21468.4375,37.0,-0.0067567567567567,-2.62,trail,True,True,21,2
2024-10-24 12:28:00,2024-10-24 12:30:00,kalman_mom,long,21516.75,21506.5,21542.5,21527.4375,41.0,1.0426829268292683,406.12,trail,True,True,19,2
2024-10-25 10:16:00,2024-10-25 10:18:00,kalman_mom,long,21857.5,21850.0,21876.25,21857.4375,30.0,-0.0083333333333333,-3.25,trail,True,True,26,2
2024-10-25 13:15:00,2024-10-25 13:16:00,ema_rev,long,21816.0,21807.0,21832.5,21806.9375,36.0,-1.0069444444444444,-398.75,stop,False,False,22,1
2024-10-25 13:52:00,2024-10-25 13:53:00,pm_mom,long,21763.25,21754.0,21781.75,21753.9375,37.0,-1.0067567567567568,-391.12,stop,False,False,21,1
2024-10-25 14:16:00,2024-10-25 14:21:00,ou_rev,long,21700.25,21684.5,21806.0,21719.4375,63.0,1.218253968253968,1918.75,trail,True,True,50,5
2024-10-28 11:10:00,2024-10-28 11:12:00,or_rev,long,21750.25,21740.5,21791.0,21761.1875,39.0,1.1217948717948718,437.5,trail,True,True,20,2
2024-10-28 12:40:00,2024-10-28 12:42:00,vwap_rev,long,21719.0,21715.0,21765.0,21736.1875,16.0,4.296875,1718.75,trail,True,True,50,2
2024-10-29 09:55:00,2024-10-29 09:58:00,sweep,long,21694.0,21680.75,21727.0,21717.1875,53.0,1.75,695.62,trail,True,True,15,3
2024-10-29 13:35:00,2024-10-29 13:37:00,pm_mom,long,21875.25,21867.25,21891.25,21881.6875,32.0,0.8046875,321.88,trail,False,True,25,2
2024-10-30 10:10:00,2024-10-30 10:21:00,trend,long,21867.0,21850.75,21899.5,21880.1875,65.0,0.8115384615384615,316.5,trail,True,True,12,11
2024-10-30 13:37:00,2024-10-30 13:39:00,ema_rev,long,21788.0,21775.0,21817.5,21787.9375,52.0,-0.0048076923076923,-1.87,trail,True,True,15,2
2024-10-31 10:03:00,2024-10-31 10:05:00,or_rev,long,21346.25,21334.0,21513.0,21361.9375,49.0,1.280612244897959,502.0,trail,False,True,16,2
2024-10-31 10:24:00,2024-10-31 10:25:00,kalman_mom,long,21389.75,21384.0,21404.0,21383.9375,23.0,-1.0108695652173914,-395.25,stop,False,False,34,1
2024-10-31 10:38:00,2024-10-31 10:41:00,trend,short,21323.75,21337.5,21296.25,21323.8125,55.0,-0.0045454545454545,-1.75,trail,True,True,14,3
2024-10-31 10:43:00,2024-10-31 10:46:00,trend,short,21321.5,21336.0,21292.5,21321.5625,58.0,-0.0043103448275862,-1.62,trail,True,True,13,3
2024-10-31 10:52:00,2024-10-31 10:53:00,ema_rev,long,21277.75,21270.0,21312.5,21269.9375,31.0,-1.0080645161290325,-390.63,stop,False,False,25,1
2024-11-01 10:49:00,2024-11-01 10:50:00,kalman_mom,short,21383.5,21389.75,21368.0,21389.8125,25.0,-1.01,-404.0,stop,False,False,32,1
2024-11-01 13:34:00,2024-11-01 13:36:00,pm_mom,short,21393.25,21401.75,21376.0,21373.3125,34.37073739663174,2.3455882352941178,927.13,trail,True,True,23,2
2024-11-04 10:08:00,2024-11-04 10:10:00,or_rev,short,21339.5,21354.5,21275.0,21325.0625,60.0,0.9625,375.38,trail,True,True,13,2
2024-11-04 10:20:00,2024-11-04 10:21:00,ema_rev,short,21359.0,21364.25,21335.0,21364.3125,21.0,-1.011904761904762,-403.75,stop,False,False,38,1
2024-11-04 11:46:00,2024-11-04 11:47:00,kalman_mom,short,21303.25,21308.75,21289.5,21289.5,22.0,2.5,990.0,target,False,False,36,1
2024-11-05 10:05:00,2024-11-05 10:07:00,or_rev,short,21493.5,21501.75,21392.25,21493.5625,33.0,-0.0075757575757575,-3.0,trail,True,True,24,2
2024-11-05 10:33:00,2024-11-05 10:35:00,kalman_mom,short,21467.5,21477.75,21442.0,21467.5625,41.0,-0.0060975609756097,-2.37,trail,True,True,19,2
2024-11-05 11:26:00,2024-11-05 11:28:00,ema_rev,short,21507.75,21512.25,21491.25,21497.0625,18.0,2.375,940.5,trail,True,True,44,2
2024-11-06 10:15:00,2024-11-06 10:16:00,kalman_mom,long,21946.25,21937.0,21969.5,21936.9375,37.0,-1.0067567567567568,-391.12,stop,False,False,21,1
2024-11-06 10:24:00,2024-11-06 10:26:00,trend,long,21980.5,21962.25,22017.0,21962.1875,73.0,-1.0034246575342465,-366.25,stop,False,False,10,2
2024-11-06 10:29:00,2024-11-06 10:34:00,trend,long,21997.25,21976.75,22038.25,21997.1875,82.0,-0.0030487804878048,-1.12,trail,True,True,9,5
2024-11-06 11:04:00,2024-11-06 11:06:00,ema_rev,long,21903.25,21889.5,21926.5,21919.4375,55.0,1.1772727272727272,453.25,trail,True,True,14,2
2024-11-06 13:30:00,2024-11-06 13:32:00,pm_mom,long,22057.25,22052.75,22066.25,22057.1875,18.0,-0.0138888888888888,-5.5,trail,True,True,44,2
2024-11-07 13:40:00,2024-11-07 13:41:00,pm_mom,long,22372.75,22369.5,22379.25,22369.4375,13.0,-1.0192307692307692,-331.25,stop,False,False,50,1
2024-11-08 10:16:00,2024-11-08 10:18:00,ou_rev,long,22368.25,22358.75,22400.5,22387.4375,38.0,2.0197368421052637,1918.75,trail,True,True,50,2
2024-11-11 09:51:00,2024-11-11 09:54:00,ou_rev,long,22394.25,22381.75,22439.25,22381.6875,50.0,-1.005,-1256.25,stop,False,False,50,3
2024-11-11 10:03:00,2024-11-11 10:06:00,or_rev,long,22369.5,22356.75,22457.5,22356.6875,51.0,-1.0049019607843137,-384.38,stop,False,False,15,3
2024-11-11 12:49:00,2024-11-11 12:51:00,pd_rev,long,22363.25,22355.25,22406.0,22355.1875,32.0,-1.0078125,-806.25,stop,False,False,50,2
2024-11-11 13:08:00,2024-11-11 13:11:00,vwap_rev,long,22323.5,22313.75,22400.25,22313.6875,39.0,-1.0064102564102564,-392.5,trail,False,True,20,3
2024-11-11 13:53:00,2024-11-11 13:54:00,kalman_mom,long,22391.25,22385.5,22405.5,22385.4375,23.0,-1.0108695652173914,-395.25,stop,False,False,34,1
2024-11-12 11:11:00,2024-11-12 11:13:00,ou_rev,long,22380.25,22374.75,22412.0,22385.9375,22.0,1.0340909090909092,568.75,trail,True,True,50,2
2024-11-12 11:16:00,2024-11-12 11:18:00,vwap_rev,long,22371.0,22367.25,22410.75,22381.4375,15.0,2.783333333333333,1043.75,trail,True,True,50,2
2024-11-13 10:02:00,2024-11-13 10:04:00,vwap_rev,long,22312.5,22304.5,22350.75,22312.4375,32.0,-0.0078125,-3.12,trail,True,True,25,2
2024-11-13 13:30:00,2024-11-13 13:31:00,pm_mom,long,22425.25,22421.75,22432.25,22432.25,14.0,2.0,700.0,target,False,False,50,1
2024-11-13 14:20:00,2024-11-13 14:22:00,trend,short,22406.5,22421.25,22377.0,22421.3125,59.0,-1.0042372881355932,-385.12,trail,False,True,13,2
2024-11-13 14:29:00,2024-11-13 14:32:00,trend,short,22408.75,22421.0,22384.25,22387.5625,49.0,1.729591836734694,678.0,trail,True,True,16,3
2024-11-14 09:50:00,2024-11-14 09:52:00,ou_rev,long,22284.75,22270.25,22323.5,22319.6875,58.0,2.409482758620689,3493.75,trail,True,True,50,2
2024-11-15 10:03:00,2024-11-15 10:04:00,ou_rev,long,21878.5,21869.25,21917.25,21869.1875,37.0,-1.0067567567567568,-931.25,stop,False,False,50,1
2024-11-15 10:15:00,2024-11-15 10:17:00,ou_rev,long,21828.5,21819.0,21902.5,21828.4375,38.0,-0.006578947368421,-6.25,trail,True,True,50,2
2024-11-15 14:05:00,2024-11-15 14:09:00,pm_mom,long,21636.75,21629.25,21651.75,21653.6875,30.0,2.2583333333333333,880.75,trail,True,True,26,4
2024-11-18 10:06:00,2024-11-18 10:08:00,vwap_rev,short,21776.5,21786.5,21734.75,21776.5625,40.0,-0.00625,-2.5,trail,True,True,20,2
2024-11-18 10:17:00,2024-11-18 10:19:00,kalman_mom,long,21811.25,21805.25,21826.25,21817.4375,24.0,1.03125,408.38,trail,False,True,33,2
2024-11-18 10:26:00,2024-11-18 10:27:00,ema_rev,short,21817.0,21823.25,21796.5,21823.3125,25.0,-1.01,-404.0,stop,False,False,32,1
2024-11-18 13:30:00,2024-11-18 13:31:00,pm_mom,short,21843.5,21849.0,21832.5,21849.0625,22.0,-1.0113636363636365,-400.5,stop,False,False,36,1
2024-11-19 10:21:00,2024-11-19 10:22:00,kalman_mom,long,21761.25,21758.25,21768.75,21758.1875,12.0,-1.0208333333333333,-306.25,stop,False,False,50,1
2024-11-19 10:35:00,2024-11-19 10:37:00,vwap_rev,short,21810.5,21819.25,21756.0,21819.3125,35.0,-1.0071428571428571,-387.75,stop,False,False,22,2
2024-11-19 10:57:00,2024-11-19 10:58:00,ou_rev,short,21839.75,21845.75,21770.25,21845.8125,24.0,-1.0104166666666667,-606.25,stop,False,False,50,1
2024-11-19 11:20:00,2024-11-19 11:22:00,ema_rev,short,21872.25,21880.0,21856.25,21855.0625,31.0,2.217741935483871,859.38,trail,True,True,25,2
2024-11-19 13:27:00,2024-11-19 13:28:00,pd_rev,short,21921.0,21925.5,21820.0,21925.5625,18.0,-1.0138888888888888,-456.25,stop,False,False,50,1
2024-11-19 13:34:00,2024-11-19 13:36:00,pm_mom,long,21927.0,21921.75,21937.5,21926.9375,21.0,-0.0119047619047619,-4.75,trail,True,True,38,2
2024-11-20 10:04:00,2024-11-20 10:05:00,or_rev,long,21813.75,21804.0,21894.5,21803.9375,39.0,-1.0064102564102564,-392.5,stop,False,False,20,1
2024-11-20 10:18:00,2024-11-20 10:22:00,trend,short,21707.0,21730.25,21660.5,21707.0625,93.0,-0.0026881720430107,-1.0,trail,True,True,8,4
2024-11-20 10:24:00,2024-11-20 10:25:00,trend,short,21698.75,21711.25,21673.75,21711.3125,50.0,-1.005,-402.0,stop,False,False,16,1
2024-11-20 10:37:00,2024-11-20 10:38:00,kalman_mom,long,21746.0,21741.0,21758.5,21758.5,20.0,2.5,1000.0,target,False,False,40,1
2024-11-20 13:58:00,2024-11-20 14:01:00,pm_mom,long,21786.25,21778.0,21802.75,21786.1875,33.0,-0.0075757575757575,-3.0,trail,True,True,24,3
2024-11-20 14:26:00,2024-11-20 14:28:00,ou_rev,long,21766.0,21755.5,21808.25,21774.1875,42.0,0.7797619047619048,818.75,trail,True,True,50,2
2024-11-21 10:06:00,2024-11-21 10:08:00,trend,short,21812.5,21841.5,21754.5,21774.8125,116.0,1.299568965517241,452.25,trail,True,True,6,2
2024-11-21 10:11:00,2024-11-21 10:13:00,trend,short,21809.25,21819.0,21774.25,21809.3125,39.0,-0.0064102564102564,-2.5,trail,True,True,20,2
2024-11-21 10:18:00,2024-11-21 10:20:00,kalman_mom,long,21883.0,21874.25,21905.0,21882.9375,35.0,-0.0071428571428571,-2.75,trail,True,True,22,2
2024-11-21 10:39:00,2024-11-21 10:42:00,or_rev,long,21742.5,21727.5,21965.0,21727.4375,60.0,-1.0041666666666669,-391.63,stop,False,False,13,3
2024-11-21 11:07:00,2024-11-21 11:10:00,trend,long,21924.25,21904.5,21963.75,21904.4375,79.0,-1.0031645569620251,-396.25,stop,False,False,10,3
2024-11-21 13:30:00,2024-11-21 13:32:00,pm_mom,long,22044.5,22037.25,22059.0,22061.6875,29.0,2.3706896551724137,928.12,trail,True,True,27,2
2024-11-22 10:16:00,2024-11-22 10:17:00,or_rev,long,21968.0,21959.75,22014.0,21959.6875,33.0,-1.0075757575757576,-399.0,stop,False,False,24,1
2024-11-22 10:30:00,2024-11-22 10:32:00,ou_rev,long,21938.75,21919.75,22001.5,21968.4375,76.0,1.5625,2968.75,trail,True,True,50,2
2024-11-22 13:33:00,2024-11-22 13:34:00,pm_mom,long,22067.5,22064.25,22074.0,22064.1875,13.0,-1.0192307692307692,-331.25,stop,False,False,50,1
2024-11-25 10:04:00,2024-11-25 10:06:00,or_rev,long,22114.5,22103.25,22216.5,22135.1875,45.0,1.8388888888888888,703.38,trail,True,True,17,2
2024-11-25 10:32:00,2024-11-25 10:33:00,kalman_mom,long,22125.25,22118.25,22142.75,22118.1875,28.0,-1.0089285714285714,-395.5,stop,False,False,28,1
2024-11-25 12:16:00,2024-11-25 12:17:00,ema_rev,long,22044.25,22036.25,22075.75,22036.1875,32.0,-1.0078125,-403.12,stop,False,False,25,1
2024-11-25 12:24:00,2024-11-25 12:25:00,vwap_rev,long,22019.25,22013.5,22134.0,22013.4375,23.0,-1.0108695652173914,-395.25,stop,False,False,34,1
2024-11-25 13:34:00,2024-11-25 13:36:00,pm_mom,long,22080.5,22072.75,22096.0,22080.4375,31.0,-0.0080645161290322,-3.12,trail,True,True,25,2
2024-11-26 10:19:00,2024-11-26 10:20:00,vwap_rev,long,22134.25,22125.75,22173.25,22125.6875,34.0,-1.0073529411764706,-393.88,stop,False,False,23,1
2024-11-26 13:33:00,2024-11-26 13:36:00,pm_mom,long,22163.5,22156.25,22178.0,22156.1875,29.0,-1.0086206896551724,-394.88,stop,False,False,27,3
2024-11-27 10:05:00,2024-11-27 10:06:00,or_rev,long,22049.25,22043.75,22094.0,22043.6875,22.0,-1.0113636363636365,-400.5,stop,False,False,36,1
2024-11-27 10:18:00,2024-11-27 10:20:00,ou_rev,long,22000.25,21986.75,22058.75,22013.1875,54.0,0.9583333333333334,1293.75,trail,True,True,50,2
2024-11-27 10:39:00,2024-11-27 10:41:00,vwap_rev,long,21933.75,21923.5,22035.0,21946.9375,41.0,1.2865853658536586,501.12,trail,True,True,19,2
2024-11-27 13:35:00,2024-11-27 13:36:00,pm_mom,long,21982.75,21980.0,21988.25,21988.25,11.0,2.0,550.0,target,False,False,50,1
2024-11-29 09:53:00,2024-11-29 09:56:00,sweep,long,22085.75,22067.5,22131.5,22098.9375,73.0,0.7226027397260274,263.75,trail,False,True,10,3
2024-11-29 10:15:00,2024-11-29 10:17:00,kalman_mom,long,22159.75,22153.0,22176.5,22166.6875,27.0,1.0277777777777777,402.37,trail,True,True,29,2
2024-12-02 10:15:00,2024-12-02 10:18:00,kalman_mom,long,22388.5,22378.25,22414.0,22378.1875,41.0,-1.0060975609756098,-391.88,trail,False,True,19,3
2024-12-02 13:40:00,2024-12-02 13:42:00,pm_mom,long,22416.0,22410.5,22427.0,22420.1875,22.0,0.7613636363636364,301.5,trail,False,True,36,2
2024-12-03 12:47:00,2024-12-03 12:49:00,kalman_mom,long,22414.0,22408.25,22428.5,22423.9375,23.0,1.7282608695652173,675.75,trail,True,True,34,2
2024-12-03 13:52:00,2024-12-03 13:54:00,pm_mom,long,22428.0,22424.0,22436.0,22434.4375,16.0,1.609375,643.75,trail,True,True,50,2
2024-12-04 13:47:00,2024-12-04 13:48:00,pm_mom,long,22662.75,22660.25,22667.75,22667.75,10.0,2.0,500.0,target,False,False,50,1
2024-12-05 10:00:00,2024-12-05 10:02:00,or_rev,long,22708.5,22696.5,22733.0,22720.6875,48.0,1.015625,390.0,trail,True,True,16,2
2024-12-05 10:53:00,2024-12-05 10:55:00,ou_rev,long,22695.5,22686.25,22719.75,22709.4375,37.0,1.5067567567567568,1393.75,trail,True,True,50,2
2024-12-06 10:15:00,2024-12-06 10:17:00,kalman_mom,long,22821.25,22813.75,22840.0,22821.1875,30.0,-0.0083333333333333,-3.25,trail,True,True,26,2
2024-12-06 13:53:00,2024-12-06 13:56:00,pm_mom,long,22851.5,22846.5,22861.5,22846.4375,20.0,-1.0125,-405.0,stop,False,False,40,3
2024-12-09 10:30:00,2024-12-09 10:32:00,vwap_rev,long,22752.0,22742.5,22809.5,22774.9375,38.0,2.414473684210526,963.37,trail,True,True,21,2
2024-12-10 10:15:00,2024-12-10 10:17:00,kalman_mom,long,22793.75,22782.5,22822.0,22804.6875,45.0,0.9722222222222222,371.88,trail,True,True,17,2
2024-12-10 10:42:00,2024-12-10 10:44:00,trend,short,22747.0,22764.75,22711.5,22764.8125,71.0,-1.0035211267605637,-391.88,stop,False,False,11,2
2024-12-10 10:52:00,2024-12-10 10:53:00,ema_rev,long,22736.5,22729.75,22754.25,22729.6875,27.0,-1.0092592592592593,-395.12,stop,False,False,29,1
2024-12-10 11:00:00,2024-12-10 11:01:00,or_rev,long,22703.25,22694.25,22734.5,22694.1875,36.0,-1.0069444444444444,-398.75,stop,False,False,22,1
2024-12-10 11:11:00,2024-12-10 11:13:00,vwap_rev,long,22675.5,22667.25,22744.75,22696.9375,33.0,2.5984848484848486,1029.0,trail,True,True,24,2
2024-12-10 11:35:00,2024-12-10 11:38:00,vwap_rev,long,22665.25,22655.0,22736.75,22665.1875,41.0,-0.0060975609756097,-2.37,trail,True,True,19,3
2024-12-10 13:30:00,2024-12-10 13:32:00,pm_mom,long,22675.75,22669.0,22689.25,22668.9375,27.0,-1.0092592592592593,-395.12,stop,False,False,29,2
2024-12-10 13:50:00,2024-12-10 13:51:00,ou_rev,long,22663.25,22659.25,22714.0,22659.1875,16.0,-1.015625,-406.25,stop,False,False,50,1
2024-12-11 10:00:00,2024-12-11 10:08:00,trend,long,22893.5,22876.0,22928.5,22918.4375,70.0,1.425,548.62,trail,True,True,11,8
2024-12-11 11:07:00,2024-12-11 11:09:00,kalman_mom,long,22924.5,22913.5,22952.0,22913.4375,44.0,-1.005681818181818,-398.25,stop,False,False,18,2
2024-12-11 11:35:00,2024-12-11 11:37:00,trend,long,22956.5,22951.0,22967.5,22967.4375,22.0,1.9886363636363635,787.5,trail,True,True,36,2
2024-12-12 10:14:00,2024-12-12 10:16:00,ou_rev,long,22838.25,22822.25,22867.75,22849.6875,64.0,0.71484375,1143.75,trail,True,True,50,2
2024-12-12 11:44:00,2024-12-12 11:46:00,ema_rev,long,22895.25,22888.75,22905.75,22895.1875,26.0,-0.0096153846153846,-3.75,trail,True,True,30,2
2024-12-12 12:21:00,2024-12-12 12:22:00,kalman_mom,long,22913.25,22908.75,22924.5,22908.6875,18.0,-1.0138888888888888,-401.5,stop,False,False,44,1
2024-12-12 13:53:00,2024-12-12 13:56:00,trend,short,22903.25,22911.25,22887.25,22896.8125,32.0,0.8046875,321.88,trail,True,True,25,3
2024-12-12 13:59:00,2024-12-12 14:02:00,trend,short,22894.5,22905.5,22872.5,22894.5625,44.0,-0.0056818181818181,-2.25,trail,True,True,18,3
2024-12-12 14:04:00,2024-12-12 14:05:00,trend,short,22894.75,22901.0,22882.25,22901.0625,25.0,-1.01,-404.0,stop,False,False,32,1
2024-12-13 10:44:00,2024-12-13 10:46:00,vwap_rev,long,22933.75,22921.5,23035.75,22948.9375,49.0,1.239795918367347,486.0,trail,True,True,16,2
2024-12-13 11:01:00,2024-12-13 11:02:00,vwap_rev,long,22887.5,22878.0,23015.5,22877.9375,38.0,-1.006578947368421,-401.62,stop,False,False,21,1
2024-12-13 11:23:00,2024-12-13 11:25:00,kalman_mom,long,22917.25,22910.5,22934.0,22925.9375,27.0,1.287037037037037,503.88,trail,False,True,29,2
2024-12-13 13:30:00,2024-12-13 13:32:00,pm_mom,long,22939.5,22933.75,22951.0,22933.6875,23.0,-1.0108695652173914,-395.25,trail,False,True,34,2
2024-12-16 13:36:00,2024-12-16 13:42:00,pm_mom,long,23325.75,23317.0,23343.25,23331.9375,35.0,0.7071428571428572,272.25,trail,False,True,22,6
2024-12-17 10:15:00,2024-12-17 10:16:00,or_rev,long,23190.0,23179.5,23220.75,23179.4375,42.0,-1.005952380952381,-401.38,stop,False,False,19,1
2024-12-17 12:43:00,2024-12-17 12:45:00,kalman_mom,long,23259.25,23252.75,23275.5,23266.4375,26.0,1.1057692307692308,431.25,trail,True,True,30,2
2024-12-17 13:32:00,2024-12-17 13:35:00,trend,short,23228.25,23237.75,23209.25,23237.8125,38.0,-1.006578947368421,-401.62,stop,False,False,21,3
2024-12-18 11:44:00,2024-12-18 11:46:00,kalman_mom,long,23229.0,23225.0,23239.0,23234.4375,16.0,1.359375,543.75,trail,True,True,50,2
2024-12-18 11:53:00,2024-12-18 11:56:00,trend,long,23235.0,23225.75,23253.5,23225.6875,37.0,-1.0067567567567568,-391.12,stop,False,False,21,3
2024-12-18 13:36:00,2024-12-18 13:37:00,pm_mom,long,23215.75,23212.5,23222.25,23212.4375,13.0,-1.0192307692307692,-331.25,stop,False,False,50,1
2024-12-18 14:16:00,2024-12-18 14:19:00,trend,short,23019.5,23047.5,22963.5,22989.5625,112.0,1.0691964285714286,419.12,trail,False,True,7,3
2024-12-19 10:24:00,2024-12-19 10:26:00,or_rev,long,22455.25,22445.5,22545.0,22488.9375,39.0,3.4551282051282053,1347.5,trail,True,True,20,2
2024-12-20 10:22:00,2024-12-20 10:24:00,ou_rev,short,22262.75,22271.5,22173.5,22271.5625,35.0,-1.0071428571428571,-881.25,stop,False,False,50,2
2024-12-20 11:07:00,2024-12-20 11:09:00,ema_rev,short,22518.75,22532.25,22460.0,22518.8125,54.0,-0.0046296296296296,-1.75,trail,True,True,14,2
2024-12-20 12:11:00,2024-12-20 12:14:00,kalman_mom,long,22686.75,22678.25,22708.0,22686.6875,34.0,-0.0073529411764705,-2.87,trail,True,True,23,3
2024-12-20 13:27:00,2024-12-20 13:30:00,pd_rev,short,22607.5,22619.75,22446.75,22581.8125,49.0,2.096938775510204,1849.5,trail,True,True,36,3
2024-12-20 13:40:00,2024-12-20 13:41:00,pm_mom,short,22601.0,22604.0,22595.0,22595.0,12.0,2.0,600.0,target,False,False,50,1
2024-12-23 10:30:00,2024-12-23 10:32:00,or_rev,long,22453.25,22438.25,22554.25,22438.1875,60.0,-1.0041666666666669,-391.63,stop,False,False,13,2
2024-12-23 11:30:00,2024-12-23 11:32:00,ema_rev,short,22544.5,22550.75,22530.0,22516.0625,25.0,4.55,1820.0,trail,True,True,32,2
2024-12-26 10:11:00,2024-12-26 10:13:00,or_rev,long,22843.5,22839.5,22893.5,22866.6875,16.0,5.796875,2318.75,trail,True,True,50,2
2024-12-27 10:15:00,2024-12-27 10:16:00,or_rev,long,22490.25,22475.25,22693.0,22475.1875,60.0,-1.0041666666666669,-391.63,stop,False,False,13,1
2024-12-27 10:55:00,2024-12-27 10:56:00,kalman_mom,long,22527.0,22517.0,22552.0,22516.9375,40.0,-1.00625,-402.5,stop,False,False,20,1
2024-12-27 13:34:00,2024-12-27 13:36:00,pm_mom,long,22512.25,22503.0,22530.75,22512.1875,37.0,-0.0067567567567567,-2.62,trail,True,True,21,2
2024-12-30 10:19:00,2024-12-30 10:21:00,or_rev,long,22213.75,22204.25,22275.5,22213.6875,38.0,-0.006578947368421,-2.62,trail,True,True,21,2
2024-12-30 10:30:00,2024-12-30 10:32:00,ou_rev,long,22191.75,22182.5,22239.75,22191.6875,37.0,-0.0067567567567567,-6.25,trail,True,True,50,2
2024-12-30 11:38:00,2024-12-30 11:40:00,vwap_rev,short,22336.0,22344.75,22251.5,22328.5625,35.0,0.85,327.25,trail,True,True,22,2
2024-12-30 12:30:00,2024-12-30 12:32:00,ema_rev,short,22427.25,22432.0,22407.0,22427.3125,19.0,-0.0131578947368421,-5.25,trail,True,True,42,2
2024-12-30 13:30:00,2024-12-30 13:32:00,ou_rev,short,22433.75,22447.25,22304.0,22425.0625,54.0,0.6435185185185185,868.75,trail,False,True,50,2
2024-12-30 14:15:00,2024-12-30 14:17:00,sweep,long,22414.5,22397.5,22457.0,22430.6875,68.0,0.9522058823529412,356.12,trail,True,True,11,2
2024-12-31 10:13:00,2024-12-31 10:15:00,ou_rev,long,22262.5,22245.0,22329.5,22304.4375,70.0,2.396428571428572,4193.75,trail,True,True,50,2
2025-01-02 10:10:00,2025-01-02 10:11:00,or_rev,short,22331.0,22339.25,22181.75,22339.3125,33.0,-1.0075757575757576,-399.0,stop,False,False,24,1
2025-01-02 10:26:00,2025-01-02 10:27:00,kalman_mom,short,22207.75,22210.75,22200.25,22210.8125,12.0,-1.0208333333333333,-306.25,stop_ambiguous,False,False,50,1
2025-01-02 10:47:00,2025-01-02 10:49:00,trend,short,22134.75,22164.75,22074.75,22164.8125,120.0,-1.0020833333333334,-360.75,stop,False,False,6,2
2025-01-02 11:13:00,2025-01-02 11:15:00,trend,short,22135.25,22157.25,22091.25,22157.3125,88.0,-1.0028409090909092,-397.12,stop,False,False,9,2
2025-01-02 11:51:00,2025-01-02 11:52:00,ema_rev,short,22255.25,22263.25,22222.0,22263.3125,32.0,-1.0078125,-403.12,stop,False,False,25,1
2025-01-02 13:43:00,2025-01-02 13:44:00,trend,short,21926.25,21935.0,21905.25,21935.0625,35.0,-1.0071428571428571,-387.75,stop,False,False,22,1
2025-01-03 10:07:00,2025-01-03 10:09:00,ou_rev,short,22330.75,22353.25,22283.25,22330.8125,90.0,-0.0027777777777777,-6.25,trail,True,True,50,2
2025-01-03 11:36:00,2025-01-03 11:37:00,vwap_rev,short,22359.5,22366.0,22279.25,22366.0625,26.0,-1.0096153846153846,-393.75,stop,False,False,30,1
2025-01-03 12:17:00,2025-01-03 12:19:00,kalman_mom,short,22381.5,22391.5,22356.5,22369.0625,40.0,1.24375,497.5,trail,True,True,20,2
2025-01-06 10:17:00,2025-01-06 10:19:00,or_rev,short,22755.75,22770.5,22687.0,22770.5625,59.0,-1.0042372881355932,-385.12,stop,False,False,13,2
2025-01-06 10:30:00,2025-01-06 10:32:00,ou_rev,short,22789.5,22799.25,22722.75,22765.5625,39.0,2.4551282051282053,2393.75,trail,True,True,50,2
2025-01-06 10:35:00,2025-01-06 10:37:00,ou_rev,short,22770.5,22785.5,22725.75,22770.5625,60.0,-0.0041666666666666,-6.25,trail,True,True,50,2
2025-01-06 13:30:00,2025-01-06 13:33:00,pm_mom,long,22697.5,22687.75,22717.0,22687.6875,39.0,-1.0064102564102564,-392.5,stop,False,False,20,3
2025-01-06 13:51:00,2025-01-06 13:53:00,vwap_rev,long,22636.0,22625.25,22732.75,22654.1875,43.0,1.691860465116279,654.75,trail,True,True,18,2
2025-01-07 10:16:00,2025-01-07 10:18:00,trend,short,22485.25,22501.0,22453.75,22443.5625,63.0,2.6468253968253967,1000.5,trail,True,True,12,2
2025-01-08 10:06:00,2025-01-08 10:08:00,ou_rev,short,22295.0,22313.75,22256.75,22259.0625,75.0,1.9166666666666667,3593.75,trail,True,True,50,2
2025-01-08 11:39:00,2025-01-08 11:41:00,or_rev,short,22303.0,22316.5,22249.25,22289.3125,54.0,1.0138888888888888,383.25,trail,True,True,14,2
2025-01-10 10:39:00,2025-01-10 10:40:00,ema_rev,short,21973.75,21988.25,21924.5,21988.3125,58.0,-1.0043103448275863,-378.63,stop,False,False,13,1
2025-01-10 10:57:00,2025-01-10 10:58:00,kalman_mom,short,21933.75,21944.5,21907.0,21907.0,43.0,2.488372093023256,963.0,target,False,False,18,1
2025-01-10 14:03:00,2025-01-10 14:05:00,ou_rev,short,22053.5,22069.25,21927.5,22030.3125,63.0,1.4722222222222223,2318.75,trail,True,True,50,2
2025-01-13 10:20:00,2025-01-13 10:21:00,or_rev,short,21698.0,21709.75,21655.75,21709.8125,47.0,-1.00531914893617,-401.62,stop,False,False,17,1
2025-01-13 10:48:00,2025-01-13 10:49:00,vwap_rev,short,21776.5,21786.5,21689.75,21786.5625,40.0,-1.00625,-402.5,stop,False,False,20,1
2025-01-13 11:00:00,2025-01-13 11:01:00,kalman_mom,short,21710.25,21717.75,21691.5,21717.8125,30.0,-1.0083333333333333,-393.25,stop,False,False,26,1
2025-01-13 12:29:00,2025-01-13 12:31:00,ema_rev,short,21765.25,21774.0,21739.0,21742.3125,35.0,2.6214285714285714,1009.25,trail,True,True,22,2
2025-01-13 13:43:00,2025-01-13 13:45:00,pm_mom,short,21790.0,21795.25,21779.5,21774.3125,21.02700653864304,2.988095238095238,1193.78,trail,True,True,38,2
2025-01-14 10:31:00,2025-01-14 10:33:00,kalman_mom,short,21928.75,21941.25,21897.5,21915.8125,50.0,1.035,414.0,trail,False,True,16,2
2025-01-14 10:39:00,2025-01-14 10:41:00,trend,short,21885.25,21914.5,21826.75,21860.3125,117.0,0.8525641025641025,299.25,trail,True,True,6,2
2025-01-14 10:51:00,2025-01-14 10:53:00,trend,short,21875.75,21894.75,21837.75,21875.8125,76.0,-0.0032894736842105,-1.25,trail,True,True,10,2
2025-01-14 11:01:00,2025-01-14 11:03:00,trend,short,21842.75,21864.5,21799.25,21808.8125,87.0,1.5603448275862069,610.88,trail,True,True,9,2
2025-01-15 10:00:00,2025-01-15 10:01:00,or_rev,short,22239.25,22252.0,22157.5,22252.0625,51.0,-1.0049019607843137,-384.38,stop,False,False,15,1
2025-01-15 10:38:00,2025-01-15 10:39:00,kalman_mom,short,22280.5,22286.0,22266.75,22286.0625,22.0,-1.0113636363636365,-400.5,stop,False,False,36,1
2025-01-15 10:47:00,2025-01-15 10:49:00,ou_rev,short,22281.0,22289.5,22241.75,22262.3125,34.0,2.198529411764706,1868.75,trail,True,True,50,2
2025-01-15 13:32:00,2025-01-15 13:33:00,ema_rev,short,22303.25,22307.75,22283.5,22307.8125,18.0,-1.0138888888888888,-401.5,stop,False,False,44,1
2025-01-15 13:38:00,2025-01-15 13:39:00,pm_mom,short,22280.75,22286.0,22270.25,22286.0625,21.0,-1.011904761904762,-403.75,stop,False,False,38,1
2025-01-16 10:02:00,2025-01-16 10:04:00,ou_rev,long,22266.0,22247.75,22328.75,22313.4375,73.0,2.5993150684931505,4743.75,trail,True,True,50,2
2025-01-20 10:25:00,2025-01-20 10:26:00,or_rev,long,22602.75,22589.5,22655.75,22589.4375,53.0,-1.0047169811320755,-399.38,stop,False,False,15,1
2025-01-20 10:57:00,2025-01-20 10:59:00,kalman_mom,long,22600.25,22589.25,22627.75,22589.1875,44.0,-1.005681818181818,-398.25,stop,False,False,18,2
2025-01-21 10:15:00,2025-01-21 10:16:00,ou_rev,long,22451.0,22443.0,22543.0,22442.9375,32.0,-1.0078125,-806.25,stop,False,False,50,1
2025-01-21 10:28:00,2025-01-21 10:30:00,pd_rev,long,22534.25,22520.75,22561.25,22554.6875,54.0,1.5138888888888888,1348.88,trail,True,True,33,2
2025-01-21 10:42:00,2025-01-21 10:45:00,sweep,long,22545.5,22528.25,22588.5,22561.4375,69.0,0.9239130434782608,350.62,trail,True,True,11,3
2025-01-21 13:34:00,2025-01-21 13:35:00,pm_mom,long,22666.25,22663.75,22671.25,22663.6875,10.0,-1.025,-256.25,stop,False,False,50,1
2025-01-22 11:40:00,2025-01-22 11:43:00,kalman_mom,long,22975.75,22971.75,22985.75,22975.6875,16.0,-0.015625,-6.25,trail,True,True,50,3
2025-01-22 11:47:00,2025-01-22 11:49:00,trend,long,22976.25,22970.0,22988.75,22976.1875,25.0,-0.01,-4.0,trail,True,True,32,2
2025-01-22 11:53:00,2025-01-22 11:58:00,trend,long,22982.5,22972.5,23002.5,22982.4375,40.0,-0.00625,-2.5,trail,True,True,20,5
2025-01-22 12:46:00,2025-01-22 12:48:00,ema_rev,long,22961.25,22957.5,22974.25,22972.4375,15.0,2.9833333333333334,1118.75,trail,True,True,50,2
2025-01-23 09:45:00,2025-01-23 09:47:00,sweep,long,22826.75,22809.25,22870.5,22809.1875,70.0,-1.0035714285714286,-386.38,stop,False,False,11,2
2025-01-23 09:55:00,2025-01-23 09:56:00,pd_rev,long,22817.0,22807.0,22837.0,22806.9375,40.0,-1.00625,-905.62,stop,False,False,45,1
2025-01-23 13:31:00,2025-01-23 13:33:00,pm_mom,long,22876.5,22870.75,22888.0,22884.4375,23.0,1.3804347826086956,539.75,trail,True,True,34,2
2025-01-23 13:57:00,2025-01-23 13:59:00,trend,short,22865.75,22872.25,22852.75,22872.3125,26.0,-1.0096153846153846,-393.75,stop,False,False,30,2
2025-01-23 14:02:00,2025-01-23 14:05:00,trend,short,22866.25,22872.25,22854.25,22857.5625,24.0,1.4479166666666667,573.38,trail,True,True,33,3
2025-01-23 14:14:00,2025-01-23 14:17:00,ema_rev,long,22840.75,22836.5,22854.75,22840.6875,17.0,-0.0147058823529411,-5.87,trail,True,True,47,3
2025-01-24 10:24:00,2025-01-24 10:26:00,or_rev,long,22910.5,22903.75,22938.0,22910.4375,27.0,-0.0092592592592592,-3.62,trail,True,True,29,2
2025-01-24 11:01:00,2025-01-24 11:03:00,ou_rev,long,22911.0,22894.75,22935.5,22894.6875,65.0,-1.0038461538461538,-1631.25,stop,False,False,50,2
2025-01-24 11:06:00,2025-01-24 11:08:00,ou_rev,long,22893.5,22881.75,22933.75,22909.6875,47.0,1.377659574468085,1618.75,trail,True,True,50,2
2025-01-24 13:04:00,2025-01-24 13:06:00,vwap_rev,long,22854.0,22848.5,22921.0,22853.9375,22.0,-0.0113636363636363,-4.5,trail,True,True,36,2
2025-01-24 13:32:00,2025-01-24 13:33:00,pm_mom,long,22855.75,22850.0,22867.25,22849.9375,23.0,-1.0108695652173914,-395.25,stop,False,False,34,1
2025-01-24 13:40:00,2025-01-24 13:41:00,ou_rev,long,22837.75,22831.25,22912.75,22831.1875,26.0,-1.0096153846153846,-656.25,stop,False,False,50,1
2025-01-27 10:37:00,2025-01-27 10:38:00,kalman_mom,long,22293.75,22287.75,22308.75,22287.6875,24.0,-1.0104166666666667,-400.12,stop,False,False,33,1
2025-01-27 11:27:00,2025-01-27 11:28:00,ema_rev,long,22131.75,22124.0,22169.5,22123.9375,31.0,-1.0080645161290325,-390.63,stop,False,False,25,1
2025-01-27 13:01:00,2025-01-27 13:03:00,vwap_rev,long,22055.0,22050.25,22181.75,22084.9375,19.0,6.302631578947368,2514.75,trail,True,True,42,2
2025-01-28 10:05:00,2025-01-28 10:07:00,vwap_rev,short,22268.5,22275.0,22160.0,22268.5625,26.0,-0.0096153846153846,-3.75,trail,True,True,30,2
2025-01-28 10:26:00,2025-01-28 10:27:00,ema_rev,short,22345.5,22354.25,22289.5,22354.3125,35.0,-1.0071428571428571,-387.75,stop,False,False,22,1
2025-01-28 10:54:00,2025-01-28 10:56:00,pd_rev,short,22328.75,22343.75,22236.75,22328.8125,60.0,-0.0041666666666666,-3.75,trail,True,True,30,2
2025-01-28 11:22:00,2025-01-28 11:24:00,kalman_mom,short,22356.25,22363.5,22338.0,22343.0625,29.0,1.8189655172413792,712.12,trail,True,True,27,2
2025-01-28 11:34:00,2025-01-28 11:37:00,trend,short,22327.75,22335.75,22299.5,22308.3125,32.0,2.4296875,971.88,trail,True,True,25,3
2025-01-29 10:30:00,2025-01-29 10:32:00,ou_rev,long,22414.75,22394.25,22446.5,22414.6875,82.0,-0.0030487804878048,-6.25,trail,True,True,50,2
2025-01-29 10:48:00,2025-01-29 10:50:00,ou_rev,long,22381.75,22371.75,22440.0,22419.1875,40.0,3.74375,3743.75,trail,True,True,50,2
2025-01-30 10:09:00,2025-01-30 10:11:00,or_rev,long,22489.5,22481.75,22544.75,22518.6875,31.0,3.766129032258065,1459.38,trail,True,True,25,2
2025-01-31 11:41:00,2025-01-31 11:43:00,ema_rev,long,22817.0,22809.0,22833.75,22808.9375,32.0,-1.0078125,-403.12,trail,False,True,25,2
2025-01-31 14:16:00,2025-01-31 14:17:00,ou_rev,long,22655.5,22650.0,22767.0,22649.9375,22.0,-1.0113636363636365,-556.25,stop,False,False,50,1
2025-02-03 10:16:00,2025-02-03 10:18:00,vwap_rev,long,22041.5,22033.75,22127.5,22041.4375,31.0,-0.0080645161290322,-3.12,trail,True,True,25,2
2025-02-03 10:21:00,2025-02-03 10:23:00,vwap_rev,long,22028.5,22024.75,22121.75,22132.4375,15.0,27.716666666666665,10393.75,trail,True,True,50,2
2025-02-04 10:04:00,2025-02-04 10:05:00,or_rev,short,22497.75,22509.5,22376.25,22509.5625,47.0,-1.00531914893617,-401.62,stop,False,False,17,1
2025-02-04 13:58:00,2025-02-04 14:00:00,pm_mom,short,22542.5,22547.0,22533.5,22534.0625,18.0,1.875,742.5,trail,True,True,44,2
2025-02-05 12:05:00,2025-02-05 12:10:00,kalman_mom,long,22645.75,22634.25,22674.5,22645.6875,46.0,-0.0054347826086956,-2.12,trail,True,True,17,5
2025-02-05 13:35:00,2025-02-05 13:38:00,pm_mom,long,22612.0,22606.0,22624.0,22621.4375,24.0,1.5729166666666667,622.88,trail,True,True,33,3
2025-02-06 12:48:00,2025-02-06 12:50:00,kalman_mom,long,22710.0,22706.5,22718.75,22721.4375,14.0,3.267857142857143,1143.75,trail,True,True,50,2
2025-02-07 10:34:00,2025-02-07 10:35:00,or_rev,long,22658.0,22645.0,22831.0,22644.9375,52.0,-1.0048076923076923,-391.88,stop,False,False,15,1
2025-02-07 10:52:00,2025-02-07 10:54:00,kalman_mom,long,22702.25,22692.5,22726.5,22702.1875,39.0,-0.0064102564102564,-2.5,trail,True,True,20,2
2025-02-07 13:09:00,2025-02-07 13:16:00,pd_rev,long,22624.0,22612.25,22647.5,22642.6875,47.0,1.5904255319148937,1420.25,trail,True,True,38,7
2025-02-07 13:32:00,2025-02-07 13:34:00,pm_mom,long,22627.0,22619.75,22641.5,22626.9375,29.0,-0.0086206896551724,-3.37,trail,True,True,27,2
2025-02-07 14:02:00,2025-02-07 14:05:00,ema_rev,long,22541.25,22529.5,22560.75,22549.4375,47.0,0.6968085106382979,278.38,trail,True,True,17,3
2025-02-10 10:11:00,2025-02-10 10:13:00,ou_rev,short,22753.25,22761.25,22700.5,22738.0625,32.0,1.8984375,1518.75,trail,True,True,50,2
2025-02-10 10:30:00,2025-02-10 10:34:00,ema_rev,short,22775.0,22786.0,22760.5,22786.0625,44.0,-1.005681818181818,-398.25,stop,False,False,18,4
2025-02-10 13:32:00,2025-02-10 13:34:00,pm_mom,short,22777.25,22781.25,22769.25,22777.3125,16.0,-0.015625,-6.25,trail,True,True,50,2
2025-02-10 13:52:00,2025-02-10 13:54:00,kalman_mom,long,22787.25,22783.5,22796.5,22798.1875,15.0,2.9166666666666665,1093.75,trail,True,True,50,2
2025-02-11 10:15:00,2025-02-11 10:17:00,kalman_mom,long,22712.5,22705.5,22730.0,22712.4375,28.0,-0.0089285714285714,-3.5,trail,True,True,28,2
2025-02-11 10:26:00,2025-02-11 10:30:00,trend,long,22733.75,22715.0,22771.25,22757.1875,75.0,1.25,468.75,trail,True,True,10,4
2025-02-11 12:19:00,2025-02-11 12:21:00,pd_rev,long,22660.0,22647.5,22710.25,22673.1875,50.0,1.055,949.5,trail,True,True,36,2
2025-02-12 10:00:00,2025-02-12 10:01:00,trend,long,22589.0,22581.25,22613.0,22581.1875,31.0,-1.0080645161290325,-390.63,stop,False,False,25,1
2025-02-12 10:15:00,2025-02-12 10:16:00,trend,short,22506.0,22519.0,22480.0,22519.0625,52.0,-1.0048076923076923,-391.88,stop,False,False,15,1
2025-02-12 10:21:00,2025-02-12 10:22:00,kalman_mom,long,22585.25,22579.0,22601.0,22601.0,25.0,2.52,1008.0,target,False,False,32,1
2025-02-12 10:34:00,2025-02-12 10:38:00,sweep,long,22630.25,22610.5,22679.5,22651.1875,79.0,1.0601265822784811,418.75,trail,True,True,10,4
2025-02-12 10:52:00,2025-02-12 10:54:00,pd_rev,long,22617.25,22603.0,22645.75,22631.6875,57.0,1.013157894736842,895.12,trail,True,True,31,2
2025-02-13 11:33:00,2025-02-13 11:34:00,ema_rev,long,22898.25,22892.75,22925.25,22892.6875,22.0,-1.0113636363636365,-400.5,stop,False,False,36,1
2025-02-13 11:54:00,2025-02-13 11:57:00,trend,short,22892.5,22907.5,22862.5,22867.3125,60.0,1.6791666666666667,654.88,trail,True,True,13,3
2025-02-13 12:10:00,2025-02-13 12:11:00,kalman_mom,long,22903.0,22899.75,22911.0,22899.6875,13.0,-1.0192307692307692,-331.25,stop,False,False,50,1
2025-02-13 13:32:00,2025-02-13 13:33:00,pm_mom,long,22861.25,22856.5,22870.75,22856.4375,19.0,-1.013157894736842,-404.25,stop,False,False,42,1
2025-02-14 13:06:00,2025-02-14 13:11:00,kalman_mom,long,23072.5,23066.75,23087.0,23083.1875,23.0,1.858695652173913,726.75,trail,True,True,34,5
2025-02-14 13:33:00,2025-02-14 13:35:00,pm_mom,long,23083.75,23075.75,23099.75,23097.6875,32.0,1.7421875,696.88,trail,True,True,25,2
2025-02-17 10:19:00,2025-02-17 10:27:00,kalman_mom,long,23133.25,23128.0,23146.5,23137.1875,21.0,0.75,299.25,trail,False,True,38,8
2025-02-18 10:03:00,2025-02-18 10:05:00,or_rev,long,23074.5,23060.25,23157.5,23097.1875,57.0,1.5921052631578947,635.25,trail,True,True,14,2
2025-02-18 10:11:00,2025-02-18 10:14:00,trend,short,23088.25,23103.75,23057.25,23103.8125,62.0,-1.0040322580645162,-373.5,stop,False,False,12,3
2025-02-18 11:03:00,2025-02-18 11:12:00,pd_rev,long,23105.0,23093.5,23128.0,23113.1875,46.0,0.7119565217391305,638.62,trail,False,True,39,9
2025-02-18 13:34:00,2025-02-18 13:36:00,ema_rev,long,23061.0,23053.5,23076.25,23065.9375,30.0,0.6583333333333333,256.75,trail,True,True,26,2
2025-02-18 13:43:00,2025-02-18 13:45:00,trend,short,23054.5,23060.0,23043.5,23051.5625,22.0,0.5340909090909091,211.5,trail,False,True,36,2
2025-02-19 10:08:00,2025-02-19 10:09:00,ou_rev,long,23058.25,23052.0,23092.25,23051.9375,25.0,-1.01,-631.25,stop,False,False,50,1
2025-02-19 10:13:00,2025-02-19 10:18:00,ou_rev,long,23047.25,23031.5,23086.0,23068.6875,63.0,1.3611111111111112,2143.75,trail,True,True,50,5
2025-02-19 11:47:00,2025-02-19 11:49:00,kalman_mom,long,23149.75,23146.0,23159.0,23149.6875,15.0,-0.0166666666666666,-6.25,trail,True,True,50,2
2025-02-19 13:31:00,2025-02-19 13:42:00,trend,long,23168.5,23155.75,23194.0,23176.1875,51.0,0.6029411764705882,230.62,trail,False,True,15,11
2025-02-19 14:00:00,2025-02-19 14:02:00,trend,short,23144.5,23153.5,23126.5,23144.5625,36.0,-0.0069444444444444,-2.75,trail,True,True,22,2
2025-02-20 10:12:00,2025-02-20 10:13:00,trend,short,22913.5,22930.25,22863.0,22930.3125,67.0,-1.0037313432835822,-369.88,stop,False,False,11,1
2025-02-20 10:20:00,2025-02-20 10:21:00,kalman_mom,long,22989.0,22983.75,23002.0,23002.0,21.0,2.4761904761904763,988.0,target,False,False,38,1
2025-02-20 10:27:00,2025-02-20 10:29:00,or_rev,long,22997.5,22986.75,23110.5,22997.4375,43.0,-0.005813953488372,-2.25,trail,True,True,18,2
2025-02-20 13:34:00,2025-02-20 13:35:00,pm_mom,long,22971.25,22966.25,22981.25,22966.1875,20.0,-1.0125,-405.0,stop,False,False,40,1
2025-02-21 10:19:00,2025-02-21 10:20:00,or_rev,long,22987.75,22980.0,23062.25,22979.9375,31.0,-1.0080645161290325,-390.63,stop,False,False,25,1
2025-02-21 10:29:00,2025-02-21 10:31:00,vwap_rev,long,22914.75,22903.75,23013.75,22931.9375,44.0,1.5625,618.75,trail,True,True,18,2
2025-02-21 10:56:00,2025-02-21 10:59:00,ou_rev,long,22886.0,22873.75,22983.25,22900.1875,49.0,1.1581632653061225,1418.75,trail,True,True,50,3
2025-02-21 12:39:00,2025-02-21 12:40:00,vwap_rev,long,22789.0,22784.25,22941.5,22784.1875,19.0,-1.013157894736842,-404.25,stop,False,False,42,1
2025-02-21 14:15:00,2025-02-21 14:16:00,pm_mom,long,22686.75,22681.25,22697.75,22681.1875,22.125897978417925,-1.0113636363636365,-402.79,stop,False,False,36,1
2025-02-24 10:03:00,2025-02-24 10:04:00,vwap_rev,long,22435.25,22426.0,22583.0,22425.9375,37.0,-1.0067567567567568,-391.12,stop,False,False,21,1
2025-02-24 10:31:00,2025-02-24 10:33:00,kalman_mom,short,22431.25,22440.5,22408.0,22431.3125,37.0,-0.0067567567567567,-2.62,trail,True,True,21,2
2025-02-25 12:25:00,2025-02-25 12:26:00,kalman_mom,short,22063.5,22070.25,22046.5,22070.3125,27.0,-1.0092592592592593,-395.12,stop,False,False,29,1
2025-02-25 13:03:00,2025-02-25 13:05:00,ema_rev,short,22159.75,22167.5,22127.0,22159.8125,31.0,-0.0080645161290322,-3.12,trail,True,True,25,2
2025-02-25 13:33:00,2025-02-25 13:35:00,trend,short,22098.5,22106.75,22077.5,22083.8125,33.0,1.7803030303030305,705.0,trail,True,True,24,2
2025-02-25 14:09:00,2025-02-25 14:11:00,trend,short,22103.5,22111.75,22087.0,22096.0625,33.0,0.9015151515151516,357.0,trail,True,True,24,2
2025-02-26 10:11:00,2025-02-26 10:13:00,or_rev,short,22216.5,22228.0,22143.5,22216.5625,46.0,-0.0054347826086956,-2.12,trail,True,True,17,2
2025-02-26 10:21:00,2025-02-26 10:23:00,ou_rev,short,22265.5,22277.5,22181.0,22265.5625,48.0,-0.0052083333333333,-6.25,trail,True,True,50,2
2025-02-26 10:42:00,2025-02-26 10:44:00,ou_rev,short,22248.0,22262.75,22194.5,22248.0625,59.0,-0.0042372881355932,-6.25,trail,True,True,50,2
2025-02-26 11:15:00,2025-02-26 11:17:00,pd_rev,short,22308.25,22316.75,22210.75,22285.0625,34.0,2.7279411764705883,2318.75,trail,True,True,50,2
2025-02-27 10:38:00,2025-02-27 10:39:00,kalman_mom,short,21997.0,22005.75,21975.0,22005.8125,35.0,-1.0071428571428571,-387.75,stop,False,False,22,1
2025-02-27 11:02:00,2025-02-27 11:06:00,trend,short,21954.5,21981.75,21900.0,21954.5625,109.0,-0.0022935779816513,-0.87,trail,True,True,7,4
2025-02-27 11:44:00,2025-02-27 11:47:00,trend,short,21974.0,21988.5,21945.0,21988.5625,58.0,-1.0043103448275863,-378.63,trail,False,True,13,3
2025-02-27 11:51:00,2025-02-27 11:52:00,trend,short,21965.5,21980.5,21935.5,21935.5,60.0,2.0,780.0,target,False,False,13,1
2025-02-27 13:15:00,2025-02-27 13:18:00,ema_rev,short,22006.25,22017.0,21971.0,21987.5625,43.0,1.7383720930232558,672.75,trail,True,True,18,3
2025-02-27 13:46:00,2025-02-27 13:48:00,pm_mom,short,21986.25,21993.75,21971.25,21986.3125,30.0,-0.0083333333333333,-3.25,trail,True,True,26,2
2025-02-27 14:22:00,2025-02-27 14:24:00,trend,short,21881.25,21898.25,21847.25,21866.0625,68.0,0.8933823529411765,334.12,trail,True,True,11,2
2025-02-28 10:19:00,2025-02-28 10:21:00,or_rev,short,21578.5,21586.0,21464.75,21534.3125,30.0,5.891666666666667,2297.75,trail,True,True,26,2
2025-03-03 10:29:00,2025-03-03 10:30:00,pd_rev,short,21849.0,21855.75,21834.5,21855.8125,27.0,-1.0092592592592593,-681.25,stop,False,False,50,1
2025-03-03 13:10:00,2025-03-03 13:12:00,kalman_mom,short,21657.75,21669.0,21629.5,21634.3125,45.0,2.083333333333333,796.87,trail,True,True,17,2
2025-03-03 13:45:00,2025-03-03 13:47:00,pm_mom,short,21604.0,21612.25,21587.5,21586.3125,33.0,2.143939393939394,849.0,trail,True,True,24,2
2025-03-04 11:58:00,2025-03-04 11:59:00,ema_rev,short,21237.0,21246.0,21181.0,21246.0625,36.0,-1.0069444444444444,-398.75,stop,False,False,22,1
2025-03-04 13:12:00,2025-03-04 13:13:00,vwap_rev,short,21368.0,21373.75,21172.25,21373.8125,23.0,-1.0108695652173914,-395.25,stop,False,False,34,1
2025-03-04 13:30:00,2025-03-04 13:31:00,pm_mom,short,21290.5,21298.5,21274.5,21274.5,32.0,2.0,800.0,target,False,False,25,1
2025-03-04 13:58:00,2025-03-04 13:59:00,vwap_rev,short,21420.25,21427.75,21191.0,21427.8125,30.0,-1.0083333333333333,-393.25,stop,False,False,26,1
2025-03-05 12:25:00,2025-03-05 12:26:00,ema_rev,short,21363.25,21374.75,21309.0,21374.8125,46.0,-1.0054347826086956,-393.12,stop,False,False,17,1
2025-03-05 12:42:00,2025-03-05 12:45:00,vwap_rev,short,21414.0,21424.75,21278.75,21395.5625,43.0,1.7151162790697674,663.75,trail,True,True,18,3
2025-03-05 12:58:00,2025-03-05 13:00:00,vwap_rev,short,21466.25,21478.25,21286.75,21478.3125,48.0,-1.0052083333333333,-386.0,stop,False,False,16,2
2025-03-05 13:13:00,2025-03-05 13:14:00,kalman_mom,short,21448.0,21451.75,21438.5,21451.8125,15.0,-1.0166666666666666,-381.25,stop_ambiguous,False,False,50,1
2025-03-05 13:30:00,2025-03-05 13:31:00,pm_mom,short,21416.25,21423.75,21401.25,21401.25,30.0,2.0,780.0,target,False,False,26,1
2025-03-06 10:53:00,2025-03-06 10:54:00,or_rev,short,21354.0,21364.75,21186.0,21364.8125,43.0,-1.005813953488372,-389.25,stop,False,False,18,1
2025-03-06 11:57:00,2025-03-06 11:58:00,kalman_mom,short,21194.25,21199.25,21181.75,21199.3125,20.0,-1.0125,-405.0,stop_ambiguous,False,False,40,1
2025-03-06 14:20:00,2025-03-06 14:22:00,pm_mom,short,20954.5,20963.75,20936.0,20938.8125,37.0,1.695945945945946,658.88,trail,True,True,21,2
2025-03-07 10:42:00,2025-03-07 10:43:00,kalman_mom,short,20813.0,20823.75,20786.0,20823.8125,43.0,-1.005813953488372,-389.25,stop,False,False,18,1
2025-03-07 12:39:00,2025-03-07 12:41:00,ema_rev,short,20866.0,20878.0,20797.75,20827.5625,48.0,3.203125,1230.0,trail,True,True,16,2
2025-03-10 11:58:00,2025-03-10 11:59:00,kalman_mom,short,20510.0,20513.75,20500.5,20513.8125,15.0,-1.0166666666666666,-381.25,stop_ambiguous,False,False,50,1
2025-03-10 13:32:00,2025-03-10 13:33:00,pm_mom,short,20410.5,20416.0,20399.5,20416.0625,22.0,-1.0113636363636365,-400.5,stop,False,False,36,1
2025-03-11 13:10:00,2025-03-11 13:11:00,kalman_mom,short,20209.25,20220.5,20181.0,20220.5625,45.0,-1.0055555555555555,-384.62,stop,False,False,17,1
2025-03-12 11:38:00,2025-03-12 11:39:00,ema_rev,short,20470.0,20482.25,20431.25,20482.3125,49.0,-1.0051020408163265,-394.0,stop,False,False,16,1
2025-03-12 12:32:00,2025-03-12 12:33:00,pd_rev,short,20596.25,20610.25,20519.5,20610.3125,56.0,-1.0044642857142858,-900.0,stop,False,False,32,1
2025-03-12 12:45:00,2025-03-12 12:46:00,kalman_mom,short,20532.0,20541.0,20509.5,20541.0625,36.0,-1.0069444444444444,-398.75,stop,False,False,22,1
2025-03-12 13:49:00,2025-03-12 13:50:00,pm_mom,short,20582.0,20591.25,20563.5,20563.5,37.0,2.0,777.0,target,False,False,21,1
2025-03-12 14:08:00,2025-03-12 14:11:00,trend,short,20467.75,20489.0,20425.25,20489.0625,85.0,-1.0029411764705882,-383.62,stop,False,False,9,3
2025-03-13 10:40:00,2025-03-13 10:42:00,kalman_mom,short,20356.5,20368.75,20326.0,20332.3125,49.0,1.9744897959183676,774.0,trail,True,True,16,2
2025-03-13 10:47:00,2025-03-13 10:50:00,trend,short,20338.0,20367.5,20279.0,20313.0625,118.0,0.8453389830508474,299.25,trail,True,True,6,3
2025-03-14 10:16:00,2025-03-14 10:17:00,kalman_mom,short,20398.25,20408.0,20374.0,20408.0625,39.0,-1.0064102564102564,-392.5,stop,False,False,20,1
2025-03-14 10:53:00,2025-03-14 10:55:00,pd_rev,short,20486.0,20494.75,20443.0,20470.0625,35.0,1.8214285714285716,1593.75,trail,True,True,50,2
2025-03-14 11:06:00,2025-03-14 11:11:00,or_rev,short,20538.0,20553.0,20437.5,20538.0625,60.0,-0.0041666666666666,-1.62,trail,True,True,13,5
2025-03-14 11:26:00,2025-03-14 11:29:00,vwap_rev,short,20563.75,20572.0,20461.0,20541.5625,33.0,2.6893939393939394,1065.0,trail,True,True,24,3
2025-03-17 10:33:00,2025-03-17 10:35:00,kalman_mom,short,20630.0,20641.0,20602.5,20630.0625,44.0,-0.0056818181818181,-2.25,trail,True,True,18,2
2025-03-17 10:41:00,2025-03-17 10:43:00,pd_rev,short,20652.25,20660.0,20636.75,20634.8125,31.0,2.25,1743.75,trail,True,True,50,2
2025-03-18 10:41:00,2025-03-18 10:43:00,ema_rev,short,20428.25,20441.25,20408.75,20428.3125,52.0,-0.0048076923076923,-1.87,trail,True,True,15,2
2025-03-18 13:45:00,2025-03-18 13:46:00,pm_mom,short,20413.75,20420.0,20401.25,20420.0625,25.0,-1.01,-404.0,stop,False,False,32,1
2025-03-19 09:56:00,2025-03-19 09:57:00,ou_rev,short,20539.5,20547.75,20484.75,20547.8125,33.0,-1.0075757575757576,-831.25,stop,False,False,50,1
2025-03-19 10:03:00,2025-03-19 10:04:00,ou_rev,short,20559.0,20568.0,20494.5,20568.0625,36.0,-1.0069444444444444,-906.25,stop,False,False,50,1
2025-03-19 10:12:00,2025-03-19 10:14:00,vwap_rev,short,20600.75,20605.75,20509.0,20580.5625,20.0,4.0375,1615.0,trail,True,True,40,2
2025-03-20 09:55:00,2025-03-20 09:57:00,ema_rev,short,20628.0,20642.0,20602.0,20602.0625,56.0,1.8526785714285716,726.25,trail,True,True,14,2
2025-03-20 10:09:00,2025-03-20 10:10:00,or_rev,short,20721.0,20730.75,20540.25,20730.8125,39.0,-1.0064102564102564,-392.5,stop,False,False,20,1
2025-03-20 11:39:00,2025-03-20 11:40:00,kalman_mom,short,20701.25,20709.25,20681.25,20709.3125,32.0,-1.0078125,-403.12,stop,False,False,25,1
2025-03-20 13:30:00,2025-03-20 13:31:00,pm_mom,short,20539.5,20549.25,20520.0,20549.3125,39.0,-1.0064102564102564,-392.5,stop,False,False,20,1
2025-03-21 10:08:00,2025-03-21 10:10:00,or_rev,short,20422.75,20436.75,20368.0,20385.5625,56.0,2.65625,1041.25,trail,True,True,14,2
2025-03-24 10:04:00,2025-03-24 10:06:00,or_rev,short,21029.0,21037.0,20969.5,21018.5625,32.0,1.3046875,521.88,trail,True,True,25,2
2025-03-24 11:43:00,2025-03-24 11:45:00,kalman_mom,short,21043.5,21052.0,21022.25,21043.5625,34.0,-0.0073529411764705,-2.87,trail,True,True,23,2
2025-03-24 13:44:00,2025-03-24 13:46:00,pm_mom,short,21040.0,21047.75,21024.5,21047.8125,31.0,-1.0080645161290325,-390.63,stop,False,False,25,2
2025-03-24 13:53:00,2025-03-24 13:55:00,ou_rev,short,21052.25,21058.75,21033.75,21039.0625,26.0,2.0288461538461537,1318.75,trail,True,True,50,2
2025-03-25 10:23:00,2025-03-25 10:24:00,or_rev,short,21140.0,21144.5,21107.5,21144.5625,18.0,-1.0138888888888888,-401.5,stop,False,False,44,1
2025-03-25 10:40:00,2025-03-25 10:41:00,ou_rev,short,21171.0,21174.0,21117.75,21174.0625,12.0,-1.0208333333333333,-306.25,stop,False,False,50,1
2025-03-25 13:04:00,2025-03-25 13:07:00,ema_rev,short,21175.25,21179.75,21160.75,21179.8125,18.0,-1.0138888888888888,-401.5,stop,False,False,44,3
2025-03-25 13:30:00,2025-03-25 13:36:00,pd_rev,short,21117.75,21132.75,21087.75,21132.8125,60.0,-1.0041666666666669,-903.75,stop,False,False,30,6
2025-03-26 10:06:00,2025-03-26 10:08:00,or_rev,long,21040.0,21026.25,21152.5,21049.1875,55.0,0.6681818181818182,257.25,trail,True,True,14,2
2025-03-26 10:15:00,2025-03-26 10:16:00,kalman_mom,short,21026.5,21031.75,21013.5,21031.8125,21.0,-1.011904761904762,-403.75,stop_ambiguous,False,False,38,1
2025-03-26 12:05:00,2025-03-26 12:07:00,ema_rev,long,20885.5,20873.5,20915.5,20913.1875,48.0,2.3072916666666665,886.0,trail,True,True,16,2
2025-03-26 13:33:00,2025-03-26 13:35:00,pm_mom,short,20807.5,20815.0,20792.5,20800.0625,30.0,0.9916666666666668,386.75,trail,True,True,26,2
2025-03-27 10:27:00,2025-03-27 10:28:00,or_rev,short,20789.25,20796.5,20713.25,20796.5625,29.0,-1.0086206896551724,-394.88,stop,False,False,27,1
2025-03-27 11:14:00,2025-03-27 11:17:00,kalman_mom,short,20866.25,20875.25,20843.75,20851.5625,36.0,1.6319444444444444,646.25,trail,True,True,22,3
2025-03-27 11:39:00,2025-03-27 11:43:00,trend,short,20788.5,20812.0,20741.5,20768.0625,94.0,0.8696808510638298,327.0,trail,True,True,8,4
2025-03-27 11:44:00,2025-03-27 11:46:00,trend,short,20783.75,20793.0,20765.25,20771.3125,37.0,1.3445945945945943,522.37,trail,True,True,21,2
2025-03-28 10:15:00,2025-03-28 10:17:00,kalman_mom,short,20426.5,20436.5,20401.5,20399.0625,40.0,2.74375,1097.5,trail,True,True,20,2
2025-03-31 10:10:00,2025-03-31 10:12:00,ema_rev,short,19866.25,19877.0,19820.5,19845.3125,43.0,1.947674418604651,753.75,trail,True,True,18,2
2025-03-31 10:26:00,2025-03-31 10:28:00,kalman_mom,short,19785.25,19796.5,19757.0,19767.8125,45.0,1.55,592.88,trail,True,True,17,2
2025-04-01 09:50:00,2025-04-01 09:52:00,ou_rev,short,20152.0,20171.5,20097.0,20152.0625,78.0,-0.0032051282051282,-6.25,trail,True,True,50,2
2025-04-01 11:03:00,2025-04-01 11:04:00,or_rev,short,20225.25,20238.5,20094.0,20238.5625,53.0,-1.0047169811320755,-399.38,stop,False,False,15,1
2025-04-01 11:10:00,2025-04-01 11:12:00,vwap_rev,short,20257.25,20264.0,20105.0,20257.3125,27.0,-0.0092592592592592,-3.62,trail,True,True,29,2
2025-04-01 11:40:00,2025-04-01 11:41:00,kalman_mom,short,20269.75,20273.5,20260.5,20260.5,15.0,2.466666666666667,925.0,target,False,False,50,1
2025-04-01 13:35:00,2025-04-01 13:36:00,pm_mom,short,20225.75,20235.75,20205.75,20235.8125,40.0,-1.00625,-402.5,stop,False,False,20,1
2025-04-01 14:16:00,2025-04-01 14:18:00,trend,short,20143.5,20159.0,20112.5,20121.0625,62.0,1.4475806451612905,538.5,trail,True,True,12,2
2025-04-01 14:22:00,2025-04-01 14:24:00,trend,short,20111.5,20129.25,20076.0,20111.5625,71.0,-0.0035211267605633,-1.37,trail,True,True,11,2
2025-04-01 14:28:00,2025-04-01 14:34:00,trend,short,20105.25,20134.0,20047.75,20134.0625,115.0,-1.0021739130434784,-345.75,stop,False,False,6,6
2025-04-02 10:19:00,2025-04-02 10:21:00,or_rev,short,20277.25,20282.5,20130.0,20277.3125,21.0,-0.0119047619047619,-4.75,trail,True,True,38,2
2025-04-02 12:14:00,2025-04-02 12:16:00,ema_rev,short,20429.25,20437.75,20393.25,20429.3125,34.0,-0.0073529411764705,-2.87,trail,True,True,23,2
2025-04-02 13:10:00,2025-04-02 13:11:00,vwap_rev,short,20554.0,20562.75,20328.5,20562.8125,35.0,-1.0071428571428571,-387.75,stop,False,False,22,1
2025-04-02 13:38:00,2025-04-02 13:39:00,pm_mom,short,20497.0,20507.0,20477.0,20507.0625,40.0,-1.00625,-402.5,stop,False,False,20,1
2025-04-02 13:59:00,2025-04-02 14:04:00,trend,short,20440.5,20461.25,20399.0,20461.3125,83.0,-1.0030120481927711,-374.62,stop,False,False,9,5
2025-04-02 14:11:00,2025-04-02 14:14:00,trend,short,20378.75,20407.0,20322.25,20407.0625,113.0,-1.002212389380531,-396.38,stop,False,False,7,3
2025-04-03 11:43:00,2025-04-03 11:45:00,ema_rev,short,19629.0,19643.75,19578.5,19603.5625,59.0,1.7245762711864407,661.38,trail,True,True,13,2
2025-04-03 13:50:00,2025-04-03 13:51:00,pm_mom,short,19570.0,19576.25,19557.5,19557.5,25.0,2.0,800.0,target,False,False,32,1
2025-04-04 11:42:00,2025-04-04 11:43:00,kalman_mom,short,18597.75,18606.5,18576.0,18606.5625,35.0,-1.0071428571428571,-387.75,stop,False,False,22,1
2025-04-04 14:11:00,2025-04-04 14:12:00,pm_mom,short,18506.75,18516.0,18488.25,18488.25,37.0,2.0,777.0,target,False,False,21,1
2025-04-07 10:44:00,2025-04-07 10:45:00,kalman_mom,short,18077.5,18088.75,18049.5,18088.8125,45.0,-1.0055555555555555,-384.62,stop_ambiguous,False,False,17,1
2025-04-08 10:29:00,2025-04-08 10:31:00,ou_rev,short,19042.0,19066.25,18924.75,18959.5625,97.0,3.399484536082474,8243.75,trail,True,True,50,2
2025-04-09 11:41:00,2025-04-09 11:42:00,kalman_mom,short,18028.0,18039.0,18000.5,18000.5,44.0,2.5,990.0,target,False,False,18,1
2025-04-10 13:45:00,2025-04-10 13:46:00,ema_rev,short,19103.75,19112.75,19014.25,19112.8125,36.0,-1.0069444444444444,-398.75,stop,False,False,22,1
2025-04-11 13:52:00,2025-04-11 13:53:00,vwap_rev,short,19521.0,19530.0,19248.0,19530.0625,36.0,-1.0069444444444444,-398.75,stop,False,False,22,1
2025-04-14 10:20:00,2025-04-14 10:21:00,kalman_mom,short,19797.0,19802.5,19783.25,19802.5625,22.0,-1.0113636363636365,-400.5,stop,False,False,36,1
2025-04-14 14:10:00,2025-04-14 14:12:00,ema_rev,short,19680.25,19684.5,19653.75,19656.5625,17.0,5.573529411764706,2226.62,trail,True,True,47,2
2025-04-15 10:28:00,2025-04-15 10:29:00,kalman_mom,short,19663.0,19673.0,19638.0,19673.0625,40.0,-1.00625,-402.5,stop,False,False,20,1
2025-04-15 14:21:00,2025-04-15 14:23:00,pm_mom,short,19604.0,19611.5,19589.0,19604.0625,30.0,-0.0083333333333333,-3.25,trail,True,True,26,2
2025-04-16 11:36:00,2025-04-16 11:38:00,or_rev,short,19408.75,19414.5,19335.0,19380.8125,23.0,4.858695652173913,1899.75,trail,True,True,34,2
2025-04-17 11:30:00,2025-04-17 11:31:00,kalman_mom,short,19047.25,19053.75,19031.0,19053.8125,26.0,-1.0096153846153846,-393.75,stop,False,False,30,1
2025-04-17 13:49:00,2025-04-17 13:52:00,ou_rev,short,19164.0,19183.25,19105.0,19164.0625,77.0,-0.0032467532467532,-6.25,trail,True,True,50,3
2025-04-17 14:03:00,2025-04-17 14:05:00,ou_rev,short,19172.0,19176.75,19107.25,19172.0625,19.0,-0.0131578947368421,-6.25,trail,True,True,50,2
2025-04-17 14:22:00,2025-04-17 14:23:00,vwap_rev,short,19218.0,19225.0,19111.25,19225.0625,28.0,-1.0089285714285714,-395.5,stop,False,False,28,1
2025-04-21 10:18:00,2025-04-21 10:19:00,kalman_mom,short,18638.25,18644.0,18624.0,18624.0,23.0,2.4782608695652173,969.0,target,False,False,34,1
2025-04-22 09:51:00,2025-04-22 09:53:00,ou_rev,short,18938.5,18953.5,18878.25,18912.5625,60.0,1.7291666666666667,2593.75,trail,True,True,50,2
2025-04-22 10:02:00,2025-04-22 10:04:00,ou_rev,short,18965.0,18974.5,18894.0,18965.0625,38.0,-0.006578947368421,-6.25,trail,True,True,50,2
2025-04-22 10:08:00,2025-04-22 10:10:00,ou_rev,short,18981.75,18993.5,18903.75,18993.5625,47.0,-1.00531914893617,-1181.25,stop,False,False,50,2
2025-04-22 11:45:00,2025-04-22 11:46:00,kalman_mom,short,19001.75,19008.0,18986.0,19008.0625,25.0,-1.01,-404.0,stop,False,False,32,1
2025-04-22 12:27:00,2025-04-22 12:28:00,vwap_rev,short,19205.75,19211.25,19011.5,19211.3125,22.0,-1.0113636363636365,-400.5,stop,False,False,36,1
2025-04-22 13:34:00,2025-04-22 13:36:00,trend,short,18963.75,18993.25,18904.75,18963.8125,118.0,-0.0021186440677966,-0.75,trail,True,True,6,2
2025-04-22 13:43:00,2025-04-22 13:46:00,trend,short,18969.75,18993.25,18922.75,18993.3125,94.0,-1.002659574468085,-377.0,stop,False,False,8,3
2025-04-23 10:35:00,2025-04-23 10:36:00,ou_rev,short,19843.75,19854.25,19747.0,19854.3125,42.0,-1.005952380952381,-1056.25,stop,False,False,50,1
2025-04-23 10:40:00,2025-04-23 10:42:00,ou_rev,short,19840.5,19862.5,19752.5,19812.0625,88.0,1.2926136363636365,2843.75,trail,True,True,50,2
2025-04-23 12:26:00,2025-04-23 12:28:00,kalman_mom,short,19477.75,19488.75,19450.25,19477.8125,44.0,-0.0056818181818181,-2.25,trail,True,True,18,2
2025-04-23 13:19:00,2025-04-23 13:20:00,ema_rev,short,19658.5,19664.5,19635.5,19664.5625,24.0,-1.0104166666666667,-400.12,stop,False,False,33,1
2025-04-23 13:51:00,2025-04-23 13:52:00,trend,short,19586.75,19595.25,19556.5,19595.3125,34.0,-1.0073529411764706,-393.88,stop,False,False,23,1
2025-04-23 14:28:00,2025-04-23 14:29:00,pm_mom,short,19602.75,19609.5,19589.25,19589.25,27.0,2.0,783.0,target,False,False,29,1
2025-04-24 09:56:00,2025-04-24 09:57:00,ema_rev,short,19708.75,19722.75,19667.75,19722.8125,56.0,-1.0044642857142858,-393.75,stop,False,False,14,1
2025-04-24 10:10:00,2025-04-24 10:12:00,or_rev,short,19802.25,19815.25,19613.5,19764.0625,52.0,2.9375,1145.62,trail,True,True,15,2
2025-04-24 10:49:00,2025-04-24 10:50:00,kalman_mom,short,19805.0,19808.25,19797.0,19808.3125,13.0,-1.0192307692307692,-331.25,stop,False,False,50,1
2025-04-24 11:36:00,2025-04-24 11:37:00,pd_rev,short,19872.5,19876.5,19779.25,19876.5625,16.0,-1.015625,-406.25,stop,False,False,50,1
2025-04-24 13:30:00,2025-04-24 13:31:00,ou_rev,short,19961.25,19970.0,19832.75,19970.0625,35.0,-1.0071428571428571,-881.25,stop,False,False,50,1
2025-04-24 13:35:00,2025-04-24 13:37:00,pm_mom,short,19944.5,19954.25,19925.0,19934.5625,39.0,1.0192307692307692,397.5,trail,True,True,20,2
2025-04-25 10:12:00,2025-04-25 10:13:00,vwap_rev,short,20093.0,20102.5,20020.25,20102.5625,38.0,-1.006578947368421,-401.62,stop,False,False,21,1
2025-04-25 11:24:00,2025-04-25 11:26:00,ema_rev,short,20094.25,20102.0,20072.5,20075.3125,31.0,2.443548387096774,946.88,trail,False,True,25,2
2025-04-25 11:47:00,2025-04-25 11:48:00,kalman_mom,short,20032.75,20037.0,20022.0,20037.0625,17.0,-1.0147058823529411,-405.38,stop,False,False,47,1
2025-04-25 12:27:00,2025-04-25 12:28:00,vwap_rev,short,20126.75,20134.0,20038.75,20134.0625,29.0,-1.0086206896551724,-394.88,stop,False,False,27,1
2025-04-28 11:00:00,2025-04-28 11:02:00,ou_rev,long,20179.0,20168.0,20226.25,20204.4375,44.0,2.3125,2543.75,trail,True,True,50,2
2025-04-29 10:08:00,2025-04-29 10:10:00,vwap_rev,short,20301.5,20310.25,20198.5,20277.8125,35.0,2.7071428571428573,1042.25,trail,True,True,22,2
2025-04-30 10:26:00,2025-04-30 10:27:00,ema_rev,short,19990.0,20001.75,19952.25,20001.8125,47.0,-1.00531914893617,-401.62,stop,False,False,17,1
2025-04-30 10:46:00,2025-04-30 10:48:00,or_rev,short,20050.0,20064.0,19929.75,20019.0625,56.0,2.2098214285714284,866.25,trail,True,True,14,2
2025-04-30 13:37:00,2025-04-30 13:40:00,pm_mom,long,20212.75,20203.0,20232.25,20202.9375,39.0,-1.0064102564102564,-392.5,stop,False,False,20,3
2025-05-01 11:46:00,2025-05-01 11:47:00,ema_rev,long,20745.0,20736.25,20768.0,20736.1875,35.0,-1.0071428571428571,-387.75,stop,False,False,22,1
2025-05-01 11:55:00,2025-05-01 11:57:00,trend,short,20704.25,20727.75,20657.25,20641.5625,94.0,2.667553191489361,1003.0,trail,True,True,8,2
2025-05-01 12:33:00,2025-05-01 12:36:00,kalman_mom,long,20679.25,20668.75,20705.5,20679.1875,42.0,-0.0059523809523809,-2.37,trail,True,True,19,3
2025-05-01 14:04:00,2025-05-01 14:07:00,pm_mom,long,20702.75,20695.25,20717.75,20716.9375,30.0,1.8916666666666664,737.75,trail,False,True,26,3
2025-05-02 13:18:00,2025-05-02 13:20:00,ema_rev,long,20913.5,20905.5,20931.75,20913.4375,32.0,-0.0078125,-3.12,trail,True,True,25,2
2025-05-02 13:40:00,2025-05-02 13:41:00,pm_mom,long,20928.0,20923.25,20937.5,20923.1875,19.0,-1.013157894736842,-404.25,stop,False,False,42,1
2025-05-05 10:37:00,2025-05-05 10:39:00,pd_rev,long,20731.5,20717.0,20760.5,20771.4375,58.0,2.7543103448275863,2476.12,trail,True,True,31,2
2025-05-06 10:00:00,2025-05-06 10:02:00,trend,short,20465.75,20486.5,20424.25,20465.8125,83.0,-0.003012048192771,-1.12,trail,True,True,9,2
2025-05-06 10:15:00,2025-05-06 10:16:00,kalman_mom,long,20526.75,20523.75,20534.25,20534.25,12.0,2.5,750.0,target,False,False,50,1
2025-05-07 10:57:00,2025-05-07 10:58:00,vwap_rev,long,20549.75,20538.25,20624.0,20538.1875,46.0,-1.0054347826086956,-393.12,stop,False,False,17,1
2025-05-07 11:02:00,2025-05-07 11:09:00,trend,short,20529.0,20558.25,20470.5,20529.0625,117.0,-0.0021367521367521,-0.75,trail,True,True,6,7
2025-05-07 11:10:00,2025-05-07 11:11:00,trend,short,20537.75,20543.75,20508.5,20543.8125,24.0,-1.0104166666666667,-400.12,stop,False,False,33,1
2025-05-07 11:43:00,2025-05-07 11:45:00,kalman_mom,long,20547.75,20542.75,20560.25,20561.6875,20.0,2.7875,1115.0,trail,True,True,40,2
2025-05-08 10:00:00,2025-05-08 10:02:00,or_rev,long,20798.5,20784.0,20844.5,20829.4375,58.0,2.1336206896551726,804.38,trail,True,True,13,2
2025-05-09 10:34:00,2025-05-09 10:35:00,or_rev,long,20852.75,20842.25,20960.5,20842.1875,42.0,-1.005952380952381,-401.38,stop,False,False,19,1
2025-05-09 11:02:00,2025-05-09 11:04:00,kalman_mom,long,20850.0,20843.5,20866.25,20849.9375,26.0,-0.0096153846153846,-3.75,trail,True,True,30,2
2025-05-09 13:32:00,2025-05-09 13:34:00,ou_rev,long,20804.75,20799.5,20863.75,20804.6875,21.0,-0.0119047619047619,-6.25,trail,True,True,50,2
2025-05-09 13:37:00,2025-05-09 13:38:00,pm_mom,long,20822.0,20817.5,20830.75,20817.4375,17.718388362729456,-1.0138888888888888,-404.2,stop,False,False,45,1
2025-05-12 10:15:00,2025-05-12 10:16:00,kalman_mom,long,21545.25,21538.5,21562.0,21538.4375,27.0,-1.0092592592592593,-395.12,stop,False,False,29,1
2025-05-12 10:37:00,2025-05-12 10:39:00,or_rev,long,21429.5,21414.5,21546.5,21429.4375,60.0,-0.0041666666666666,-1.62,trail,True,True,13,2
2025-05-12 13:31:00,2025-05-12 13:34:00,pm_mom,long,21616.0,21607.0,21634.0,21615.9375,36.0,-0.0069444444444444,-2.75,trail,True,True,22,3
2025-05-13 13:31:00,2025-05-13 13:33:00,pm_mom,long,22032.0,22025.25,22045.5,22052.6875,27.0,3.064814814814815,1199.88,trail,True,True,29,2
2025-05-14 13:06:00,2025-05-14 13:07:00,ema_rev,long,22064.25,22059.25,22075.0,22059.1875,20.0,-1.0125,-405.0,stop,False,False,40,1
2025-05-14 13:39:00,2025-05-14 13:41:00,pm_mom,long,22041.75,22032.25,22060.75,22051.6875,38.0,1.0460526315789471,417.37,trail,True,True,21,2
2025-05-14 13:50:00,2025-05-14 13:52:00,kalman_mom,long,22053.5,22043.5,22078.5,22075.4375,40.0,2.19375,877.5,trail,True,True,20,2
2025-05-15 10:37:00,2025-05-15 10:38:00,or_rev,long,21981.25,21966.75,22017.0,21966.6875,58.0,-1.0043103448275863,-378.63,stop,False,False,13,1
2025-05-15 13:57:00,2025-05-15 13:59:00,ema_rev,long,22183.75,22177.0,22200.0,22192.1875,27.0,1.25,489.38,trail,True,True,29,2
2025-05-15 14:09:00,2025-05-15 14:11:00,trend,short,22154.75,22165.25,22133.75,22140.0625,42.0,1.3988095238095235,558.12,trail,True,True,19,2
2025-05-15 14:15:00,2025-05-15 14:17:00,trend,short,22129.25,22151.25,22085.25,22106.5625,88.0,1.03125,408.38,trail,True,True,9,2
2025-05-16 10:33:00,2025-05-16 10:35:00,ou_rev,long,22106.0,22100.5,22136.25,22105.9375,22.0,-0.0113636363636363,-6.25,trail,True,True,50,2
2025-05-16 10:38:00,2025-05-16 10:40:00,ou_rev,long,22088.25,22075.25,22132.75,22088.1875,52.0,-0.0048076923076923,-6.25,trail,True,True,50,2
2025-05-16 12:13:00,2025-05-16 12:17:00,kalman_mom,long,22143.5,22134.75,22165.5,22158.1875,35.0,1.6785714285714286,646.25,trail,True,True,22,4
2025-05-16 13:30:00,2025-05-16 13:31:00,pm_mom,long,22166.0,22163.25,22171.5,22171.5,11.0,2.0,550.0,target,False,False,50,1
2025-05-19 09:45:00,2025-05-19 09:48:00,sweep,long,22041.25,22023.0,22087.0,22059.4375,73.0,0.9965753424657534,363.75,trail,False,True,10,3
2025-05-19 10:15:00,2025-05-19 10:17:00,kalman_mom,long,22128.75,22119.75,22151.25,22164.4375,36.0,3.9652777777777777,1570.25,trail,True,True,22,2
2025-05-20 12:40:00,2025-05-20 12:42:00,kalman_mom,long,22166.75,22162.5,22177.5,22166.6875,17.0,-0.0147058823529411,-5.87,trail,True,True,47,2
2025-05-20 13:36:00,2025-05-20 13:38:00,ema_rev,long,22136.25,22127.0,22155.5,22136.1875,37.0,-0.0067567567567567,-2.62,trail,True,True,21,2
2025-05-20 13:48:00,2025-05-20 13:51:00,trend,short,22136.0,22145.5,22117.0,22116.5625,38.0,2.046052631578948,816.38,trail,True,True,21,3
2025-05-21 10:04:00,2025-05-21 10:07:00,trend,long,22106.25,22093.25,22149.75,22125.4375,52.0,1.4759615384615383,575.62,trail,True,True,15,3
2025-05-21 10:10:00,2025-05-21 10:11:00,trend,long,22120.0,22104.0,22152.0,22103.9375,64.0,-1.00390625,-385.5,stop,False,False,12,1
2025-05-21 10:22:00,2025-05-21 10:23:00,kalman_mom,long,22113.25,22108.5,22125.0,22108.4375,19.0,-1.013157894736842,-404.25,stop,False,False,42,1
2025-05-21 13:35:00,2025-05-21 13:38:00,trend,short,21959.25,21988.75,21868.0,21959.3125,118.0,-0.0021186440677966,-0.75,trail,True,True,6,3
2025-05-21 13:46:00,2025-05-21 13:47:00,trend,short,21976.0,21994.75,21868.0,21994.8125,75.0,-1.0033333333333334,-376.25,stop,False,False,10,1
2025-05-21 14:29:00,2025-05-21 14:31:00,pm_mom,long,21946.25,21940.75,21957.25,21959.1875,22.0,2.352272727272727,931.5,trail,True,True,36,2
2025-05-22 10:10:00,2025-05-22 10:11:00,trend,long,22026.75,22007.0,22066.25,22006.9375,79.0,-1.0031645569620251,-396.25,stop,False,False,10,1
2025-05-22 10:39:00,2025-05-22 10:42:00,trend,short,21917.25,21946.75,21858.25,21946.8125,118.0,-1.0021186440677967,-354.75,stop,False,False,6,3
2025-05-22 11:47:00,2025-05-22 11:48:00,kalman_mom,long,21979.25,21974.75,21990.5,21974.6875,18.0,-1.0138888888888888,-401.5,stop,False,False,44,1
2025-05-22 11:57:00,2025-05-22 11:58:00,trend,long,21975.5,21964.25,21998.0,21964.1875,45.0,-1.0055555555555555,-384.62,stop,False,False,17,1
2025-05-22 12:49:00,2025-05-22 12:50:00,ema_rev,long,21942.5,21938.0,21961.75,21937.9375,18.0,-1.0138888888888888,-401.5,stop,False,False,44,1
2025-05-22 13:35:00,2025-05-22 13:37:00,pm_mom,long,21981.0,21971.25,22000.5,21971.1875,39.0,-1.0064102564102564,-392.5,trail,False,True,20,2
2025-05-22 13:41:00,2025-05-22 13:45:00,trend,long,21977.75,21966.75,21999.75,21997.4375,44.0,1.7897727272727273,708.75,trail,False,True,18,4
2025-05-23 13:30:00,2025-05-23 13:31:00,pm_mom,long,21778.25,21771.0,21792.75,21770.9375,29.0,-1.0086206896551724,-394.88,stop,False,False,27,1
2025-05-26 10:39:00,2025-05-26 10:40:00,vwap_rev,long,21948.75,21945.0,21985.75,21944.9375,15.0,-1.0166666666666666,-381.25,stop,False,False,50,1
2025-05-26 11:24:00,2025-05-26 11:29:00,kalman_mom,long,21947.5,21942.75,21959.5,21956.9375,19.0,1.986842105263158,792.75,trail,True,True,42,5
2025-05-27 10:09:00,2025-05-27 10:11:00,trend,long,22052.5,22037.25,22083.0,22061.9375,61.0,0.6188524590163934,245.38,trail,False,True,13,2
2025-05-27 10:16:00,2025-05-27 10:18:00,kalman_mom,long,22059.25,22054.5,22071.0,22079.4375,19.0,4.25,1695.75,trail,True,True,42,2
2025-05-28 10:06:00,2025-05-28 10:07:00,or_rev,long,22188.75,22178.5,22237.5,22178.4375,41.0,-1.0060975609756098,-391.88,stop,False,False,19,1
2025-05-28 10:39:00,2025-05-28 10:41:00,ou_rev,long,22147.0,22141.0,22200.75,22157.6875,24.0,1.78125,1068.75,trail,True,True,50,2
2025-05-28 13:50:00,2025-05-28 13:51:00,pm_mom,long,22180.25,22177.25,22186.25,22177.1875,12.0,-1.0208333333333333,-306.25,stop,False,False,50,1
2025-05-29 10:01:00,2025-05-29 10:03:00,trend,short,22217.25,22233.25,22185.25,22233.3125,64.0,-1.00390625,-385.5,stop,False,False,12,2
2025-05-29 10:13:00,2025-05-29 10:15:00,or_rev,long,22112.75,22103.25,22317.0,22148.6875,38.0,3.782894736842105,1509.37,trail,True,True,21,2
2025-05-30 09:53:00,2025-05-30 09:55:00,ou_rev,long,21955.5,21942.75,22025.25,21985.9375,51.0,2.3872549019607843,3043.75,trail,True,True,50,2
2025-06-02 10:07:00,2025-06-02 10:09:00,or_rev,long,21981.0,21970.5,22077.25,22038.4375,42.0,5.470238095238095,2182.62,trail,True,True,19,2
2025-06-03 14:27:00,2025-06-03 14:30:00,pm_mom,long,22394.5,22386.5,22410.5,22409.1875,32.0,1.8359375,734.38,trail,True,True,25,3
2025-06-04 10:15:00,2025-06-04 10:17:00,or_rev,long,22419.75,22411.25,22463.5,22441.4375,34.0,2.551470588235294,997.62,trail,True,True,23,2
2025-06-05 10:16:00,2025-06-05 10:17:00,or_rev,long,22433.25,22429.0,22496.5,22428.9375,17.0,-1.0147058823529411,-405.38,stop,False,False,47,1
2025-06-05 13:13:00,2025-06-05 13:14:00,kalman_mom,long,22464.0,22452.75,22492.0,22452.6875,45.0,-1.0055555555555555,-384.62,stop,False,False,17,1
2025-06-05 13:31:00,2025-06-05 13:34:00,trend,long,22488.75,22478.25,22509.75,22497.1875,42.0,0.8035714285714286,320.62,trail,False,True,19,3
2025-06-05 13:36:00,2025-06-05 13:43:00,trend,long,22492.0,22483.75,22508.5,22491.9375,33.0,-0.0075757575757575,-3.0,trail,True,True,24,7
2025-06-05 14:05:00,2025-06-05 14:06:00,ema_rev,long,22413.0,22406.0,22448.75,22405.9375,28.0,-1.0089285714285714,-395.5,stop,False,False,28,1
2025-06-06 12:45:00,2025-06-06 12:49:00,ema_rev,long,22469.5,22456.25,22492.5,22483.6875,53.0,1.070754716981132,425.62,trail,False,True,15,4
2025-06-06 12:55:00,2025-06-06 12:56:00,vwap_rev,long,22460.25,22451.5,22518.5,22451.4375,35.0,-1.0071428571428571,-387.75,stop,False,False,22,1
2025-06-06 13:12:00,2025-06-06 13:14:00,vwap_rev,long,22454.5,22445.75,22515.0,22469.6875,35.0,1.7357142857142858,668.25,trail,True,True,22,2
2025-06-06 13:32:00,2025-06-06 13:33:00,pm_mom,long,22512.25,22506.5,22523.75,22506.4375,23.0,-1.0108695652173914,-395.25,stop,False,False,34,1
2025-06-09 11:55:00,2025-06-09 11:57:00,kalman_mom,long,22549.75,22546.0,22559.0,22555.4375,15.0,1.5166666666666666,568.75,trail,True,True,50,2
2025-06-09 13:38:00,2025-06-09 13:40:00,pm_mom,long,22571.25,22566.5,22580.75,22576.4375,19.0,1.0921052631578947,435.75,trail,True,True,42,2
2025-06-10 11:40:00,2025-06-10 11:43:00,or_rev,long,22522.75,22508.0,22560.75,22530.9375,59.0,0.5550847457627118,212.88,trail,False,True,13,3
2025-06-10 11:53:00,2025-06-10 11:55:00,kalman_mom,long,22577.75,22570.0,22597.0,22577.6875,31.0,-0.0080645161290322,-3.12,trail,True,True,25,2
2025-06-10 11:59:00,2025-06-10 12:01:00,trend,long,22577.25,22569.75,22592.25,22586.1875,30.0,1.1916666666666669,464.75,trail,True,True,26,2
2025-06-10 13:37:00,2025-06-10 13:41:00,trend,short,22593.25,22602.75,22574.25,22575.5625,38.0,1.861842105263158,742.88,trail,True,True,21,4
2025-06-11 10:31:00,2025-06-11 10:32:00,kalman_mom,long,22745.75,22740.25,22759.5,22740.1875,22.0,-1.0113636363636365,-400.5,stop,False,False,36,1
2025-06-11 10:37:00,2025-06-11 10:38:00,trend,long,22754.25,22743.5,22775.75,22743.4375,43.0,-1.005813953488372,-389.25,stop,False,False,18,1
2025-06-11 12:12:00,2025-06-11 12:14:00,ema_rev,long,22653.75,22640.75,22691.0,22674.9375,52.0,1.6298076923076923,635.62,trail,True,True,15,2
2025-06-11 13:30:00,2025-06-11 13:31:00,pm_mom,long,22716.5,22712.25,22725.0,22712.1875,17.0,-1.0147058823529411,-405.38,stop,False,False,47,1
2025-06-12 13:32:00,2025-06-12 13:35:00,pm_mom,long,22668.75,22659.5,22687.25,22674.6875,37.0,0.6418918918918919,249.38,trail,False,True,21,3
2025-06-13 10:12:00,2025-06-13 10:13:00,vwap_rev,long,22401.75,22391.0,22453.25,22390.9375,43.0,-1.005813953488372,-389.25,stop,False,False,18,1
2025-06-13 10:30:00,2025-06-13 10:32:00,vwap_rev,long,22336.25,22325.0,22432.25,22349.4375,45.0,1.1722222222222225,448.38,trail,True,True,17,2
2025-06-13 10:41:00,2025-06-13 10:43:00,kalman_mom,long,22429.75,22418.0,22459.0,22457.6875,47.0,2.377659574468085,949.88,trail,True,True,17,2
2025-06-16 12:46:00,2025-06-16 12:48:00,ema_rev,long,22645.0,22637.0,22657.25,22658.6875,32.0,1.7109375,684.38,trail,True,True,25,2
2025-06-16 13:35:00,2025-06-16 13:36:00,pm_mom,long,22691.25,22682.0,22709.75,22681.9375,37.0,-1.0067567567567568,-391.12,stop,False,False,21,1
2025-06-17 12:57:00,2025-06-17 12:58:00,vwap_rev,long,22542.25,22535.5,22588.0,22535.4375,27.0,-1.0092592592592593,-395.12,stop,False,False,29,1
2025-06-17 13:38:00,2025-06-17 13:39:00,pm_mom,long,22539.75,22535.0,22549.25,22534.9375,19.0,-1.013157894736842,-404.25,stop,False,False,42,1
2025-06-17 14:00:00,2025-06-17 14:07:00,trend,short,22456.25,22479.0,22410.75,22456.3125,91.0,-0.0027472527472527,-1.0,trail,True,True,8,7
2025-06-18 10:17:00,2025-06-18 10:19:00,kalman_mom,long,22543.0,22534.25,22565.0,22557.4375,35.0,1.65,635.25,trail,True,True,22,2
2025-06-18 10:25:00,2025-06-18 10:27:00,trend,long,22560.5,22550.25,22581.0,22573.1875,41.0,1.2378048780487805,482.12,trail,True,True,19,2
2025-06-19 10:01:00,2025-06-19 10:02:00,or_rev,long,22185.75,22177.0,22243.5,22176.9375,35.0,-1.0071428571428571,-387.75,stop,False,False,22,1
2025-06-19 10:16:00,2025-06-19 10:20:00,kalman_mom,long,22208.5,22202.25,22224.0,22202.1875,25.0,-1.01,-404.0,trail,False,True,32,4
2025-06-19 10:26:00,2025-06-19 10:29:00,trend,long,22214.0,22207.25,22227.5,22213.9375,27.0,-0.0092592592592592,-3.62,trail,True,True,29,3
2025-06-19 10:45:00,2025-06-19 10:47:00,trend,short,22176.0,22194.0,22140.0,22194.0625,72.0,-1.0034722222222223,-397.38,stop,False,False,11,2
2025-06-19 11:07:00,2025-06-19 11:08:00,trend,long,22221.25,22216.25,22233.0,22216.1875,20.0,-1.0125,-405.0,stop,False,False,40,1
2025-06-20 10:03:00,2025-06-20 10:06:00,or_rev,long,22507.75,22495.25,22579.25,22524.1875,50.0,1.315,526.0,trail,True,True,16,3
2025-06-20 10:18:00,2025-06-20 10:20:00,ema_rev,long,22476.0,22462.0,22498.25,22497.6875,56.0,1.5491071428571428,607.25,trail,True,True,14,2
2025-06-23 10:16:00,2025-06-23 10:17:00,kalman_mom,long,22461.5,22458.5,22469.0,22458.4375,12.0,-1.0208333333333333,-306.25,stop_ambiguous,False,False,50,1
2025-06-23 12:28:00,2025-06-23 12:30:00,ema_rev,long,22365.0,22358.75,22400.0,22364.9375,25.0,-0.01,-4.0,trail,True,True,32,2
2025-06-23 13:40:00,2025-06-23 13:41:00,pm_mom,long,22559.0,22550.5,22576.0,22550.4375,34.0,-1.0073529411764706,-393.88,stop,False,False,23,1
2025-06-24 13:34:00,2025-06-24 13:36:00,pm_mom,long,22897.0,22893.0,22905.0,22892.9375,16.0,-1.015625,-406.25,stop,False,False,50,2
2025-06-25 10:17:00,2025-06-25 10:19:00,or_rev,long,22973.75,22962.0,23014.0,22973.6875,47.0,-0.0053191489361702,-2.12,trail,True,True,17,2
2025-06-25 12:22:00,2025-06-25 12:24:00,ema_rev,long,22918.75,22913.75,22932.75,22932.1875,20.0,2.6875,1075.0,trail,True,True,40,2
2025-06-26 09:53:00,2025-06-26 09:55:00,ou_rev,long,22987.0,22969.5,23014.0,23010.9375,70.0,1.3678571428571429,2393.75,trail,True,True,50,2
2025-06-26 10:16:00,2025-06-26 10:18:00,kalman_mom,long,23049.25,23038.25,23076.75,23060.4375,44.0,1.0170454545454546,402.75,trail,True,True,18,2
2025-06-27 10:16:00,2025-06-27 10:17:00,kalman_mom,long,23299.5,23294.5,23312.0,23294.4375,20.0,-1.0125,-405.0,stop,False,False,40,1
2025-06-27 13:42:00,2025-06-27 13:43:00,pm_mom,long,23274.25,23270.75,23281.25,23270.6875,14.0,-1.0178571428571428,-356.25,stop,False,False,50,1
2025-06-30 10:15:00,2025-06-30 10:17:00,kalman_mom,long,23338.0,23327.75,23363.5,23327.6875,41.0,-1.0060975609756098,-391.88,stop,False,False,19,2
2025-06-30 13:51:00,2025-06-30 13:52:00,pm_mom,long,23325.75,23318.25,23340.75,23318.1875,30.0,-1.0083333333333333,-393.25,stop,False,False,26,1
2025-06-30 14:15:00,2025-06-30 14:17:00,ou_rev,long,23312.25,23308.75,23325.5,23323.1875,14.0,3.125,1093.75,trail,True,True,50,2
2025-07-01 10:42:00,2025-07-01 10:43:00,vwap_rev,long,23208.0,23201.25,23287.25,23201.1875,27.0,-1.0092592592592593,-395.12,stop,False,False,29,1
2025-07-01 10:54:00,2025-07-01 10:56:00,trend,short,23199.0,23206.25,23176.25,23194.0625,29.0,0.6810344827586207,266.62,trail,False,True,27,2
2025-07-01 11:31:00,2025-07-01 11:33:00,kalman_mom,long,23179.25,23169.25,23204.25,23179.1875,40.0,-0.00625,-2.5,trail,True,True,20,2
2025-07-01 13:43:00,2025-07-01 13:47:00,pm_mom,long,23222.25,23215.0,23236.75,23222.1875,29.0,-0.0086206896551724,-3.37,trail,True,True,27,4
2025-07-02 10:16:00,2025-07-02 10:18:00,kalman_mom,long,23252.75,23248.25,23264.0,23258.9375,18.0,1.375,544.5,trail,True,True,44,2
2025-07-02 10:23:00,2025-07-02 10:25:00,trend,long,23253.75,23248.5,23264.25,23262.6875,21.0,1.7023809523809523,679.25,trail,True,True,38,2
2025-07-03 10:15:00,2025-07-03 10:16:00,kalman_mom,long,23545.5,23541.75,23555.0,23541.6875,15.0,-1.0166666666666666,-381.25,stop,False,False,50,1
2025-07-03 10:20:00,2025-07-03 10:34:00,trend,long,23555.75,23540.25,23586.75,23540.1875,62.0,-1.0040322580645162,-373.5,stop,False,False,12,14
2025-07-03 11:36:00,2025-07-03 11:38:00,trend,long,23568.75,23560.25,23585.75,23579.4375,34.0,1.2573529411764706,491.62,trail,True,True,23,2
2025-07-03 11:49:00,2025-07-03 11:52:00,trend,long,23590.0,23582.75,23604.5,23582.6875,29.0,-1.0086206896551724,-394.88,stop,False,False,27,3
2025-07-04 09:57:00,2025-07-04 09:58:00,pd_rev,long,23426.75,23421.5,23437.25,23421.4375,21.0,-1.011904761904762,-531.25,stop,False,False,50,1
2025-07-04 10:32:00,2025-07-04 11:02:00,sweep,long,23435.25,23423.25,23465.25,23433.1875,48.0,-0.171875,-66.0,time_stop,False,False,16,30
2025-07-04 11:41:00,2025-07-04 11:46:00,kalman_mom,long,23427.0,23423.5,23435.75,23423.4375,14.0,-1.0178571428571428,-356.25,stop,False,False,50,5
2025-07-07 10:59:00,2025-07-07 11:01:00,ou_rev,long,23381.5,23376.0,23429.25,23394.9375,22.0,2.4431818181818183,1343.75,trail,True,True,50,2
2025-07-08 10:08:00,2025-07-08 10:10:00,vwap_rev,long,23368.5,23360.0,23399.25,23368.4375,34.0,-0.0073529411764705,-2.87,trail,True,True,23,2
2025-07-08 10:27:00,2025-07-08 10:29:00,ou_rev,long,23353.5,23342.5,23391.75,23369.6875,44.0,1.4715909090909092,1618.75,trail,True,True,50,2
2025-07-08 10:44:00,2025-07-08 10:46:00,kalman_mom,long,23421.75,23409.25,23453.0,23409.1875,50.0,-1.005,-402.0,stop,False,False,16,2
2025-07-08 11:29:00,2025-07-08 11:31:00,trend,short,23356.0,23370.25,23327.5,23370.3125,57.0,-1.0043859649122806,-400.75,trail,False,True,14,2
2025-07-08 11:51:00,2025-07-08 11:54:00,trend,long,23392.75,23381.5,23415.25,23381.4375,45.0,-1.0055555555555555,-384.62,stop,False,False,17,3
2025-07-08 13:31:00,2025-07-08 13:33:00,pm_mom,long,23412.0,23405.5,23425.0,23405.4375,26.0,-1.0096153846153846,-393.75,stop,False,False,30,2
2025-07-09 10:00:00,2025-07-09 10:01:00,trend,long,23580.0,23568.0,23604.0,23604.0,48.0,2.0,768.0,target,False,False,16,1
2025-07-10 10:20:00,2025-07-10 10:21:00,or_rev,long,23458.0,23452.0,23550.0,23451.9375,24.0,-1.0104166666666667,-400.12,stop,False,False,33,1
2025-07-10 10:39:00,2025-07-10 10:41:00,kalman_mom,long,23455.25,23449.25,23470.25,23471.9375,24.0,2.78125,1101.38,trail,True,True,33,2
2025-07-10 10:47:00,2025-07-10 10:52:00,trend,long,23464.25,23449.0,23494.75,23478.1875,61.0,0.9139344262295082,362.38,trail,True,True,13,5
2025-07-11 11:38:00,2025-07-11 11:40:00,kalman_mom,long,23463.25,23454.75,23484.5,23475.1875,34.0,1.4044117647058822,549.12,trail,True,True,23,2
2025-07-11 13:52:00,2025-07-11 13:56:00,pm_mom,long,23486.5,23477.5,23504.5,23493.1875,36.0,0.7430555555555556,294.25,trail,True,True,22,4
2025-07-14 11:43:00,2025-07-14 11:45:00,kalman_mom,long,23502.0,23498.25,23511.5,23501.9375,15.0,-0.0166666666666666,-6.25,trail,True,True,50,2
2025-07-14 13:32:00,2025-07-14 13:39:00,pm_mom,long,23552.75,23545.0,23568.25,23552.6875,31.0,-0.0080645161290322,-3.12,trail,True,True,25,7
2025-07-15 10:02:00,2025-07-15 10:04:00,ema_rev,long,23625.25,23614.25,23646.25,23625.1875,44.0,-0.0056818181818181,-2.25,trail,True,True,18,2
2025-07-15 10:54:00,2025-07-15 10:55:00,vwap_rev,long,23612.75,23609.25,23657.75,23609.1875,14.0,-1.0178571428571428,-356.25,stop,False,False,50,1
2025-07-15 13:32:00,2025-07-15 13:35:00,ou_rev,long,23615.25,23611.0,23643.25,23624.9375,17.0,2.2794117647058822,968.75,trail,True,True,50,3
2025-07-16 09:52:00,2025-07-16 09:53:00,ema_rev,long,23469.25,23463.25,23512.75,23463.1875,24.0,-1.0104166666666667,-400.12,stop,False,False,33,1
2025-07-16 10:00:00,2025-07-16 10:02:00,or_rev,long,23462.5,23450.75,23539.0,23476.6875,47.0,1.2074468085106382,482.38,trail,True,True,17,2
2025-07-16 11:23:00,2025-07-16 11:25:00,ou_rev,long,23406.25,23392.0,23492.25,23447.4375,57.0,2.8903508771929824,4118.75,trail,True,True,50,2
2025-07-17 10:01:00,2025-07-17 10:08:00,trend,long,23654.5,23635.0,23693.5,23654.4375,78.0,-0.0032051282051282,-1.25,trail,True,True,10,7
2025-07-17 10:08:00,2025-07-17 10:12:00,trend,long,23663.0,23650.25,23688.5,23650.1875,51.0,-1.0049019607843137,-384.38,stop,False,False,15,4
2025-07-17 10:34:00,2025-07-17 10:36:00,kalman_mom,long,23662.75,23656.5,23678.5,23662.6875,25.0,-0.01,-4.0,trail,True,True,32,2
2025-07-17 10:40:00,2025-07-17 10:47:00,trend,long,23661.75,23653.0,23679.25,23674.4375,35.0,1.45,558.25,trail,True,True,22,7
2025-07-17 13:32:00,2025-07-17 13:33:00,pm_mom,long,23754.0,23749.0,23764.0,23748.9375,20.0,-1.0125,-405.0,stop,False,False,40,1
2025-07-18 09:59:00,2025-07-18 10:01:00,ou_rev,long,23753.0,23746.0,23774.5,23774.5,28.0,3.071428571428572,2150.0,target,False,False,50,2
2025-07-21 10:15:00,2025-07-21 10:17:00,kalman_mom,long,23892.75,23887.25,23906.5,23892.6875,22.0,-0.0113636363636363,-4.5,trail,True,True,36,2
2025-07-21 12:26:00,2025-07-21 12:28:00,ema_rev,long,23856.0,23852.25,23865.5,23867.4375,15.0,3.05,1143.75,trail,True,True,50,2
2025-07-22 10:04:00,2025-07-22 10:06:00,trend,short,23614.0,23636.25,23569.5,23636.3125,89.0,-1.002808988764045,-357.0,stop,False,False,8,2
2025-07-22 10:13:00,2025-07-22 10:16:00,or_rev,long,23666.0,23659.0,23798.5,23689.6875,28.0,3.383928571428572,1326.5,trail,True,True,28,3
2025-07-23 09:58:00,2025-07-23 10:00:00,ou_rev,long,23676.0,23667.25,23699.5,23675.9375,35.0,-0.0071428571428571,-6.25,trail,True,True,50,2
2025-07-23 10:06:00,2025-07-23 10:08:00,ou_rev,long,23661.5,23649.75,23693.25,23661.4375,47.0,-0.0053191489361702,-6.25,trail,True,True,50,2
2025-07-23 10:15:00,2025-07-23 10:17:00,ou_rev,long,23644.5,23640.25,23687.75,23678.6875,17.0,8.044117647058824,3418.75,trail,True,True,50,2
2025-07-24 10:15:00,2025-07-24 10:17:00,ou_rev,long,23806.25,23791.75,23850.25,23806.1875,58.0,-0.0043103448275862,-6.25,trail,True,True,50,2
2025-07-24 13:20:00,2025-07-24 13:22:00,kalman_mom,long,23900.5,23896.75,23910.0,23900.4375,15.0,-0.0166666666666666,-6.25,trail,True,True,50,2
2025-07-24 13:53:00,2025-07-24 13:56:00,pm_mom,long,23893.5,23887.0,23906.5,23886.9375,26.0,-1.0096153846153846,-393.75,stop,False,False,30,3
2025-07-24 14:14:00,2025-07-24 14:24:00,trend,long,23909.75,23901.75,23925.75,23901.6875,32.0,-1.0078125,-403.12,stop,False,False,25,10
2025-07-25 13:33:00,2025-07-25 13:42:00,kalman_mom,long,23947.75,23938.25,23971.5,23938.1875,38.0,-1.006578947368421,-401.62,stop,False,False,21,9
2025-07-28 13:32:00,2025-07-28 13:34:00,pm_mom,long,23972.0,23964.25,23987.5,23977.6875,31.0,0.7338709677419355,284.38,trail,False,True,25,2
2025-07-28 13:53:00,2025-07-28 13:55:00,ou_rev,long,23965.75,23962.0,23985.0,23965.6875,15.0,-0.0166666666666666,-6.25,trail,True,True,50,2
2025-07-28 14:07:00,2025-07-28 14:09:00,vwap_rev,long,23942.75,23933.5,23983.25,23951.4375,37.0,0.9391891891891893,364.88,trail,False,True,21,2
2025-07-29 10:00:00,2025-07-29 10:04:00,trend,short,24075.0,24087.75,24049.5,24052.0625,51.0,1.7990196078431373,688.12,trail,True,True,15,4
2025-07-29 10:05:00,2025-07-29 10:07:00,or_rev,long,24060.5,24050.0,24116.25,24049.9375,42.0,-1.005952380952381,-401.38,trail,False,True,19,2
2025-07-29 10:21:00,2025-07-29 10:27:00,trend,short,24053.75,24066.5,24028.25,24043.8125,51.0,0.7794117647058824,298.12,trail,True,True,15,6
2025-07-29 11:44:00,2025-07-29 11:46:00,vwap_rev,long,23938.5,23931.75,24047.75,23970.9375,27.0,4.805555555555555,1881.38,trail,True,True,29,2
2025-07-30 13:03:00,2025-07-30 13:07:00,kalman_mom,long,24032.75,24027.5,24046.0,24027.4375,21.0,-1.011904761904762,-403.75,stop,False,False,38,4
2025-07-30 13:35:00,2025-07-30 13:39:00,pm_mom,long,24029.5,24024.25,24040.0,24032.6875,21.0,0.6071428571428571,242.25,trail,False,True,38,4
2025-07-31 10:26:00,2025-07-31 10:27:00,trend,short,24143.5,24150.75,24128.75,24128.75,29.0,2.034482758620689,796.5,target,False,False,27,1
2025-08-01 09:54:00,2025-08-01 09:56:00,ou_rev,long,23363.75,23351.5,23469.75,23390.1875,49.0,2.1581632653061225,2643.75,trail,True,True,50,2
2025-08-04 09:51:00,2025-08-04 09:53:00,ema_rev,short,23706.75,23716.5,23669.75,23692.3125,39.0,1.4807692307692308,577.5,trail,True,True,20,2
2025-08-04 10:07:00,2025-08-04 10:09:00,or_rev,short,23747.5,23750.25,23635.5,23729.5625,11.0,6.5227272727272725,1793.75,trail,True,True,50,2
2025-08-05 10:19:00,2025-08-05 10:21:00,or_rev,long,23794.0,23786.0,23827.25,23793.9375,32.0,-0.0078125,-3.12,trail,True,True,25,2
2025-08-05 10:24:00,2025-08-05 10:26:00,ema_rev,long,23780.25,23771.0,23807.5,23780.1875,37.0,-0.0067567567567567,-2.62,trail,True,True,21,2
2025-08-05 10:37:00,2025-08-05 10:38:00,vwap_rev,long,23739.0,23732.75,23820.75,23732.6875,25.0,-1.01,-404.0,stop,False,False,32,1
2025-08-05 13:31:00,2025-08-05 13:32:00,pm_mom,long,23707.0,23702.25,23716.5,23702.1875,19.0,-1.013157894736842,-404.25,stop,False,False,42,1
2025-08-05 14:21:00,2025-08-05 14:22:00,ou_rev,long,23692.5,23684.75,23727.75,23684.6875,31.0,-1.0080645161290325,-781.25,stop,False,False,50,1
2025-08-06 10:09:00,2025-08-06 10:12:00,ou_rev,short,23766.25,23779.25,23702.0,23747.3125,52.0,1.4567307692307692,1893.75,trail,True,True,50,3
2025-08-06 12:00:00,2025-08-06 12:01:00,kalman_mom,long,23862.0,23858.5,23870.75,23858.4375,14.0,-1.0178571428571428,-356.25,stop,False,False,50,1
2025-08-06 13:30:00,2025-08-06 13:31:00,pm_mom,long,23871.5,23869.0,23876.5,23868.9375,10.0,-1.025,-256.25,stop,False,False,50,1
2025-08-07 10:27:00,2025-08-07 10:28:00,ou_rev,long,24049.0,24038.0,24105.75,24037.9375,44.0,-1.005681818181818,-1106.25,stop,False,False,50,1
2025-08-07 10:59:00,2025-08-07 11:01:00,ou_rev,long,24025.0,24016.25,24091.25,24051.1875,35.0,2.992857142857143,2618.75,trail,True,True,50,2
2025-08-07 13:56:00,2025-08-07 13:57:00,pm_mom,long,23919.5,23916.25,23926.0,23916.1875,13.0,-1.0192307692307692,-331.25,stop,False,False,50,1
2025-08-08 12:03:00,2025-08-08 12:05:00,kalman_mom,long,24185.0,24178.75,24200.5,24184.9375,25.0,-0.01,-4.0,trail,True,True,32,2
2025-08-08 13:03:00,2025-08-08 13:05:00,ema_rev,long,24156.75,24152.75,24174.25,24175.9375,16.0,4.796875,1918.75,trail,True,True,50,2
2025-08-11 13:40:00,2025-08-11 13:41:00,ema_rev,long,24205.0,24197.25,24220.0,24197.1875,31.0,-1.0080645161290325,-390.63,stop,False,False,25,1
2025-08-11 14:16:00,2025-08-11 14:17:00,pm_mom,long,24190.5,24185.75,24200.0,24185.6875,19.0,-1.013157894736842,-404.25,stop,False,False,42,1
2025-08-12 10:17:00,2025-08-12 10:19:00,kalman_mom,long,24233.0,24226.25,24250.0,24239.6875,27.0,0.9907407407407408,387.88,trail,True,True,29,2
2025-08-12 10:27:00,2025-08-12 10:29:00,trend,long,24245.75,24232.5,24272.25,24255.6875,53.0,0.75,298.12,trail,False,True,15,2
2025-08-12 10:33:00,2025-08-12 10:47:00,trend,long,24255.75,24236.5,24294.25,24236.4375,77.0,-1.0032467532467533,-386.25,stop,False,False,10,14
2025-08-12 13:35:00,2025-08-12 13:40:00,pm_mom,long,24400.5,24393.25,24415.0,24393.1875,29.0,-1.0086206896551724,-394.88,stop,False,False,27,5
2025-08-13 10:04:00,2025-08-13 10:05:00,vwap_rev,long,24495.5,24487.5,24532.0,24487.4375,32.0,-1.0078125,-403.12,stop,False,False,25,1
2025-08-13 10:33:00,2025-08-13 10:35:00,ou_rev,long,24446.5,24439.5,24510.25,24446.4375,28.0,-0.0089285714285714,-6.25,trail,True,True,50,2
2025-08-13 13:30:00,2025-08-13 13:31:00,pm_mom,long,24437.5,24432.5,24447.5,24432.4375,20.0,-1.0125,-405.0,stop,False,False,40,1
2025-08-14 10:01:00,2025-08-14 10:05:00,trend,long,24433.0,24416.25,24466.5,24416.1875,67.0,-1.0037313432835822,-369.88,stop,False,False,11,4
2025-08-14 10:21:00,2025-08-14 10:22:00,kalman_mom,long,24441.25,24437.5,24450.5,24437.4375,15.0,-1.0166666666666666,-381.25,stop,False,False,50,1
2025-08-14 10:29:00,2025-08-14 10:33:00,trend,long,24448.5,24429.75,24486.0,24473.9375,75.0,1.356666666666667,508.75,trail,True,True,10,4
2025-08-14 10:38:00,2025-08-14 10:41:00,trend,long,24468.25,24460.5,24483.75,24483.4375,31.0,1.9596774193548387,759.38,trail,True,True,25,3
2025-08-14 11:28:00,2025-08-14 11:30:00,ema_rev,long,24370.0,24356.5,24413.5,24385.9375,54.0,1.1805555555555556,446.25,trail,True,True,14,2
2025-08-15 09:55:00,2025-08-15 09:57:00,ou_rev,long,24279.0,24263.75,24333.0,24306.4375,61.0,1.7991803278688523,2743.75,trail,True,True,50,2
2025-08-15 10:00:00,2025-08-15 10:01:00,or_rev,long,24301.0,24290.0,24372.5,24289.9375,44.0,-1.005681818181818,-398.25,stop,False,False,18,1
2025-08-15 10:49:00,2025-08-15 10:51:00,ema_rev,long,24303.0,24296.5,24327.25,24302.9375,26.0,-0.0096153846153846,-3.75,trail,True,True,30,2
2025-08-15 11:44:00,2025-08-15 11:45:00,vwap_rev,long,24247.0,24238.75,24322.0,24238.6875,33.0,-1.0075757575757576,-399.0,stop,False,False,24,1
2025-08-15 13:33:00,2025-08-15 13:34:00,pm_mom,long,24320.25,24312.5,24335.75,24312.4375,31.0,-1.0080645161290325,-390.63,stop,False,False,25,1
2025-08-18 10:01:00,2025-08-18 10:03:00,ou_rev,long,24244.25,24233.75,24274.75,24260.6875,42.0,1.5654761904761905,1643.75,trail,True,True,50,2
2025-08-18 11:27:00,2025-08-18 11:29:00,ou_rev,long,24245.75,24241.75,24269.0,24245.6875,16.0,-0.015625,-6.25,trail,True,True,50,2
2025-08-18 11:35:00,2025-08-18 11:36:00,pd_rev,long,24232.0,24224.5,24267.5,24224.4375,30.0,-1.0083333333333333,-756.25,stop,False,False,50,1
2025-08-18 13:33:00,2025-08-18 13:34:00,pm_mom,long,24293.0,24288.25,24302.5,24288.1875,19.0,-1.013157894736842,-404.25,stop,False,False,42,1
2025-08-19 10:40:00,2025-08-19 10:42:00,vwap_rev,long,24100.25,24091.5,24174.75,24115.4375,35.0,1.7357142857142858,668.25,trail,True,True,22,2
2025-08-19 10:47:00,2025-08-19 10:49:00,ema_rev,long,24080.0,24066.0,24110.25,24090.9375,56.0,0.78125,306.25,trail,True,True,14,2
2025-08-20 10:12:00,2025-08-20 10:13:00,or_rev,long,23606.0,23593.5,23878.0,23593.4375,50.0,-1.005,-402.0,stop,False,False,16,1
2025-08-20 13:35:00,2025-08-20 13:37:00,pm_mom,long,23786.0,23777.75,23802.5,23792.4375,33.0,0.7803030303030303,309.0,trail,False,True,24,2
2025-08-21 10:14:00,2025-08-21 10:16:00,vwap_rev,short,23788.5,23797.75,23735.0,23766.5625,37.0,2.371621621621621,921.37,trail,True,True,21,2
2025-08-22 09:53:00,2025-08-22 09:54:00,ou_rev,short,23818.5,23829.25,23773.75,23829.3125,43.0,-1.005813953488372,-1081.25,stop,False,False,50,1
2025-08-22 10:27:00,2025-08-22 10:31:00,or_rev,short,24067.25,24079.5,23758.5,24067.3125,49.0,-0.0051020408163265,-2.0,trail,True,True,16,4
2025-08-22 12:03:00,2025-08-22 12:04:00,kalman_mom,short,24080.5,24084.75,24070.0,24084.8125,17.0,-1.0147058823529411,-405.38,stop,False,False,47,1
2025-08-22 13:25:00,2025-08-22 13:26:00,ema_rev,short,24095.0,24103.25,24073.0,24103.3125,33.0,-1.0075757575757576,-399.0,stop,False,False,24,1
2025-08-22 13:30:00,2025-08-22 13:32:00,pm_mom,long,24110.0,24104.0,24122.0,24103.9375,24.0,-1.0104166666666667,-400.12,trail,False,True,33,2
2025-08-25 13:50:00,2025-08-25 13:52:00,pm_mom,long,24073.5,24070.25,24080.0,24076.4375,13.0,0.903846153846154,293.75,trail,True,True,50,2
2025-08-26 09:50:00,2025-08-26 09:52:00,ou_rev,long,23938.5,23920.5,23976.25,23975.9375,72.0,2.079861111111111,3743.75,trail,True,True,50,2
2025-08-27 10:27:00,2025-08-27 10:29:00,kalman_mom,long,24098.0,24091.75,24113.5,24091.6875,25.0,-1.01,-404.0,stop,False,False,32,2
2025-08-27 10:32:00,2025-08-27 10:46:00,trend,long,24102.75,24089.25,24129.75,24089.1875,54.0,-1.0046296296296295,-379.75,trail,False,True,14,14
2025-08-27 13:32:00,2025-08-27 13:36:00,pm_mom,long,24101.25,24097.25,24109.25,24097.1875,16.0,-1.015625,-406.25,stop,False,False,50,4
2025-08-28 13:30:00,2025-08-28 13:31:00,pm_mom,long,24255.75,24250.5,24266.25,24266.25,21.0,2.0,798.0,target,False,False,38,1
2025-08-29 10:17:00,2025-08-29 10:21:00,or_rev,long,23936.0,23921.5,24122.0,23981.4375,58.0,3.1336206896551726,1181.38,trail,True,True,13,4
2025-09-01 10:03:00,2025-09-01 10:05:00,or_rev,short,23982.25,23986.25,23957.0,23982.3125,16.0,-0.015625,-6.25,trail,True,True,50,2
2025-09-01 11:31:00,2025-09-01 11:34:00,kalman_mom,long,23998.25,23994.75,24007.0,24000.6875,14.0,0.6964285714285714,243.75,trail,False,True,50,3
2025-09-02 09:53:00,2025-09-02 09:54:00,ema_rev,short,23726.75,23737.75,23664.25,23737.8125,44.0,-1.005681818181818,-398.25,stop,False,False,18,1
2025-09-02 10:00:00,2025-09-02 10:01:00,or_rev,short,23727.75,23738.0,23595.5,23738.0625,41.0,-1.0060975609756098,-391.88,stop,False,False,19,1
2025-09-02 10:35:00,2025-09-02 10:36:00,ou_rev,short,23744.75,23752.75,23673.25,23752.8125,32.0,-1.0078125,-806.25,stop,False,False,50,1
2025-09-02 11:37:00,2025-09-02 11:38:00,kalman_mom,short,23555.5,23563.25,23536.0,23563.3125,31.0,-1.0080645161290325,-390.63,stop,False,False,25,1
2025-09-02 13:34:00,2025-09-02 13:37:00,pm_mom,long,23677.75,23669.5,23694.25,23689.9375,33.0,1.4772727272727273,585.0,trail,True,True,24,3
2025-09-03 10:20:00,2025-09-03 10:21:00,or_rev,short,23937.0,23940.5,23898.75,23940.5625,14.0,-1.0178571428571428,-356.25,stop,False,False,50,1
2025-09-03 10:38:00,2025-09-03 10:40:00,ou_rev,short,23970.75,23980.0,23911.0,23970.8125,37.0,-0.0067567567567567,-6.25,trail,True,True,50,2
2025-09-03 10:45:00,2025-09-03 10:46:00,ou_rev,short,24001.0,24010.25,23916.75,24010.3125,37.0,-1.0067567567567568,-931.25,stop,False,False,50,1
2025-09-03 12:19:00,2025-09-03 12:21:00,kalman_mom,long,23927.25,23917.75,23951.0,23947.9375,38.0,2.1776315789473686,868.88,trail,True,True,21,2
2025-09-03 13:32:00,2025-09-03 13:33:00,pm_mom,short,23918.25,23927.25,23900.25,23927.3125,36.0,-1.0069444444444444,-398.75,stop,False,False,22,1
2025-09-04 10:11:00,2025-09-04 10:13:00,ou_rev,long,23935.25,23925.75,23976.0,23964.6875,38.0,3.098684210526316,2943.75,trail,True,True,50,2
2025-09-05 10:09:00,2025-09-05 10:11:00,vwap_rev,long,24285.25,24279.5,24342.0,24296.6875,23.0,1.9891304347826089,777.75,trail,True,True,34,2
2025-09-05 10:18:00,2025-09-05 10:19:00,ema_rev,long,24234.75,24220.5,24281.5,24220.4375,57.0,-1.0043859649122806,-400.75,stop,False,False,14,1
2025-09-05 11:04:00,2025-09-05 11:06:00,ou_rev,long,24024.75,24008.75,24224.25,24043.4375,64.0,1.16796875,1868.75,trail,True,True,50,2
2025-09-08 12:20:00,2025-09-08 12:21:00,ema_rev,long,24328.25,24323.75,24339.25,24323.6875,18.0,-1.0138888888888888,-401.5,stop,False,False,44,1
2025-09-08 13:31:00,2025-09-08 13:32:00,ou_rev,long,24300.5,24297.0,24332.5,24296.9375,14.0,-1.0178571428571428,-356.25,stop,False,False,50,1
2025-09-08 13:36:00,2025-09-08 13:38:00,ou_rev,long,24299.0,24295.25,24332.25,24298.9375,15.0,-0.0166666666666666,-6.25,trail,True,True,50,2
2025-09-08 13:43:00,2025-09-08 13:46:00,ou_rev,long,24293.75,24286.0,24331.75,24298.9375,31.0,0.6693548387096774,518.75,trail,False,True,50,3
2025-09-09 09:56:00,2025-09-09 09:58:00,ou_rev,long,24301.75,24294.75,24326.25,24330.6875,28.0,4.133928571428571,2893.75,trail,True,True,50,2
2025-09-10 12:44:00,2025-09-10 12:45:00,vwap_rev,long,24404.5,24399.5,24443.25,24399.4375,20.0,-1.0125,-405.0,stop,False,False,40,1
2025-09-10 13:37:00,2025-09-10 13:39:00,pm_mom,long,24397.5,24388.0,24416.5,24387.9375,38.0,-1.006578947368421,-401.62,stop,False,False,21,2
2025-09-10 14:15:00,2025-09-10 14:17:00,ou_rev,long,24382.25,24369.5,24433.75,24369.4375,51.0,-1.0049019607843137,-1281.25,stop,False,False,50,2
2025-09-11 12:11:00,2025-09-11 12:12:00,kalman_mom,long,24532.0,24528.75,24540.0,24528.6875,13.0,-1.0192307692307692,-331.25,stop,False,False,50,1
2025-09-11 12:54:00,2025-09-11 12:56:00,ema_rev,long,24495.25,24487.5,24506.25,24503.6875,31.0,1.0887096774193548,421.88,trail,True,True,25,2
2025-09-11 13:33:00,2025-09-11 13:34:00,pm_mom,long,24516.75,24513.25,24523.75,24523.75,14.0,2.0,700.0,target,False,False,50,1
2025-09-12 13:46:00,2025-09-12 13:48:00,pm_mom,long,24599.75,24596.25,24606.75,24604.9375,14.0,1.4821428571428572,518.75,trail,True,True,50,2
2025-09-15 13:40:00,2025-09-15 13:42:00,pm_mom,long,24761.25,24758.25,24767.25,24766.9375,12.0,1.8958333333333333,568.75,trail,True,True,50,2
2025-09-16 09:56:00,2025-09-16 09:57:00,ou_rev,long,24795.0,24788.75,24820.0,24788.6875,25.0,-1.01,-631.25,stop,False,False,50,1
2025-09-16 10:01:00,2025-09-16 10:03:00,ou_rev,long,24795.5,24787.5,24816.75,24795.4375,32.0,-0.0078125,-6.25,trail,True,True,50,2
2025-09-16 13:49:00,2025-09-16 13:50:00,pm_mom,long,24791.75,24788.75,24797.75,24788.6875,12.0,-1.0208333333333333,-306.25,stop,False,False,50,1
2025-09-17 09:51:00,2025-09-17 09:53:00,pd_rev,long,24760.5,24748.75,24784.0,24771.9375,47.0,0.973404255319149,869.25,trail,True,True,38,2
2025-09-17 10:20:00,2025-09-17 10:22:00,or_rev,long,24719.75,24710.75,24760.0,24726.9375,36.0,0.7986111111111112,316.25,trail,True,True,22,2
2025-09-17 10:30:00,2025-09-17 10:31:00,vwap_rev,long,24696.75,24692.0,24740.75,24691.9375,19.0,-1.013157894736842,-404.25,stop,False,False,42,1
2025-09-17 10:38:00,2025-09-17 10:41:00,ou_rev,long,24692.5,24685.75,24737.25,24704.9375,27.0,1.8425925925925928,1243.75,trail,True,True,50,3
2025-09-18 10:15:00,2025-09-18 10:17:00,kalman_mom,long,25005.25,25000.5,25017.0,25019.4375,19.0,2.986842105263158,1191.75,trail,True,True,42,2
2025-09-19 11:13:00,2025-09-19 11:16:00,ou_rev,long,24998.5,24988.25,25027.75,24988.1875,41.0,-1.0060975609756098,-1031.25,stop,False,False,50,3
2025-09-19 11:24:00,2025-09-19 11:26:00,ou_rev,long,24990.75,24975.5,25025.5,24990.6875,61.0,-0.0040983606557377,-6.25,trail,True,True,50,2
2025-09-19 11:29:00,2025-09-19 11:31:00,ou_rev,long,24981.75,24976.5,25024.0,24981.6875,21.0,-0.0119047619047619,-6.25,trail,True,True,50,2
2025-09-19 12:14:00,2025-09-19 12:16:00,kalman_mom,long,25056.75,25051.25,25070.5,25065.4375,22.0,1.5795454545454546,625.5,trail,True,True,36,2
2025-09-19 13:31:00,2025-09-19 13:34:00,pm_mom,long,25070.0,25061.0,25088.0,25077.6875,36.0,0.8541666666666666,338.25,trail,False,True,22,3
2025-09-22 13:33:00,2025-09-22 13:34:00,pm_mom,long,25248.5,25243.0,25259.5,25242.9375,22.0,-1.0113636363636365,-400.5,stop,False,False,36,1
2025-09-23 10:05:00,2025-09-23 10:07:00,or_rev,long,25197.25,25187.0,25232.75,25216.4375,41.0,1.8719512195121952,729.12,trail,True,True,19,2
2025-09-23 12:12:00,2025-09-23 12:13:00,vwap_rev,long,25180.0,25175.5,25212.0,25175.4375,18.0,-1.0138888888888888,-401.5,stop,False,False,44,1
2025-09-23 13:22:00,2025-09-23 13:24:00,ema_rev,long,25155.75,25151.5,25169.0,25165.4375,17.0,2.2794117647058822,910.62,trail,True,True,47,2
2025-09-24 09:56:00,2025-09-24 09:58:00,ou_rev,long,25066.25,25057.0,25091.25,25066.1875,37.0,-0.0067567567567567,-6.25,trail,True,True,50,2
2025-09-24 10:35:00,2025-09-24 10:37:00,ou_rev,long,25056.5,25049.75,25084.5,25080.4375,27.0,3.5462962962962963,2393.75,trail,True,True,50,2
2025-09-25 10:15:00,2025-09-25 10:16:00,kalman_mom,long,24833.0,24822.5,24859.25,24859.25,42.0,2.5,997.5,target,False,False,19,1
2025-09-26 10:28:00,2025-09-26 10:30:00,vwap_rev,long,24788.0,24776.0,24903.5,24827.6875,48.0,3.3072916666666665,1270.0,trail,True,True,16,2
2025-09-29 10:15:00,2025-09-29 10:17:00,kalman_mom,long,25212.5,25206.75,25227.0,25212.4375,23.0,-0.0108695652173913,-4.25,trail,True,True,34,2
2025-09-29 11:14:00,2025-09-29 11:16:00,ema_rev,long,25153.5,25146.75,25180.5,25146.6875,27.0,-1.0092592592592593,-395.12,stop,False,False,29,2
2025-09-29 11:54:00,2025-09-29 11:56:00,or_rev,long,25093.75,25086.75,25138.5,25111.1875,28.0,2.4910714285714284,976.5,trail,True,True,28,2
2025-09-29 13:30:00,2025-09-29 13:32:00,ou_rev,long,25089.0,25081.5,25146.75,25088.9375,30.0,-0.0083333333333333,-6.25,trail,True,True,50,2
2025-09-29 13:39:00,2025-09-29 13:41:00,ou_rev,long,25080.0,25077.0,25145.25,25095.6875,12.0,5.229166666666667,1568.75,trail,True,True,50,2
2025-09-30 10:01:00,2025-09-30 10:03:00,sweep,long,25044.0,25030.0,25079.0,25061.6875,56.0,1.2633928571428572,495.25,trail,False,True,14,2
2025-09-30 10:21:00,2025-09-30 10:24:00,pd_rev,long,25038.25,25025.0,25064.75,25038.1875,53.0,-0.0047169811320754,-4.12,trail,True,True,33,3
2025-09-30 13:05:00,2025-09-30 13:07:00,ema_rev,long,25033.0,25029.25,25045.75,25032.9375,15.0,-0.0166666666666666,-6.25,trail,True,True,50,2
2025-09-30 14:22:00,2025-09-30 14:27:00,trend,long,25078.0,25066.0,25102.0,25089.9375,48.0,0.9947916666666666,382.0,trail,False,True,16,5
2025-10-01 11:35:00,2025-10-01 11:36:00,kalman_mom,long,25164.25,25161.25,25171.75,25161.1875,12.0,-1.0208333333333333,-306.25,stop,False,False,50,1
2025-10-01 11:43:00,2025-10-01 11:45:00,trend,long,25184.25,25177.0,25198.75,25184.1875,29.0,-0.0086206896551724,-3.37,trail,True,True,27,2
2025-10-01 11:52:00,2025-10-01 12:01:00,trend,long,25189.75,25180.0,25209.25,25196.6875,39.0,0.7115384615384616,277.5,trail,False,True,20,9
2025-10-01 13:33:00,2025-10-01 13:36:00,pm_mom,long,25236.5,25229.75,25250.0,25236.4375,27.0,-0.0092592592592592,-3.62,trail,True,True,29,3
2025-10-02 09:51:00,2025-10-02 09:53:00,ema_rev,long,25289.75,25276.0,25334.5,25289.6875,55.0,-0.0045454545454545,-1.75,trail,True,True,14,2
2025-10-02 10:27:00,2025-10-02 10:29:00,kalman_mom,long,25336.75,25327.75,25359.25,25347.9375,36.0,1.2430555555555556,492.25,trail,True,True,22,2
2025-10-02 10:56:00,2025-10-02 10:58:00,or_rev,long,25284.0,25276.5,25359.0,25276.4375,30.0,-1.0083333333333333,-393.25,stop,False,False,26,2
2025-10-02 11:02:00,2025-10-02 11:04:00,trend,short,25280.25,25288.75,25263.25,25261.8125,34.0,2.169117647058824,848.13,trail,True,True,23,2
2025-10-03 10:04:00,2025-10-03 10:06:00,ou_rev,long,25332.75,25322.5,25386.0,25332.6875,41.0,-0.0060975609756097,-6.25,trail,True,True,50,2
2025-10-03 11:56:00,2025-10-03 11:57:00,kalman_mom,long,25393.0,25388.75,25403.5,25403.5,17.0,2.4705882352941178,987.0,target,False,False,47,1
2025-10-06 10:36:00,2025-10-06 10:37:00,ou_rev,long,25390.25,25381.75,25417.75,25381.6875,34.0,-1.0073529411764706,-856.25,stop,False,False,50,1
2025-10-06 13:26:00,2025-10-06 13:27:00,kalman_mom,long,25483.5,25479.5,25493.5,25479.4375,16.0,-1.015625,-406.25,stop,False,False,50,1
2025-10-06 13:32:00,2025-10-06 13:33:00,pm_mom,long,25480.75,25476.5,25489.25,25476.4375,17.0,-1.0147058823529411,-405.38,stop,False,False,47,1
2025-10-07 10:32:00,2025-10-07 10:36:00,vwap_rev,long,25472.5,25467.5,25494.0,25472.4375,20.0,-0.0125,-5.0,trail,True,True,40,4
2025-10-07 10:38:00,2025-10-07 10:42:00,ou_rev,long,25455.5,25442.75,25490.25,25467.6875,51.0,0.9558823529411764,1218.75,trail,True,True,50,4
2025-10-07 10:45:00,2025-10-07 10:49:00,ou_rev,long,25455.5,25444.25,25487.25,25467.1875,45.0,1.038888888888889,1168.75,trail,False,True,50,4
2025-10-07 12:42:00,2025-10-07 12:43:00,kalman_mom,long,25339.0,25328.25,25366.0,25328.1875,43.0,-1.005813953488372,-389.25,stop,False,False,18,1
2025-10-07 13:30:00,2025-10-07 13:31:00,pm_mom,long,25306.75,25303.25,25313.75,25303.1875,14.0,-1.0178571428571428,-356.25,stop,False,False,50,1
2025-10-08 10:01:00,2025-10-08 10:03:00,trend,long,25444.0,25428.25,25475.5,25467.6875,63.0,1.503968253968254,568.5,trail,True,True,12,2
2025-10-08 10:09:00,2025-10-08 10:12:00,trend,long,25471.25,25457.75,25498.25,25487.4375,54.0,1.1990740740740742,453.25,trail,True,True,14,3
2025-10-09 10:17:00,2025-10-09 10:18:00,ou_rev,long,25522.0,25514.0,25543.25,25513.9375,32.0,-1.0078125,-806.25,stop,False,False,50,1
2025-10-09 10:23:00,2025-10-09 10:25:00,ou_rev,long,25516.5,25500.25,25541.0,25533.1875,65.0,1.0269230769230768,1668.75,trail,True,True,50,2
2025-10-09 10:33:00,2025-10-09 10:35:00,ou_rev,long,25492.0,25482.0,25536.25,25491.9375,40.0,-0.00625,-6.25,trail,True,True,50,2
2025-10-09 10:38:00,2025-10-09 10:40:00,vwap_rev,long,25479.0,25472.5,25532.75,25472.4375,26.0,-1.0096153846153846,-393.75,trail,False,True,30,2
2025-10-09 11:58:00,2025-10-09 12:03:00,kalman_mom,long,25526.75,25516.75,25551.75,25516.6875,40.0,-1.00625,-402.5,stop,False,False,20,5
2025-10-09 13:39:00,2025-10-09 13:41:00,pm_mom,long,25454.25,25444.75,25473.25,25468.6875,38.0,1.519736842105263,606.37,trail,True,True,21,2
2025-10-10 11:34:00,2025-10-10 11:35:00,vwap_rev,long,24960.25,24949.5,25397.25,24949.4375,43.0,-1.005813953488372,-389.25,stop,False,False,18,1
2025-10-10 12:28:00,2025-10-10 12:29:00,kalman_mom,long,25068.0,25055.75,25098.5,25055.6875,49.0,-1.0051020408163265,-394.0,stop,False,False,16,1
2025-10-10 13:36:00,2025-10-10 13:37:00,pm_mom,long,24995.0,24985.0,25015.0,24984.9375,40.0,-1.00625,-402.5,stop,False,False,20,1
2025-10-10 14:03:00,2025-10-10 14:04:00,ou_rev,long,24913.25,24900.0,25202.5,24899.9375,53.0,-1.0047169811320755,-1331.25,stop,False,False,50,1
2025-10-13 10:02:00,2025-10-13 10:04:00,or_rev,short,25151.5,25164.25,25040.0,25122.0625,51.0,2.3088235294117645,883.12,trail,True,True,15,2
2025-10-14 10:15:00,2025-10-14 10:16:00,kalman_mom,long,24882.25,24871.0,24910.5,24870.9375,45.0,-1.0055555555555555,-384.62,stop,False,False,17,1
2025-10-14 10:20:00,2025-10-14 10:21:00,trend,long,24886.25,24873.25,24912.25,24912.25,52.0,2.0,780.0,target,False,False,15,1
2025-10-14 10:33:00,2025-10-14 10:37:00,trend,long,24953.5,24936.25,24988.0,24984.9375,69.0,1.822463768115942,691.62,trail,True,True,11,4
2025-10-15 10:02:00,2025-10-15 10:04:00,vwap_rev,short,25287.5,25296.75,25223.25,25287.5625,37.0,-0.0067567567567567,-2.62,trail,True,True,21,2
2025-10-15 10:15:00,2025-10-15 10:17:00,kalman_mom,long,25335.25,25326.0,25358.5,25358.9375,37.0,2.560810810810811,994.88,trail,True,True,21,2
2025-10-17 12:09:00,2025-10-17 12:11:00,kalman_mom,long,25179.25,25167.75,25208.0,25179.1875,46.0,-0.0054347826086956,-2.12,trail,True,True,17,2
2025-10-17 13:35:00,2025-10-17 13:37:00,pm_mom,long,25154.0,25145.25,25171.5,25167.1875,35.0,1.5071428571428571,580.25,trail,True,True,22,2
2025-10-20 13:32:00,2025-10-20 13:38:00,pm_mom,long,25597.25,25591.75,25608.25,25602.4375,22.0,0.9431818181818182,373.5,trail,True,True,36,6
2025-10-21 10:02:00,2025-10-21 10:03:00,ou_rev,long,25481.75,25470.5,25512.75,25470.4375,45.0,-1.0055555555555555,-1131.25,stop,False,False,50,1
2025-10-21 13:15:00,2025-10-21 13:16:00,kalman_mom,long,25563.25,25560.0,25571.5,25559.9375,13.0,-1.0192307692307692,-331.25,stop,False,False,50,1
2025-10-21 13:31:00,2025-10-21 13:33:00,pm_mom,long,25545.0,25538.0,25559.0,25537.9375,28.0,-1.0089285714285714,-395.5,trail,False,True,28,2
2025-10-21 13:50:00,2025-10-21 13:52:00,trend,long,25556.5,25550.25,25569.0,25556.4375,25.0,-0.01,-4.0,trail,True,True,32,2
2025-10-21 13:56:00,2025-10-21 14:18:00,trend,long,25568.5,25555.75,25594.0,25555.6875,51.0,-1.0049019607843137,-384.38,trail,False,True,15,22
2025-10-22 10:38:00,2025-10-22 10:40:00,trend,short,25378.75,25388.25,25343.25,25347.0625,38.0,3.335526315789474,1330.88,trail,True,True,21,2
2025-10-23 10:00:00,2025-10-23 10:01:00,trend,long,25417.0,25403.5,25444.0,25403.4375,54.0,-1.0046296296296295,-379.75,stop,False,False,14,1
2025-10-23 10:28:00,2025-10-23 10:29:00,kalman_mom,long,25417.0,25411.5,25430.75,25411.4375,22.0,-1.0113636363636365,-400.5,stop,False,False,36,1
2025-10-23 10:35:00,2025-10-23 10:38:00,trend,long,25418.25,25399.0,25456.75,25442.4375,77.0,1.2564935064935066,483.75,trail,True,True,10,3
2025-10-23 13:34:00,2025-10-23 13:35:00,pm_mom,long,25481.0,25474.25,25494.5,25474.1875,27.0,-1.0092592592592593,-395.12,stop,False,False,29,1
2025-10-24 11:33:00,2025-10-24 11:34:00,kalman_mom,long,25800.75,25795.5,25814.0,25795.4375,21.0,-1.011904761904762,-403.75,stop,False,False,38,1
2025-10-24 13:34:00,2025-10-24 13:36:00,pm_mom,long,25809.25,25805.5,25816.75,25805.4375,15.0,-1.0166666666666666,-381.25,stop,False,False,50,2
2025-10-27 13:34:00,2025-10-27 13:36:00,pm_mom,long,26165.5,26163.0,26170.75,26162.9375,10.485128487620386,-1.025,-268.68,stop,False,False,50,2
2025-10-28 10:34:00,2025-10-28 10:36:00,ou_rev,long,26283.5,26279.5,26316.5,26297.9375,16.0,3.609375,1443.75,trail,True,True,50,2
2025-10-29 11:12:00,2025-10-29 11:13:00,vwap_rev,long,26501.75,26496.0,26537.75,26495.9375,23.0,-1.0108695652173914,-395.25,stop,False,False,34,1
2025-10-29 13:40:00,2025-10-29 13:42:00,pm_mom,long,26497.0,26492.25,26506.5,26505.4375,19.0,1.7763157894736843,708.75,trail,True,True,42,2
2025-10-29 14:28:00,2025-10-29 14:31:00,ou_rev,long,26493.5,26480.75,26518.75,26514.6875,51.0,1.661764705882353,2118.75,trail,True,True,50,3
2025-10-30 10:23:00,2025-10-30 10:25:00,trend,short,26315.5,26335.0,26276.5,26263.3125,78.0,2.676282051282051,1043.75,trail,True,True,10,2
2025-10-31 10:00:00,2025-10-31 10:01:00,or_rev,long,26358.75,26345.0,26416.5,26344.9375,55.0,-1.0045454545454546,-386.75,stop,False,False,14,1
2025-10-31 10:23:00,2025-10-31 10:25:00,ou_rev,long,26329.5,26316.0,26375.75,26363.4375,54.0,2.513888888888889,3393.75,trail,True,True,50,2
2025-10-31 11:39:00,2025-10-31 11:40:00,ema_rev,long,26360.75,26355.5,26394.75,26355.4375,21.0,-1.011904761904762,-403.75,stop,False,False,38,1
2025-10-31 12:02:00,2025-10-31 12:04:00,vwap_rev,long,26280.75,26271.25,26378.5,26280.6875,38.0,-0.006578947368421,-2.62,trail,True,True,21,2
2025-10-31 12:35:00,2025-10-31 12:36:00,kalman_mom,long,26276.25,26272.75,26285.0,26285.0,14.0,2.5,875.0,target,False,False,50,1
2025-11-03 10:00:00,2025-11-03 10:01:00,or_rev,long,26390.75,26380.0,26467.0,26379.9375,43.0,-1.005813953488372,-389.25,stop,False,False,18,1
2025-11-03 13:35:00,2025-11-03 13:36:00,pm_mom,long,26411.5,26409.0,26416.5,26408.9375,10.0,-1.025,-256.25,stop,False,False,50,1
2025-11-04 10:08:00,2025-11-04 10:09:00,trend,long,26119.75,26106.5,26146.25,26106.4375,53.0,-1.0047169811320755,-399.38,stop,False,False,15,1
2025-11-04 10:16:00,2025-11-04 10:18:00,trend,long,26111.25,26101.75,26142.25,26111.1875,38.0,-0.006578947368421,-2.62,trail,True,True,21,2
2025-11-04 10:23:00,2025-11-04 10:28:00,trend,long,26129.75,26112.25,26164.75,26129.6875,70.0,-0.0035714285714285,-1.37,trail,True,True,11,5
2025-11-04 11:25:00,2025-11-04 11:27:00,ema_rev,long,26011.75,26000.5,26029.0,26011.6875,45.0,-0.0055555555555555,-2.12,trail,True,True,17,2
2025-11-04 13:30:00,2025-11-04 13:33:00,ou_rev,long,25883.0,25871.25,26017.25,25904.4375,47.0,1.824468085106383,2143.75,trail,True,True,50,3
2025-11-04 13:37:00,2025-11-04 13:39:00,ou_rev,long,25874.5,25870.5,26015.0,25874.4375,16.0,-0.015625,-6.25,trail,True,True,50,2
2025-11-04 14:02:00,2025-11-04 14:04:00,pm_mom,long,25935.25,25927.0,25951.75,25935.1875,33.0,-0.0075757575757575,-3.0,trail,True,True,24,2
2025-11-05 10:04:00,2025-11-05 10:07:00,trend,long,25923.25,25898.5,25972.75,25972.9375,99.0,2.007575757575758,795.0,trail,True,True,8,3
2025-11-06 09:59:00,2025-11-06 10:00:00,ou_rev,long,25788.25,25782.0,25871.75,25781.9375,25.0,-1.01,-631.25,stop,False,False,50,1
2025-11-06 10:08:00,2025-11-06 10:10:00,trend,short,25706.5,25731.0,25657.5,25706.5625,98.0,-0.0025510204081632,-1.0,trail,True,True,8,2
2025-11-06 10:27:00,2025-11-06 10:28:00,kalman_mom,long,25770.75,25763.5,25789.0,25763.4375,29.0,-1.0086206896551724,-394.88,stop,False,False,27,1
2025-11-06 10:32:00,2025-11-06 10:33:00,or_rev,long,25753.5,25744.0,25892.5,25743.9375,38.0,-1.006578947368421,-401.62,stop,False,False,21,1
2025-11-06 10:47:00,2025-11-06 10:49:00,trend,short,25600.25,25620.25,25560.25,25569.5625,80.0,1.534375,613.75,trail,True,True,10,2
2025-11-06 13:36:00,2025-11-06 13:38:00,trend,long,25603.25,25583.75,25642.25,25627.6875,78.0,1.2532051282051282,488.75,trail,True,True,10,2
2025-11-06 13:43:00,2025-11-06 13:47:00,trend,long,25621.0,25606.5,25650.0,25606.4375,58.0,-1.0043103448275863,-378.63,stop,False,False,13,4
2025-11-07 10:08:00,2025-11-07 10:10:00,ou_rev,long,25152.25,25138.0,25241.0,25232.1875,57.0,5.609649122807017,7993.75,trail,True,True,50,2
2025-11-10 10:08:00,2025-11-10 10:10:00,or_rev,short,25901.25,25908.25,25833.0,25888.3125,28.0,1.8482142857142856,724.5,trail,True,True,28,2
2025-11-10 10:27:00,2025-11-10 10:29:00,ou_rev,short,25915.25,25923.5,25871.5,25915.3125,33.0,-0.0075757575757575,-6.25,trail,True,True,50,2
2025-11-10 10:34:00,2025-11-10 10:37:00,ou_rev,short,25900.5,25916.25,25874.0,25916.3125,63.0,-1.003968253968254,-1581.25,stop,False,False,50,3
2025-11-10 10:57:00,2025-11-10 10:59:00,vwap_rev,long,25797.25,25789.25,25868.25,25797.1875,32.0,-0.0078125,-3.12,trail,True,True,25,2
2025-11-10 13:34:00,2025-11-10 13:35:00,pm_mom,long,25916.0,25911.25,25925.5,25911.1875,19.0,-1.013157894736842,-404.25,stop,False,False,42,1
2025-11-11 09:55:00,2025-11-11 09:56:00,ou_rev,long,25831.5,25821.0,25862.5,25820.9375,42.0,-1.005952380952381,-1056.25,stop,False,False,50,1
2025-11-11 10:08:00,2025-11-11 10:10:00,ou_rev,long,25820.25,25800.5,25859.5,25820.1875,79.0,-0.0031645569620253,-6.25,trail,True,True,50,2
2025-11-11 10:17:00,2025-11-11 10:18:00,ou_rev,long,25819.5,25807.25,25855.25,25807.1875,49.0,-1.0051020408163265,-1231.25,stop,False,False,50,1
2025-11-11 10:37:00,2025-11-11 10:39:00,vwap_rev,long,25765.75,25756.25,25841.0,25765.6875,38.0,-0.006578947368421,-2.62,trail,True,True,21,2
2025-11-11 13:31:00,2025-11-11 13:33:00,pm_mom,long,25902.25,25894.0,25918.75,25902.1875,33.0,-0.0075757575757575,-3.0,trail,True,True,24,2
2025-11-12 10:09:00,2025-11-12 10:11:00,or_rev,long,25894.25,25879.75,25968.75,25915.9375,58.0,1.4956896551724137,563.88,trail,True,True,13,2
2025-11-12 13:32:00,2025-11-12 13:33:00,pm_mom,long,25875.75,25870.0,25887.25,25869.9375,23.0,-1.0108695652173914,-395.25,stop,False,False,34,1
2025-11-13 10:16:00,2025-11-13 10:18:00,kalman_mom,long,25729.0,25719.0,25754.0,25728.9375,40.0,-0.00625,-2.5,trail,True,True,20,2
2025-11-13 10:39:00,2025-11-13 10:41:00,ema_rev,long,25558.5,25545.0,25618.75,25589.1875,54.0,2.2731481481481484,859.25,trail,True,True,14,2
2025-11-14 10:22:00,2025-11-14 10:23:00,or_rev,short,25200.0,25213.0,24989.5,25213.0625,52.0,-1.0048076923076923,-391.88,stop,False,False,15,1
2025-11-14 10:30:00,2025-11-14 10:33:00,ou_rev,short,25266.0,25285.5,25123.75,25266.0625,78.0,-0.0032051282051282,-6.25,trail,True,True,50,3
2025-11-14 10:41:00,2025-11-14 10:43:00,ou_rev,short,25331.5,25344.25,25143.75,25331.5625,51.0,-0.0049019607843137,-6.25,trail,True,True,50,2
2025-11-14 11:29:00,2025-11-14 11:31:00,vwap_rev,short,25515.0,25525.25,25216.25,25482.5625,41.0,3.164634146341464,1232.63,trail,True,True,19,2
2025-11-17 10:16:00,2025-11-17 10:18:00,kalman_mom,short,25388.75,25398.75,25363.75,25343.8125,40.0,4.49375,1797.5,trail,True,True,20,2
2025-11-18 11:33:00,2025-11-18 11:34:00,ema_rev,short,24917.75,24932.0,24852.0,24932.0625,57.0,-1.0043859649122806,-400.75,stop,False,False,14,1
2025-11-18 14:28:00,2025-11-18 14:29:00,pm_mom,short,24972.25,24979.75,24957.25,24957.25,30.0,2.0,780.0,target,False,False,26,1
2025-11-19 10:02:00,2025-11-19 10:03:00,or_rev,short,25153.5,25165.0,24911.0,25165.0625,46.0,-1.0054347826086956,-393.12,stop,False,False,17,1
2025-11-19 10:42:00,2025-11-19 10:44:00,kalman_mom,short,25164.25,25176.5,25133.5,25146.0625,49.0,1.4846938775510203,582.0,trail,True,True,16,2
2025-11-19 10:47:00,2025-11-19 10:49:00,trend,short,25148.25,25171.5,25101.75,25119.5625,93.0,1.2338709677419355,459.0,trail,False,True,8,2
2025-11-19 11:04:00,2025-11-19 11:07:00,trend,short,25022.25,25043.5,24979.75,24969.8125,85.0,2.467647058823529,943.87,trail,True,True,9,3
2025-11-20 10:00:00,2025-11-20 10:01:00,or_rev,short,25530.75,25541.0,25454.0,25541.0625,41.0,-1.0060975609756098,-391.88,stop,False,False,19,1
2025-11-20 11:14:00,2025-11-20 11:15:00,kalman_mom,short,25302.25,25305.25,25294.75,25294.75,12.0,2.5,750.0,target,False,False,50,1
2025-11-20 11:27:00,2025-11-20 11:28:00,trend,short,25182.0,25202.5,25141.0,25202.5625,82.0,-1.0030487804878048,-370.12,stop,False,False,9,1
2025-11-21 12:12:00,2025-11-21 12:14:00,vwap_rev,short,24631.0,24640.75,24401.25,24598.0625,39.0,3.378205128205128,1317.5,trail,True,True,20,2
2025-11-24 10:07:00,2025-11-24 10:09:00,or_rev,short,25011.75,25026.75,24876.25,24965.5625,60.0,3.0791666666666666,1200.88,trail,True,True,13,2
2025-11-25 11:44:00,2025-11-25 11:46:00,or_rev,short,25140.0,25146.0,25057.0,25096.3125,24.0,7.28125,2883.38,trail,True,True,33,2
2025-11-26 10:24:00,2025-11-26 10:25:00,or_rev,long,25419.0,25407.75,25486.25,25407.6875,45.0,-1.0055555555555555,-384.62,stop,False,False,17,1
2025-11-26 11:57:00,2025-11-26 11:58:00,kalman_mom,long,25616.0,25611.5,25627.25,25611.4375,18.0,-1.0138888888888888,-401.5,stop,False,False,44,1
2025-11-26 13:50:00,2025-11-26 13:52:00,pm_mom,long,25578.75,25569.5,25597.25,25578.6875,37.0,-0.0067567567567567,-2.62,trail,True,True,21,2
2025-11-27 09:55:00,2025-11-27 09:57:00,ou_rev,long,25548.25,25544.75,25557.5,25553.6875,14.0,1.5535714285714286,543.75,trail,True,True,50,2
2025-11-28 13:04:00,2025-11-28 13:05:00,kalman_mom,long,25748.0,25744.75,25756.0,25744.6875,13.0,-1.0192307692307692,-331.25,stop,False,False,50,1
2025-12-01 10:29:00,2025-12-01 10:31:00,sweep,long,25591.25,25571.75,25640.0,25571.6875,78.0,-1.0032051282051282,-391.25,stop,False,False,10,2
2025-12-01 10:43:00,2025-12-01 10:44:00,sweep,long,25597.0,25580.5,25638.25,25580.4375,66.0,-1.003787878787879,-397.5,stop,False,False,12,1
2025-12-01 11:42:00,2025-12-01 11:43:00,kalman_mom,long,25661.5,25655.0,25677.75,25677.75,26.0,2.5,975.0,target,False,False,30,1
2025-12-01 13:33:00,2025-12-01 13:35:00,pm_mom,long,25725.75,25723.0,25731.25,25729.4375,11.0,1.3409090909090908,368.75,trail,True,True,50,2
2025-12-01 14:20:00,2025-12-01 14:22:00,ema_rev,long,25685.25,25673.75,25704.0,25685.1875,46.0,-0.0054347826086956,-2.12,trail,True,True,17,2
2025-12-02 10:40:00,2025-12-02 10:41:00,trend,short,25814.25,25827.75,25787.25,25827.8125,54.0,-1.0046296296296295,-379.75,stop,False,False,14,1
2025-12-02 10:46:00,2025-12-02 10:48:00,kalman_mom,long,25879.0,25869.75,25902.0,25893.4375,37.0,1.5608108108108107,606.38,trail,True,True,21,2
2025-12-02 10:56:00,2025-12-02 10:58:00,trend,long,25912.0,25902.5,25931.0,25902.4375,38.0,-1.006578947368421,-401.62,stop,False,False,21,2
2025-12-02 11:04:00,2025-12-02 11:05:00,trend,long,25918.25,25908.75,25937.25,25908.6875,38.0,-1.006578947368421,-401.62,stop,False,False,21,1
2025-12-02 11:26:00,2025-12-02 11:27:00,or_rev,long,25722.25,25709.25,25798.5,25709.1875,52.0,-1.0048076923076923,-391.88,stop,False,False,15,1
2025-12-02 11:35:00,2025-12-02 11:36:00,trend,short,25706.0,25713.75,25671.0,25713.8125,31.0,-1.0080645161290325,-390.63,stop,False,False,25,1
2025-12-02 13:48:00,2025-12-02 13:50:00,pm_mom,long,25816.75,25809.75,25830.75,25816.6875,28.0,-0.0089285714285714,-3.5,trail,True,True,28,2
2025-12-03 10:21:00,2025-12-03 10:22:00,kalman_mom,long,25787.5,25781.75,25802.0,25781.6875,23.0,-1.0108695652173914,-395.25,stop,False,False,34,1
2025-12-03 10:28:00,2025-12-03 10:29:00,trend,long,25803.0,25790.0,25829.0,25789.9375,52.0,-1.0048076923076923,-391.88,stop,False,False,15,1
2025-12-03 10:43:00,2025-12-03 10:45:00,trend,long,25840.25,25821.75,25877.25,25856.6875,74.0,0.8885135135135135,328.75,trail,True,True,10,2
2025-12-03 13:30:00,2025-12-03 13:36:00,pm_mom,long,25883.25,25877.0,25895.75,25895.6875,25.0,1.99,796.0,trail,True,True,32,6
2025-12-04 12:49:00,2025-12-04 12:50:00,kalman_mom,long,25867.25,25863.5,25876.5,25863.4375,15.0,-1.0166666666666666,-381.25,stop,False,False,50,1
2025-12-04 13:31:00,2025-12-04 13:33:00,pm_mom,long,25880.0,25874.5,25891.0,25888.9375,22.0,1.625,643.5,trail,True,True,36,2
2025-12-04 14:24:00,2025-12-04 14:26:00,ema_rev,long,25758.25,25744.75,25819.25,25790.6875,54.0,2.4027777777777777,908.25,trail,True,True,14,2
2025-12-05 10:15:00,2025-12-05 10:19:00,kalman_mom,long,26114.75,26102.25,26146.0,26114.6875,50.0,-0.005,-2.0,trail,True,True,16,4
2025-12-05 13:30:00,2025-12-05 13:31:00,pm_mom,long,26000.5,25996.25,26009.0,26009.0,17.0,2.0,799.0,target,False,False,47,1
2025-12-05 14:25:00,2025-12-05 14:27:00,ou_rev,long,25969.0,25962.75,26004.0,25985.6875,25.0,2.67,1668.75,trail,True,True,50,2
2025-12-08 10:00:00,2025-12-08 10:02:00,or_rev,long,26001.0,25990.0,26072.5,26012.6875,44.0,1.0625,420.75,trail,True,True,18,2
2025-12-08 10:15:00,2025-12-08 10:16:00,ou_rev,long,25998.0,25986.0,26043.25,25985.9375,48.0,-1.0052083333333333,-1206.25,stop,False,False,50,1
2025-12-08 10:30:00,2025-12-08 10:31:00,ou_rev,long,25957.0,25944.5,26024.5,25944.4375,50.0,-1.005,-1256.25,stop,False,False,50,1
2025-12-08 11:04:00,2025-12-08 11:06:00,vwap_rev,long,25890.75,25884.5,26002.5,25912.4375,25.0,3.47,1388.0,trail,True,True,32,2
2025-12-09 13:31:00,2025-12-09 13:34:00,pm_mom,long,25984.0,25979.5,25993.0,25979.4375,18.0,-1.0138888888888888,-401.5,trail,False,True,44,3
2025-12-10 10:57:00,2025-12-10 10:59:00,vwap_rev,long,25814.75,25806.25,25874.5,25834.9375,34.0,2.375,928.62,trail,True,True,23,2
2025-12-11 09:56:00,2025-12-11 09:57:00,ema_rev,long,25698.0,25683.5,25775.0,25683.4375,58.0,-1.0043103448275863,-378.63,stop,False,False,13,1
2025-12-11 10:15:00,2025-12-11 10:16:00,kalman_mom,long,25812.75,25806.75,25827.75,25806.6875,24.0,-1.0104166666666667,-400.12,stop,False,False,33,1
2025-12-11 10:42:00,2025-12-11 10:43:00,or_rev,long,25807.0,25793.75,25861.5,25793.6875,53.0,-1.0047169811320755,-399.38,stop,False,False,15,1
2025-12-11 11:18:00,2025-12-11 11:23:00,trend,short,25743.0,25763.5,25702.0,25763.5625,82.0,-1.0030487804878048,-370.12,trail,False,True,9,5
2025-12-11 11:23:00,2025-12-11 11:24:00,trend,short,25747.25,25767.0,25707.75,25767.0625,79.0,-1.0031645569620251,-396.25,stop,False,False,10,1
2025-12-11 11:28:00,2025-12-11 11:30:00,trend,short,25733.0,25755.5,25688.0,25712.8125,90.0,0.8972222222222223,323.0,trail,False,True,8,2
2025-12-11 12:06:00,2025-12-11 12:07:00,pd_rev,long,25787.25,25779.75,25802.25,25779.6875,30.0,-1.0083333333333333,-756.25,stop,False,False,50,1
2025-12-11 13:38:00,2025-12-11 13:40:00,pm_mom,long,25911.0,25906.25,25920.5,25921.1875,19.0,2.1447368421052637,855.75,trail,True,True,42,2
