entry_time,exit_time,direction,model,tag,entry,exit,stop,target,reason,risk_ticks,total_r,moved_be,partial_taken
2022-12-28 10:38:00,2022-12-28 10:39:00,long,vwap_scalp,vwap_scalp_long,13543.25,13538.4375,13538.5,13570.0,stop,19.0,-1.013157894736842,False,False
2022-12-28 10:46:00,2022-12-28 10:47:00,long,vwap_scalp,vwap_scalp_long,13546.0,13539.9375,13540.0,13569.5,stop,24.0,-1.0104166666666667,False,False
2022-12-28 11:04:00,2022-12-28 11:08:00,long,vwap_rev,vwap_rev_long,13473.75,13473.6875,13467.5,13578.25,trail,25.0,-0.01,True,True
2022-12-28 11:52:00,2022-12-28 11:54:00,long,ou_lunch,ou_lunch_long,13451.75,13451.6875,13445.5,13554.0,trail,25.0,-0.01,True,True
2022-12-28 13:35:00,2022-12-28 13:36:00,short,pm_mom,pm_mom_short,13483.75,13491.0625,13491.0,13469.25,stop,29.0,-1.0086206896551724,False,False
2022-12-29 10:10:00,2022-12-29 10:13:00,short,or_rev,or_rev_short,13629.25,13639.3125,13639.25,13567.5,stop,40.0,-1.00625,False,False
2022-12-29 10:18:00,2022-12-29 10:19:00,short,pd_rev,pd_pdh_short,13648.25,13658.8125,13658.75,13597.0,stop,42.0,-1.005952380952381,False,False
2022-12-29 11:11:00,2022-12-29 11:13:00,short,ou_rev,ou_rev_short,13670.75,13658.3125,13677.75,13626.75,trail,28.0,1.7767857142857142,True,True
2022-12-29 11:50:00,2022-12-29 11:51:00,short,ou_lunch,ou_lunch_short,13704.75,13709.0625,13709.0,13636.5,stop,17.0,-1.0147058823529411,False,False
2022-12-29 11:58:00,2022-12-29 11:59:00,short,ou_lunch,ou_lunch_short,13714.75,13720.3125,13720.25,13640.5,stop,22.0,-1.0113636363636365,False,False
2022-12-29 12:36:00,2022-12-29 12:38:00,short,vwap_scalp,vwap_scalp_short,13684.5,13676.3125,13696.75,13666.0,trail,49.0,0.6683673469387755,True,True
2022-12-29 13:36:00,2022-12-29 13:38:00,short,pm_mom,pm_mom_short,13680.5,13680.5625,13685.0,13671.5,trail,18.0,-0.013888888888888888,True,True
2022-12-29 13:56:00,2022-12-29 13:59:00,short,ou_rev,ou_rev_short,13697.25,13702.0625,13702.0,13653.25,stop,19.0,-1.013157894736842,False,False
2022-12-30 09:50:00,2022-12-30 09:53:00,long,ou_rev,ou_rev_long,13519.75,13553.9375,13510.0,13565.25,trail,39.0,3.5064102564102564,True,True
2023-01-03 10:04:00,2023-01-03 10:05:00,long,or_rev,or_rev_long,13656.25,13642.9375,13643.0,13782.25,stop,53.0,-1.0047169811320755,False,False
2023-01-03 12:06:00,2023-01-03 12:08:00,long,ou_lunch,ou_lunch_long,13531.5,13550.9375,13520.75,13648.25,trail,43.0,1.808139534883721,True,True
2023-01-03 12:12:00,2023-01-03 12:14:00,long,ou_lunch,ou_lunch_long,13541.0,13548.1875,13535.5,13646.25,trail,22.0,1.3068181818181819,True,True
2023-01-04 10:08:00,2023-01-04 10:10:00,long,ou_rev,ou_rev_long,13551.0,13538.4375,13538.5,13635.25,stop,50.0,-1.005,False,False
2023-01-04 10:20:00,2023-01-04 10:22:00,long,vwap_scalp,vwap_scalp_long,13567.5,13567.4375,13559.25,13594.25,trail,33.0,-0.007575757575757576,True,True
2023-01-04 10:28:00,2023-01-04 10:31:00,long,ou_rev,ou_rev_long,13547.5,13570.9375,13532.0,13615.75,trail,62.0,1.5120967741935485,True,True
2023-01-04 10:36:00,2023-01-04 10:39:00,long,vwap_scalp,vwap_scalp_long,13561.75,13561.6875,13552.0,13586.5,trail,39.0,-0.00641025641025641,True,True
2023-01-04 10:41:00,2023-01-04 10:42:00,long,vwap_scalp,vwap_scalp_long,13559.75,13550.4375,13550.5,13584.75,stop,37.0,-1.0067567567567568,False,False
2023-01-04 11:42:00,2023-01-04 11:44:00,short,vwap_rev,vwap_rev_short,13717.5,13717.5625,13722.75,13618.75,trail,21.0,-0.011904761904761904,True,True
2023-01-04 13:32:00,2023-01-04 13:34:00,long,pm_mom,pm_mom_long,13682.5,13688.6875,13678.75,13690.0,trail,15.0,1.65,True,True
2023-01-05 09:57:00,2023-01-05 09:59:00,long,open_drive,open_drive_long,13517.75,13540.9375,13503.25,13546.75,trail,58.0,1.5991379310344827,True,True
2023-01-05 10:07:00,2023-01-05 10:09:00,long,open_drive,open_drive_long,13517.0,13582.1875,13507.5,13536.0,trail,38.0,6.8618421052631575,True,True
2023-01-06 10:21:00,2023-01-06 10:23:00,short,pd_rev,pd_pdh_short,13579.5,13563.0625,13593.5,13513.25,trail,56.0,1.1741071428571428,True,True
2023-01-06 10:39:00,2023-01-06 10:41:00,short,or_rev,or_rev_short,13606.0,13614.8125,13614.75,13525.25,stop,35.0,-1.0071428571428571,False,False
2023-01-06 11:58:00,2023-01-06 12:00:00,short,ou_lunch,ou_lunch_short,13688.75,13676.3125,13694.0,13569.25,trail,21.0,2.369047619047619,True,True
2023-01-09 10:02:00,2023-01-09 10:04:00,short,or_rev,or_rev_short,13961.5,13975.5625,13975.5,13874.5,stop,56.0,-1.0044642857142858,False,False
2023-01-09 12:42:00,2023-01-09 12:45:00,short,vwap_scalp,vwap_scalp_short,13993.5,13986.0625,13999.25,13980.25,trail,23.0,1.2934782608695652,True,True
2023-01-09 12:56:00,2023-01-09 12:58:00,short,ou_lunch,ou_lunch_short,14003.5,14007.0625,14007.0,13968.5,stop,14.0,-1.0178571428571428,False,False
2023-01-09 13:10:00,2023-01-09 13:13:00,short,ou_lunch,ou_lunch_short,14001.25,14001.3125,14009.0,13969.75,trail,31.0,-0.008064516129032258,True,True
2023-01-09 13:31:00,2023-01-09 13:33:00,short,ou_rev,ou_rev_short,14011.0,13996.3125,14016.75,13971.25,trail,23.0,2.5543478260869565,True,True
2023-01-10 10:18:00,2023-01-10 10:20:00,short,ou_rev,ou_rev_short,13931.0,13902.3125,13938.75,13860.5,trail,31.0,3.7016129032258065,True,True
2023-01-11 10:12:00,2023-01-11 10:14:00,short,ou_rev,ou_rev_short,14015.75,14001.8125,14022.25,13991.5,trail,26.0,2.144230769230769,True,True
2023-01-12 12:20:00,2023-01-12 12:21:00,short,vwap_scalp,vwap_scalp_short,14177.0,14182.8125,14182.75,14134.75,stop,23.0,-1.0108695652173914,False,False
2023-01-12 12:30:00,2023-01-12 12:31:00,short,vwap_scalp,vwap_scalp_short,14194.5,14199.0625,14199.0,14145.25,stop,18.0,-1.0138888888888888,False,False
2023-01-12 12:43:00,2023-01-12 12:45:00,short,ou_lunch,ou_lunch_short,14188.25,14188.3125,14194.0,14100.25,trail,23.0,-0.010869565217391304,True,True
2023-01-12 12:53:00,2023-01-12 12:54:00,short,ou_lunch,ou_lunch_short,14199.75,14204.5625,14204.5,14102.75,stop,19.0,-1.013157894736842,False,False
2023-01-12 13:32:00,2023-01-12 13:33:00,short,pm_mom,pm_mom_short,14115.75,14125.0625,14125.0,14097.25,stop,37.0,-1.0067567567567568,False,False
2023-01-13 10:05:00,2023-01-13 10:06:00,short,or_rev,or_rev_short,14127.25,14137.3125,14137.25,14096.5,stop,40.0,-1.00625,False,False
2023-01-13 10:29:00,2023-01-13 10:30:00,short,ou_rev,ou_rev_short,14168.0,14175.0625,14175.0,14118.5,stop,28.0,-1.0089285714285714,False,False
2023-01-13 10:37:00,2023-01-13 10:38:00,short,vwap_scalp,vwap_scalp_short,14159.75,14168.3125,14168.25,14141.0,stop,34.0,-1.0073529411764706,False,False
2023-01-13 12:18:00,2023-01-13 12:20:00,short,ou_lunch,ou_lunch_short,14162.25,14162.3125,14167.25,14132.25,trail,20.0,-0.0125,True,True
2023-01-13 13:30:00,2023-01-13 13:33:00,long,pm_mom,pm_mom_long,14182.75,14191.9375,14178.5,14191.25,trail,17.0,2.161764705882353,True,True
2023-01-13 13:45:00,2023-01-13 13:48:00,short,vwap_rev,vwap_rev_short,14216.25,14216.3125,14222.5,14141.0,trail,25.0,-0.01,True,True
2023-01-13 13:50:00,2023-01-13 13:52:00,short,vwap_rev,vwap_rev_short,14218.5,14212.5625,14223.75,14142.25,trail,21.0,1.130952380952381,True,True
2023-01-16 09:47:00,2023-01-16 10:11:00,long,open_drive,open_drive_long,14257.0,14242.4375,14242.5,14286.0,stop,58.0,-1.0043103448275863,False,False
2023-01-16 10:16:00,2023-01-16 10:18:00,long,or_rev,or_rev_long,14240.5,14245.6875,14237.75,14254.5,trail,11.0,1.8863636363636365,True,True
2023-01-16 10:28:00,2023-01-16 10:30:00,long,vwap_scalp,vwap_scalp_long,14245.25,14243.1875,14243.25,14249.0,stop,8.0,-1.03125,False,False
2023-01-16 11:21:00,2023-01-16 11:23:00,long,ou_rev,ou_rev_long,14243.0,14242.9375,14240.0,14252.0,trail,12.0,-0.020833333333333332,True,True
2023-01-16 11:34:00,2023-01-16 11:37:00,long,vwap_rev,vwap_rev_long,14235.25,14231.9375,14232.0,14251.0,stop,13.0,-1.0192307692307692,False,False
2023-01-16 12:46:00,2023-01-16 12:48:00,long,ou_lunch,ou_lunch_long,14225.5,14227.9375,14222.75,14244.5,trail,11.0,0.8863636363636364,True,True
2023-01-16 12:52:00,2023-01-16 12:53:00,long,ou_lunch,ou_lunch_long,14224.5,14220.4375,14220.5,14244.25,stop,16.0,-1.015625,False,False
2023-01-17 09:46:00,2023-01-17 09:48:00,long,open_drive,open_drive_long,14246.25,14254.9375,14233.5,14271.75,trail,51.0,0.6813725490196079,True,True
2023-01-17 10:12:00,2023-01-17 10:13:00,short,vwap_rev,vwap_rev_short,14332.0,14338.3125,14338.25,14269.25,stop,25.0,-1.01,False,False
2023-01-17 10:17:00,2023-01-17 10:19:00,short,vwap_scalp,vwap_scalp_short,14317.5,14326.3125,14326.25,14295.25,stop,35.0,-1.0071428571428571,False,False
2023-01-17 10:52:00,2023-01-17 10:56:00,short,pd_rev,pd_pdh_short,14263.0,14263.0625,14275.25,14238.5,trail,49.0,-0.00510204081632653,True,True
2023-01-17 13:31:00,2023-01-17 13:32:00,short,pm_mom,pm_mom_short,14277.75,14285.0625,14285.0,14263.25,stop,29.0,-1.0086206896551724,False,False
2023-01-18 10:00:00,2023-01-18 10:01:00,short,vwap_rev,vwap_rev_short,14374.25,14377.3125,14377.25,14354.25,stop,12.0,-1.0208333333333333,False,False
2023-01-18 10:07:00,2023-01-18 10:09:00,short,ou_rev,ou_rev_short,14405.5,14413.5625,14413.5,14362.25,stop,32.0,-1.0078125,False,False
2023-01-18 12:00:00,2023-01-18 12:02:00,long,pd_rev,pd_pdl_long,14205.5,14205.4375,14196.75,14302.5,trail,35.0,-0.007142857142857143,True,True
2023-01-18 13:32:00,2023-01-18 13:34:00,long,pm_mom,pm_mom_long,14168.25,14160.9375,14161.0,14182.75,stop,29.0,-1.0086206896551724,False,False
2023-01-19 10:02:00,2023-01-19 10:04:00,long,or_rev,or_rev_long,14038.75,14038.6875,14032.25,14076.0,trail,26.0,-0.009615384615384616,True,True
2023-01-19 10:09:00,2023-01-19 10:12:00,long,open_drive,open_drive_long,14059.75,14046.6875,14046.75,14085.75,stop,52.0,-1.0048076923076923,False,False
2023-01-19 10:32:00,2023-01-19 10:33:00,long,vwap_scalp,vwap_scalp_long,14024.5,14020.4375,14020.5,14038.25,stop,16.0,-1.015625,False,False
2023-01-19 10:48:00,2023-01-19 10:54:00,long,ou_rev,ou_rev_long,14011.0,13995.4375,13995.5,14047.0,stop,62.0,-1.0040322580645162,False,False
2023-01-19 10:58:00,2023-01-19 11:00:00,long,vwap_rev,vwap_rev_long,13980.0,13993.4375,13975.5,14043.25,trail,18.0,2.986111111111111,True,True
2023-01-19 11:57:00,2023-01-19 12:00:00,long,ou_lunch,ou_lunch_long,13976.25,13984.4375,13970.75,14029.75,trail,22.0,1.4886363636363635,True,True
2023-01-19 13:32:00,2023-01-19 13:34:00,long,pm_mom,pm_mom_long,14038.25,14038.1875,14033.75,14047.25,trail,18.0,-0.013888888888888888,True,True
2023-01-19 14:17:00,2023-01-19 14:20:00,short,ou_rev,ou_rev_short,14062.25,14062.3125,14070.0,14028.5,trail,31.0,-0.008064516129032258,True,True
2023-01-19 14:22:00,2023-01-19 14:23:00,short,ou_rev,ou_rev_short,14065.25,14070.8125,14070.75,14028.75,stop,22.0,-1.0113636363636365,False,False
2023-01-20 10:08:00,2023-01-20 10:10:00,short,vwap_rev,vwap_rev_short,14133.25,14126.0625,14138.25,14084.75,trail,20.0,1.4375,True,True
2023-01-20 10:17:00,2023-01-20 10:18:00,short,vwap_scalp,vwap_scalp_short,14129.0,14133.0625,14133.0,14109.5,stop,16.0,-1.015625,False,False
2023-01-20 10:23:00,2023-01-20 10:25:00,short,vwap_scalp,vwap_scalp_short,14132.5,14125.5625,14142.75,14113.25,trail,41.0,0.676829268292683,True,True
2023-01-20 10:34:00,2023-01-20 10:36:00,short,ou_rev,ou_rev_short,14138.5,14138.5625,14146.0,14099.0,trail,30.0,-0.008333333333333333,True,True
2023-01-20 10:39:00,2023-01-20 10:42:00,short,ou_rev,ou_rev_short,14131.0,14120.0625,14143.5,14100.5,trail,50.0,0.875,False,True
2023-01-20 11:31:00,2023-01-20 11:33:00,short,vwap_rev,vwap_rev_short,14191.25,14191.3125,14197.25,14116.75,trail,24.0,-0.010416666666666666,True,True
2023-01-20 11:44:00,2023-01-20 11:47:00,short,ou_lunch,ou_lunch_short,14174.0,14180.3125,14180.25,14121.75,stop,25.0,-1.01,False,False
2023-01-20 13:31:00,2023-01-20 13:34:00,long,pm_mom,pm_mom_long,14190.0,14203.6875,14181.5,14207.0,trail,34.0,1.6102941176470589,True,True
2023-01-23 10:02:00,2023-01-23 10:04:00,short,or_rev,or_rev_short,14473.25,14473.3125,14482.75,14366.5,trail,38.0,-0.006578947368421052,True,True
2023-01-23 13:30:00,2023-01-23 13:32:00,long,pm_mom,pm_mom_long,14619.25,14627.6875,14614.25,14629.25,trail,20.0,1.6875,True,True
2023-01-24 10:59:00,2023-01-24 11:01:00,short,vwap_scalp,vwap_scalp_short,14588.75,14572.0625,14598.25,14567.25,trail,38.0,1.756578947368421,True,True
2023-01-24 11:06:00,2023-01-24 11:10:00,short,ou_rev,ou_rev_short,14582.25,14582.3125,14590.5,14547.25,trail,33.0,-0.007575757575757576,True,True
2023-01-24 12:16:00,2023-01-24 12:17:00,short,ou_lunch,ou_lunch_short,14582.5,14585.8125,14585.75,14553.0,stop,13.0,-1.0192307692307692,False,False
2023-01-24 13:30:00,2023-01-24 13:32:00,long,pm_mom,pm_mom_long,14569.25,14561.6875,14561.75,14584.25,stop,30.0,-1.0083333333333333,False,False
2023-01-24 13:45:00,2023-01-24 13:48:00,short,ou_rev,ou_rev_short,14584.75,14591.0625,14591.0,14554.75,stop,25.0,-1.01,False,False
2023-01-25 10:03:00,2023-01-25 10:06:00,long,vwap_scalp,vwap_scalp_long,14282.0,14304.9375,14272.0,14305.75,trail,40.0,2.29375,True,True
2023-01-26 10:12:00,2023-01-26 10:14:00,long,or_rev,or_rev_long,14621.25,14653.4375,14607.75,14699.0,trail,54.0,2.384259259259259,True,True
2023-01-27 13:31:00,2023-01-27 13:33:00,long,pm_mom,pm_mom_long,14887.5,14892.9375,14879.75,14903.0,trail,31.0,0.7016129032258065,False,True
2023-01-30 10:29:00,2023-01-30 10:32:00,long,vwap_rev,vwap_rev_long,14692.0,14691.9375,14682.0,14750.0,trail,40.0,-0.00625,True,True
2023-01-30 10:36:00,2023-01-30 10:37:00,long,vwap_rev,vwap_rev_long,14688.25,14678.1875,14678.25,14745.25,stop,40.0,-1.00625,False,False
2023-01-30 11:16:00,2023-01-30 11:18:00,long,pd_rev,pd_pdl_long,14700.5,14700.4375,14692.75,14719.0,trail,31.0,-0.008064516129032258,True,True
2023-01-30 12:52:00,2023-01-30 12:54:00,long,ou_lunch,ou_lunch_long,14665.25,14683.1875,14660.0,14713.5,trail,21.0,3.4166666666666665,True,True
2023-01-31 13:44:00,2023-01-31 13:45:00,long,pm_mom,pm_mom_long,14734.5,14730.9375,14731.0,14741.5,stop,14.0,-1.0178571428571428,False,False
2023-02-01 10:54:00,2023-02-01 10:56:00,long,vwap_rev,vwap_rev_long,14751.75,14757.4375,14743.25,14785.0,trail,34.0,0.6691176470588235,False,True
2023-02-01 10:59:00,2023-02-01 11:00:00,long,vwap_scalp,vwap_scalp_long,14752.75,14749.4375,14749.5,14768.5,stop,13.0,-1.0192307692307692,False,False
2023-02-01 11:34:00,2023-02-01 11:37:00,long,trend,trend_cont_long,14791.25,14784.6875,14784.75,14804.25,trail,26.0,-1.0096153846153846,False,True
2023-02-01 11:46:00,2023-02-01 11:47:00,long,trend,trend_cont_long,14794.25,14788.9375,14789.0,14804.75,stop,21.0,-1.0119047619047619,False,False
2023-02-01 13:30:00,2023-02-01 13:32:00,long,pm_mom,pm_mom_long,14794.25,14805.4375,14787.75,14807.25,trail,26.0,1.7211538461538463,True,True
2023-02-02 11:53:00,2023-02-02 11:55:00,short,trend,trend_cont_short,15447.75,15454.3125,15454.25,15434.75,stop,26.0,-1.0096153846153846,False,False
2023-02-02 13:31:00,2023-02-02 13:33:00,long,pm_mom,pm_mom_long,15513.5,15520.6875,15508.0,15524.5,trail,22.0,1.3068181818181819,True,True
2023-02-02 14:19:00,2023-02-02 14:22:00,short,trend,trend_cont_short,15498.75,15490.3125,15511.75,15472.75,trail,52.0,0.6490384615384616,False,True
2023-02-02 14:24:00,2023-02-02 14:30:00,short,trend,trend_cont_short,15481.0,15468.5625,15499.0,15445.0,trail,72.0,0.6909722222222222,False,True
2023-02-03 13:53:00,2023-02-03 13:55:00,long,pm_mom,pm_mom_long,15342.0,15353.1875,15334.0,15358.0,trail,32.0,1.3984375,True,True
2023-02-06 10:23:00,2023-02-06 10:25:00,long,ou_rev,ou_rev_long,15152.25,15152.1875,15139.5,15197.75,trail,51.0,-0.004901960784313725,True,True
2023-02-06 10:58:00,2023-02-06 11:03:00,long,pd_rev,pd_pdl_long,15216.0,15201.1875,15201.25,15245.5,stop,59.0,-1.0042372881355932,False,False
2023-02-06 13:43:00,2023-02-06 13:51:00,long,ou_rev,ou_rev_long,15169.75,15181.6875,15156.75,15195.0,trail,52.0,0.9182692307692307,False,True
2023-02-06 13:58:00,2023-02-06 14:01:00,long,pm_mom,pm_mom_long,15181.0,15204.6875,15173.0,15197.0,trail,32.0,2.9609375,True,True
2023-02-07 13:39:00,2023-02-07 13:41:00,short,trend,trend_cont_short,15152.5,15170.3125,15170.25,15114.25,stop,71.0,-1.0035211267605635,False,False
2023-02-07 13:44:00,2023-02-07 13:46:00,short,trend,trend_cont_short,15170.25,15140.8125,15194.0,15114.25,trail,95.0,1.2394736842105263,True,True
2023-02-07 13:49:00,2023-02-07 13:52:00,short,trend,trend_cont_short,15121.0,15147.8125,15147.75,15067.5,stop,107.0,-1.0023364485981308,False,False
2023-02-07 14:17:00,2023-02-07 14:18:00,long,pm_mom,pm_mom_long,15298.25,15293.4375,15293.5,15307.75,stop,19.0,-1.013157894736842,False,False
2023-02-08 10:03:00,2023-02-08 10:05:00,long,or_rev,or_rev_long,15333.25,15333.1875,15318.5,15371.25,trail,59.0,-0.00423728813559322,True,True
2023-02-08 10:30:00,2023-02-08 10:31:00,long,vwap_scalp,vwap_scalp_long,15325.25,15315.9375,15316.0,15340.5,stop,37.0,-1.0067567567567568,False,False
2023-02-08 10:35:00,2023-02-08 10:39:00,long,vwap_rev,vwap_rev_long,15267.5,15299.1875,15257.75,15347.75,trail,39.0,3.25,True,True
2023-02-09 09:49:00,2023-02-09 09:52:00,long,open_drive,open_drive_long,15337.5,15354.9375,15323.5,15365.5,trail,56.0,1.2455357142857142,True,True
2023-02-09 10:31:00,2023-02-09 10:33:00,long,ou_rev,ou_rev_long,15278.0,15288.6875,15266.75,15330.0,trail,45.0,0.95,True,True
2023-02-10 10:05:00,2023-02-10 10:07:00,long,ou_rev,ou_rev_long,14961.25,14961.1875,14939.0,15002.5,trail,89.0,-0.0028089887640449437,True,True
2023-02-10 11:33:00,2023-02-10 11:37:00,long,ou_lunch,ou_lunch_long,14969.0,14983.9375,14958.0,15009.25,trail,44.0,1.3579545454545454,True,True
2023-02-10 11:40:00,2023-02-10 11:41:00,long,ou_lunch,ou_lunch_long,14970.75,14964.4375,14964.5,15008.0,stop,25.0,-1.01,False,False
2023-02-10 11:48:00,2023-02-10 11:49:00,long,or_rev,or_rev_long,14960.25,14955.4375,14955.5,15007.75,stop,19.0,-1.013157894736842,False,False
2023-02-10 12:00:00,2023-02-10 12:01:00,long,vwap_rev,vwap_rev_long,14937.5,14931.9375,14932.0,15004.5,stop,22.0,-1.0113636363636365,False,False
2023-02-10 12:58:00,2023-02-10 13:01:00,long,vwap_scalp,vwap_scalp_long,14951.0,14966.9375,14939.75,14970.25,trail,45.0,1.4166666666666667,True,True
2023-02-10 13:36:00,2023-02-10 13:37:00,long,pm_mom,pm_mom_long,14999.0,14991.1875,14991.25,15014.5,stop,31.0,-1.0080645161290323,False,False
2023-02-13 13:31:00,2023-02-13 13:36:00,long,pm_mom,pm_mom_long,15216.25,15206.4375,15206.5,15235.75,trail,39.0,-1.0064102564102564,False,True
2023-02-14 10:51:00,2023-02-14 10:53:00,short,trend,trend_cont_short,15136.5,15114.8125,15150.5,15079.0,trail,56.0,1.5491071428571428,True,True
2023-02-14 11:22:00,2023-02-14 11:23:00,long,trend,trend_cont_long,15186.75,15175.1875,15175.25,15209.75,stop,46.0,-1.0054347826086956,False,False
2023-02-14 13:31:00,2023-02-14 13:32:00,long,pm_mom,pm_mom_long,15243.5,15238.1875,15238.25,15254.0,stop,21.0,-1.0119047619047619,False,False
2023-02-15 13:31:00,2023-02-15 13:32:00,long,pm_mom,pm_mom_long,15319.25,15316.4375,15316.5,15324.75,stop,11.0,-1.0227272727272727,False,False
2023-02-16 10:31:00,2023-02-16 10:33:00,long,trend,trend_cont_long,15271.5,15285.1875,15260.25,15294.0,trail,45.0,1.2166666666666666,True,True
2023-02-16 10:37:00,2023-02-16 10:39:00,long,trend,trend_cont_long,15280.25,15303.6875,15271.75,15297.25,trail,34.0,2.7573529411764706,True,True
2023-02-17 10:03:00,2023-02-17 10:04:00,long,or_rev,or_rev_long,14990.75,14988.1875,14988.25,15040.0,stop,10.0,-1.025,False,False
2023-02-17 10:08:00,2023-02-17 10:10:00,long,open_drive,open_drive_long,15006.75,14995.1875,14995.25,15029.75,stop,46.0,-1.0054347826086956,False,False
2023-02-17 12:05:00,2023-02-17 12:07:00,long,vwap_scalp,vwap_scalp_long,14966.25,14980.9375,14963.75,14980.75,trail,10.0,5.875,True,True
2023-02-20 10:15:00,2023-02-20 10:17:00,long,vwap_scalp,vwap_scalp_long,15029.0,15032.4375,15026.25,15034.75,trail,11.0,1.25,True,True
2023-02-21 10:15:00,2023-02-21 10:18:00,long,vwap_rev,vwap_rev_long,14846.0,14845.9375,14838.5,14896.0,trail,30.0,-0.008333333333333333,True,True
2023-02-21 10:54:00,2023-02-21 10:55:00,long,ou_rev,ou_rev_long,14843.25,14838.9375,14839.0,14881.25,stop,17.0,-1.0147058823529411,False,False
2023-02-21 11:46:00,2023-02-21 11:47:00,long,ou_lunch,ou_lunch_long,14825.75,14819.9375,14820.0,14866.5,stop,23.0,-1.0108695652173914,False,False
2023-02-21 13:47:00,2023-02-21 13:49:00,long,pm_mom,pm_mom_long,14802.25,14806.4375,14797.75,14811.25,trail,18.0,0.9305555555555556,True,True
2023-02-22 09:50:00,2023-02-22 09:52:00,short,ou_rev,ou_rev_short,14820.25,14797.8125,14827.25,14800.0,trail,28.0,3.205357142857143,True,True
2023-02-23 10:17:00,2023-02-23 10:21:00,short,trend,trend_cont_short,14836.5,14826.3125,14851.5,14806.5,trail,60.0,0.6791666666666667,False,True
2023-02-23 10:23:00,2023-02-23 10:25:00,short,trend,trend_cont_short,14835.0,14843.5625,14843.5,14818.0,stop,34.0,-1.0073529411764706,False,False
2023-02-23 10:30:00,2023-02-23 10:32:00,short,pd_rev,pd_pdh_short,14845.25,14806.8125,14855.25,14825.25,trail,40.0,3.84375,True,True
2023-02-24 13:33:00,2023-02-24 13:34:00,short,pm_mom,pm_mom_short,14596.5,14604.5625,14604.5,14580.5,stop,32.0,-1.0078125,False,False
2023-02-27 10:07:00,2023-02-27 10:09:00,short,vwap_rev,vwap_rev_short,14815.0,14815.0625,14822.0,14786.0,trail,28.0,-0.008928571428571428,True,True
2023-02-27 13:32:00,2023-02-27 13:36:00,short,pm_mom,pm_mom_short,14771.5,14771.5625,14779.0,14756.5,trail,30.0,-0.008333333333333333,True,True
2023-02-28 10:06:00,2023-02-28 10:07:00,short,vwap_scalp,vwap_scalp_short,14768.0,14774.3125,14774.25,14752.75,stop,25.0,-1.01,False,False
2023-02-28 12:23:00,2023-02-28 12:25:00,short,vwap_rev,vwap_rev_short,14777.0,14766.5625,14784.0,14742.75,trail,28.0,1.4910714285714286,True,True
2023-02-28 12:57:00,2023-02-28 13:00:00,short,vwap_rev,vwap_rev_short,14802.25,14798.3125,14807.25,14747.0,trail,20.0,0.7875,False,True
2023-02-28 14:05:00,2023-02-28 14:30:00,short,ou_rev,ou_rev_short,14819.0,14795.5625,14823.75,14756.75,trail,19.0,4.934210526315789,True,True
2023-03-01 10:25:00,2023-03-01 10:29:00,short,trend,trend_cont_short,14629.75,14621.0625,14641.75,14605.75,trail,48.0,0.7239583333333334,True,True
2023-03-01 10:31:00,2023-03-01 10:34:00,short,trend,trend_cont_short,14618.25,14618.3125,14632.5,14589.75,trail,57.0,-0.0043859649122807015,True,True
2023-03-01 13:30:00,2023-03-01 13:31:00,short,pm_mom,pm_mom_short,14632.0,14626.5,14634.75,14626.5,target,11.0,2.0,False,False
2023-03-02 10:04:00,2023-03-02 10:06:00,short,vwap_rev,vwap_rev_short,14575.5,14575.5625,14583.0,14536.75,trail,30.0,-0.008333333333333333,True,True
2023-03-02 10:30:00,2023-03-02 10:32:00,short,ou_rev,ou_rev_short,14571.75,14558.3125,14576.75,14545.5,trail,20.0,2.6875,True,True
2023-03-03 10:09:00,2023-03-03 10:11:00,short,open_drive,open_drive_short,14805.75,14795.3125,14813.75,14789.75,trail,32.0,1.3046875,True,True
2023-03-03 12:30:00,2023-03-03 12:32:00,short,ou_lunch,ou_lunch_short,14887.25,14881.3125,14892.0,14840.75,trail,19.0,1.25,True,True
2023-03-06 13:27:00,2023-03-06 13:29:00,long,vwap_scalp,vwap_scalp_long,15046.25,15059.4375,15040.5,15059.25,trail,23.0,2.2934782608695654,True,True
2023-03-07 10:06:00,2023-03-07 10:07:00,long,or_rev,or_rev_long,14891.75,14881.1875,14881.25,14992.0,stop,42.0,-1.005952380952381,False,False
2023-03-07 10:14:00,2023-03-07 10:16:00,short,trend,trend_cont_short,14873.0,14851.5625,14880.25,14835.25,trail,29.0,2.956896551724138,True,True
2023-03-07 10:19:00,2023-03-07 10:23:00,short,trend,trend_cont_short,14856.0,14879.3125,14879.25,14809.5,stop,93.0,-1.0026881720430108,False,False
2023-03-07 13:32:00,2023-03-07 13:33:00,long,pm_mom,pm_mom_long,14895.5,14891.1875,14891.25,14904.0,stop,17.0,-1.0147058823529411,False,False
2023-03-08 10:08:00,2023-03-08 10:10:00,long,or_rev,or_rev_long,14810.25,14795.4375,14795.5,14845.5,stop,59.0,-1.0042372881355932,False,False
2023-03-08 10:35:00,2023-03-08 10:37:00,short,ou_rev,ou_rev_short,14872.0,14872.0625,14878.0,14826.0,trail,24.0,-0.010416666666666666,True,True
2023-03-08 11:09:00,2023-03-08 11:11:00,short,ou_rev,ou_rev_short,14882.5,14882.5625,14888.75,14833.25,trail,25.0,-0.01,True,True
2023-03-08 13:31:00,2023-03-08 13:32:00,short,pm_mom,pm_mom_short,14805.75,14812.3125,14812.25,14792.75,stop,26.0,-1.0096153846153846,False,False
2023-03-08 13:52:00,2023-03-08 13:54:00,long,pd_rev,pd_pdl_long,14801.0,14814.6875,14796.5,14842.5,trail,18.0,3.0416666666666665,True,True
2023-03-09 10:02:00,2023-03-09 10:05:00,long,trend,trend_cont_long,14988.25,15002.6875,14974.75,15015.25,trail,54.0,1.0694444444444444,True,True
2023-03-09 10:43:00,2023-03-09 10:51:00,long,trend,trend_cont_long,14998.25,14984.9375,14985.0,15024.75,stop,53.0,-1.0047169811320755,False,False
2023-03-09 12:04:00,2023-03-09 12:06:00,long,vwap_rev,vwap_rev_long,14905.75,14905.6875,14898.75,14959.25,trail,28.0,-0.008928571428571428,True,True
2023-03-09 12:47:00,2023-03-09 12:49:00,long,vwap_rev,vwap_rev_long,14890.75,14890.6875,14886.5,14953.0,trail,17.0,-0.014705882352941176,True,True
2023-03-09 14:24:00,2023-03-09 14:25:00,long,pm_mom,pm_mom_long,14766.0,14776.5,14760.75,14776.5,target,21.0,2.0,False,False
2023-03-10 11:17:00,2023-03-10 11:18:00,long,pd_rev,pd_pdl_long,14636.75,14627.6875,14627.75,14654.75,stop,36.0,-1.0069444444444444,False,False
2023-03-10 11:28:00,2023-03-10 11:29:00,short,vwap_rev,vwap_rev_short,14693.5,14698.5625,14698.5,14605.0,stop,20.0,-1.0125,False,False
2023-03-10 13:36:00,2023-03-10 13:37:00,short,pm_mom,pm_mom_short,14480.25,14489.5625,14489.5,14461.75,stop,37.0,-1.0067567567567568,False,False
2023-03-13 10:12:00,2023-03-13 10:14:00,short,or_rev,or_rev_short,14560.75,14513.0625,14574.25,14402.5,trail,54.0,3.5324074074074074,True,True
2023-03-14 10:26:00,2023-03-14 10:28:00,short,ou_rev,ou_rev_short,14817.0,14824.0625,14824.0,14783.5,stop,28.0,-1.0089285714285714,False,False
2023-03-14 10:36:00,2023-03-14 10:40:00,short,ou_rev,ou_rev_short,14841.0,14831.8125,14851.25,14789.75,trail,41.0,0.8963414634146342,True,True
2023-03-14 10:42:00,2023-03-14 10:44:00,short,vwap_scalp,vwap_scalp_short,14840.25,14832.5625,14845.75,14816.25,trail,22.0,1.3977272727272727,True,True
2023-03-14 11:46:00,2023-03-14 11:48:00,short,ou_lunch,ou_lunch_short,14870.25,14859.5625,14878.75,14812.25,trail,34.0,1.2573529411764706,True,True
2023-03-15 10:03:00,2023-03-15 10:05:00,long,vwap_rev,vwap_rev_long,14719.5,14768.6875,14712.5,14756.25,trail,28.0,7.026785714285714,True,True
2023-03-16 11:01:00,2023-03-16 11:02:00,long,trend,trend_cont_long,15048.5,15034.9375,15035.0,15075.5,stop,54.0,-1.0046296296296295,False,False
2023-03-16 11:06:00,2023-03-16 11:08:00,long,trend,trend_cont_long,15038.25,15056.9375,15024.5,15065.75,trail,55.0,1.3590909090909091,True,True
2023-03-16 13:45:00,2023-03-16 13:48:00,long,pm_mom,pm_mom_long,15189.75,15195.4375,15182.5,15204.25,trail,29.0,0.7844827586206896,False,True
2023-03-17 10:31:00,2023-03-17 10:33:00,long,or_rev,or_rev_long,15214.0,15228.1875,15199.0,15252.5,trail,60.0,0.9458333333333333,True,True
2023-03-17 12:21:00,2023-03-17 12:22:00,long,vwap_scalp,vwap_scalp_long,15146.75,15136.4375,15136.5,15172.25,stop,41.0,-1.0060975609756098,False,False
2023-03-17 12:27:00,2023-03-17 12:29:00,long,vwap_scalp,vwap_scalp_long,15154.25,15168.4375,15142.0,15175.5,trail,49.0,1.1581632653061225,True,True
2023-03-17 12:56:00,2023-03-17 12:58:00,long,ou_lunch,ou_lunch_long,15150.0,15168.9375,15138.0,15194.5,trail,48.0,1.578125,True,True
2023-03-20 10:12:00,2023-03-20 10:14:00,long,pd_rev,pd_pdl_long,15098.25,15123.6875,15086.75,15121.25,trail,46.0,2.2119565217391304,True,True
2023-03-21 10:20:00,2023-03-21 10:23:00,long,or_rev,or_rev_long,15296.75,15296.6875,15286.5,15318.5,trail,41.0,-0.006097560975609756,True,True
2023-03-21 10:27:00,2023-03-21 10:28:00,long,ou_rev,ou_rev_long,15269.75,15263.6875,15263.75,15315.5,stop,24.0,-1.0104166666666667,False,False
2023-03-21 10:32:00,2023-03-21 10:33:00,long,vwap_scalp,vwap_scalp_long,15279.25,15271.1875,15271.25,15296.25,stop,32.0,-1.0078125,False,False
2023-03-21 10:37:00,2023-03-21 10:39:00,long,vwap_rev,vwap_rev_long,15265.25,15282.4375,15257.75,15311.0,trail,30.0,2.2916666666666665,True,True
2023-03-21 13:31:00,2023-03-21 13:39:00,long,pm_mom,pm_mom_long,15336.75,15336.6875,15328.5,15353.25,trail,33.0,-0.007575757575757576,True,True
2023-03-22 13:31:00,2023-03-22 13:33:00,long,pm_mom,pm_mom_long,15435.5,15440.6875,15431.5,15443.5,trail,16.0,1.296875,True,True
2023-03-22 13:39:00,2023-03-22 13:44:00,long,trend,trend_cont_long,15435.75,15439.4375,15430.25,15446.75,trail,22.0,0.6704545454545454,False,True
2023-03-22 13:55:00,2023-03-22 13:58:00,long,trend,trend_cont_long,15446.0,15445.9375,15438.25,15461.5,trail,31.0,-0.008064516129032258,True,True
2023-03-23 13:44:00,2023-03-23 13:46:00,long,pm_mom,pm_mom_long,15467.25,15467.1875,15462.25,15477.25,trail,20.0,-0.0125,True,True
2023-03-23 14:00:00,2023-03-23 14:02:00,long,ou_rev,ou_rev_long,15418.25,15438.1875,15411.5,15468.75,trail,27.0,2.9537037037037037,True,True
2023-03-24 09:50:00,2023-03-24 09:52:00,long,ou_rev,ou_rev_long,15281.0,15309.1875,15262.75,15309.25,trail,73.0,1.5445205479452055,True,True
2023-03-24 11:13:00,2023-03-24 11:14:00,long,ou_rev,ou_rev_long,15273.5,15256.9375,15257.0,15318.0,stop,66.0,-1.003787878787879,False,False
2023-03-24 11:18:00,2023-03-24 11:19:00,long,vwap_scalp,vwap_scalp_long,15275.0,15268.1875,15268.25,15295.75,stop,27.0,-1.0092592592592593,False,False
2023-03-24 11:24:00,2023-03-24 11:26:00,long,pd_rev,pd_pdl_long,15259.25,15277.6875,15253.0,15314.0,trail,25.0,2.95,True,True
2023-03-27 10:32:00,2023-03-27 10:34:00,long,vwap_rev,vwap_rev_long,15407.25,15415.9375,15399.5,15446.25,trail,31.0,1.1209677419354838,True,True
2023-03-27 10:37:00,2023-03-27 10:41:00,long,vwap_rev,vwap_rev_long,15402.25,15415.1875,15391.0,15444.0,trail,45.0,1.15,False,True
2023-03-28 10:11:00,2023-03-28 10:13:00,long,open_drive,open_drive_long,15239.75,15239.6875,15228.25,15262.75,trail,46.0,-0.005434782608695652,True,True
2023-03-28 10:36:00,2023-03-28 10:38:00,long,vwap_rev,vwap_rev_long,15177.5,15185.6875,15174.25,15231.75,trail,13.0,2.519230769230769,True,True
2023-03-29 10:29:00,2023-03-29 10:31:00,long,vwap_scalp,vwap_scalp_long,15414.0,15419.6875,15407.0,15423.25,trail,28.0,0.8125,True,True
2023-03-29 10:42:00,2023-03-29 10:45:00,long,vwap_rev,vwap_rev_long,15397.75,15410.6875,15391.0,15428.5,trail,27.0,1.9166666666666667,True,True
2023-03-30 09:48:00,2023-03-30 09:52:00,long,open_drive,open_drive_long,15583.0,15582.9375,15568.5,15612.0,trail,58.0,-0.004310344827586207,True,True
2023-03-30 10:14:00,2023-03-30 10:16:00,long,or_rev,or_rev_long,15561.25,15570.6875,15552.5,15583.0,trail,35.0,1.0785714285714285,True,True
2023-03-30 10:42:00,2023-03-30 10:44:00,long,trend,trend_cont_long,15612.5,15612.4375,15606.75,15633.25,trail,23.0,-0.010869565217391304,True,True
2023-03-30 11:10:00,2023-03-30 11:12:00,long,trend,trend_cont_long,15620.5,15630.6875,15612.75,15636.0,trail,31.0,1.314516129032258,True,True
2023-03-31 13:58:00,2023-03-31 14:00:00,long,pm_mom,pm_mom_long,15748.25,15756.4375,15742.25,15760.25,trail,24.0,1.3645833333333333,True,True
2023-04-03 10:54:00,2023-04-03 10:57:00,long,vwap_rev,vwap_rev_long,15714.0,15713.9375,15705.5,15758.5,trail,34.0,-0.007352941176470588,True,True
2023-04-03 13:58:00,2023-04-03 14:01:00,long,pm_mom,pm_mom_long,15698.0,15697.9375,15692.75,15708.5,trail,21.0,-0.011904761904761904,True,True
2023-04-04 09:52:00,2023-04-04 09:54:00,long,open_drive,open_drive_long,15795.25,15803.1875,15787.25,15811.25,trail,32.0,0.9921875,True,True
2023-04-04 11:15:00,2023-04-04 11:16:00,long,vwap_scalp,vwap_scalp_long,15766.75,15759.1875,15759.25,15784.0,stop,30.0,-1.0083333333333333,False,False
2023-04-04 11:20:00,2023-04-04 11:22:00,long,vwap_rev,vwap_rev_long,15741.75,15751.6875,15730.5,15798.5,trail,45.0,0.8833333333333333,True,True
2023-04-04 13:34:00,2023-04-04 13:35:00,long,trend,trend_cont_long,15771.5,15760.6875,15760.75,15793.0,stop,43.0,-1.005813953488372,False,False
2023-04-04 13:40:00,2023-04-04 13:42:00,long,trend,trend_cont_long,15768.0,15767.9375,15762.5,15779.0,trail,22.0,-0.011363636363636364,True,True
2023-04-04 14:20:00,2023-04-04 14:22:00,long,ou_rev,ou_rev_long,15746.75,15751.6875,15742.75,15777.75,trail,16.0,1.234375,True,True
2023-04-05 10:12:00,2023-04-05 10:13:00,long,ou_rev,ou_rev_long,15635.25,15630.4375,15630.5,15667.5,stop,19.0,-1.013157894736842,False,False
2023-04-05 10:19:00,2023-04-05 10:20:00,long,ou_rev,ou_rev_long,15632.25,15627.9375,15628.0,15664.5,stop,17.0,-1.0147058823529411,False,False
2023-04-05 10:39:00,2023-04-05 10:41:00,long,vwap_rev,vwap_rev_long,15601.75,15601.6875,15596.75,15654.25,trail,20.0,-0.0125,True,True
2023-04-05 11:30:00,2023-04-05 11:32:00,long,ou_lunch,ou_lunch_long,15562.75,15578.1875,15557.75,15625.5,trail,20.0,3.0875,True,True
2023-04-05 13:22:00,2023-04-05 13:23:00,long,vwap_scalp,vwap_scalp_long,15565.25,15561.1875,15561.25,15584.0,stop,16.0,-1.015625,False,False
2023-04-05 13:31:00,2023-04-05 13:36:00,long,pm_mom,pm_mom_long,15568.0,15560.6875,15560.75,15582.5,trail,29.0,-1.0086206896551724,False,True
2023-04-06 10:12:00,2023-04-06 10:21:00,long,trend,trend_cont_long,15570.25,15547.9375,15548.0,15614.75,stop,89.0,-1.002808988764045,False,False
2023-04-06 10:28:00,2023-04-06 10:29:00,long,trend,trend_cont_long,15557.75,15549.4375,15549.5,15578.75,stop,33.0,-1.0075757575757576,False,False
2023-04-06 11:14:00,2023-04-06 11:20:00,long,trend,trend_cont_long,15589.5,15596.4375,15579.25,15610.0,trail,41.0,0.676829268292683,False,True
2023-04-06 13:31:00,2023-04-06 13:33:00,long,pm_mom,pm_mom_long,15678.25,15678.1875,15673.25,15688.25,trail,20.0,-0.0125,True,True
2023-04-10 10:00:00,2023-04-10 10:01:00,long,or_rev,or_rev_long,15511.75,15503.1875,15503.25,15546.5,stop,34.0,-1.0073529411764706,False,False
2023-04-10 10:13:00,2023-04-10 10:16:00,long,open_drive,open_drive_long,15528.5,15537.6875,15518.25,15549.0,trail,41.0,0.8963414634146342,True,True
2023-04-10 13:34:00,2023-04-10 13:35:00,long,pm_mom,pm_mom_long,15656.5,15652.9375,15653.0,15663.5,stop,14.0,-1.0178571428571428,False,False
2023-04-11 10:07:00,2023-04-11 10:09:00,long,vwap_scalp,vwap_scalp_long,15627.5,15627.4375,15621.0,15636.25,trail,26.0,-0.009615384615384616,True,True
2023-04-11 10:14:00,2023-04-11 10:16:00,long,or_rev,or_rev_long,15617.5,15608.1875,15608.25,15655.0,trail,37.0,-1.0067567567567568,False,True
2023-04-11 10:19:00,2023-04-11 10:21:00,long,vwap_rev,vwap_rev_long,15597.5,15614.4375,15592.75,15638.0,trail,19.0,3.5657894736842106,True,True
2023-04-12 10:00:00,2023-04-12 10:02:00,short,trend,trend_cont_short,15590.0,15569.3125,15601.0,15558.25,trail,44.0,1.8806818181818181,True,True
2023-04-12 10:08:00,2023-04-12 10:10:00,long,open_drive,open_drive_long,15625.5,15625.4375,15618.75,15639.0,trail,27.0,-0.009259259259259259,True,True
2023-04-12 10:23:00,2023-04-12 10:26:00,long,trend,trend_cont_long,15645.25,15625.9375,15626.0,15683.75,stop,77.0,-1.0032467532467533,False,False
2023-04-12 10:33:00,2023-04-12 10:34:00,long,trend,trend_cont_long,15637.5,15631.4375,15631.5,15653.75,stop,24.0,-1.0104166666666667,False,False
2023-04-12 10:54:00,2023-04-12 10:56:00,long,pd_rev,pd_pdl_long,15578.5,15566.6875,15566.75,15618.25,stop,47.0,-1.0053191489361701,False,False
2023-04-12 11:03:00,2023-04-12 11:05:00,long,vwap_scalp,vwap_scalp_long,15536.0,15535.9375,15529.0,15573.5,trail,28.0,-0.008928571428571428,True,True
2023-04-12 11:09:00,2023-04-12 11:12:00,long,vwap_rev,vwap_rev_long,15522.0,15510.4375,15510.5,15606.75,stop,46.0,-1.0054347826086956,False,False
2023-04-12 13:31:00,2023-04-12 13:33:00,long,pm_mom,pm_mom_long,15621.0,15626.6875,15617.25,15628.5,trail,15.0,1.5166666666666666,True,True
2023-04-13 13:30:00,2023-04-13 13:32:00,long,pm_mom,pm_mom_long,15688.5,15688.4375,15685.5,15694.5,trail,12.0,-0.020833333333333332,True,True
2023-04-14 10:56:00,2023-04-14 10:58:00,long,or_rev,or_rev_long,15651.0,15665.6875,15643.5,15694.5,trail,30.0,1.9583333333333333,True,True
2023-04-14 12:28:00,2023-04-14 12:31:00,long,ou_lunch,ou_lunch_long,15631.75,15625.1875,15625.25,15687.5,stop,26.0,-1.0096153846153846,False,False
2023-04-14 12:48:00,2023-04-14 12:52:00,long,vwap_rev,vwap_rev_long,15591.0,15598.9375,15582.25,15682.0,trail,35.0,0.9071428571428571,True,True
2023-04-14 13:49:00,2023-04-14 13:50:00,long,pm_mom,pm_mom_long,15617.75,15612.6875,15612.75,15627.75,stop,20.0,-1.0125,False,False
2023-04-17 11:23:00,2023-04-17 11:25:00,long,ou_rev,ou_rev_long,15657.25,15668.4375,15652.5,15679.5,trail,19.0,2.3552631578947367,True,True
2023-04-18 10:00:00,2023-04-18 10:01:00,long,vwap_rev,vwap_rev_long,15776.75,15766.1875,15766.25,15798.25,stop,42.0,-1.005952380952381,False,False
2023-04-18 10:11:00,2023-04-18 10:14:00,short,trend,trend_cont_short,15744.25,15744.3125,15752.25,15726.5,trail,32.0,-0.0078125,True,True
2023-04-18 10:21:00,2023-04-18 10:22:00,short,trend,trend_cont_short,15741.75,15747.0625,15747.0,15726.5,stop,21.0,-1.0119047619047619,False,False
2023-04-18 12:23:00,2023-04-18 12:26:00,long,vwap_scalp,vwap_scalp_long,15714.0,15713.9375,15709.5,15725.0,trail,18.0,-0.013888888888888888,True,True
2023-04-18 12:50:00,2023-04-18 12:52:00,long,ou_lunch,ou_lunch_long,15704.5,15704.4375,15696.25,15734.25,trail,33.0,-0.007575757575757576,True,True
2023-04-18 12:57:00,2023-04-18 12:59:00,long,ou_lunch,ou_lunch_long,15705.0,15699.1875,15699.25,15733.5,stop,23.0,-1.0108695652173914,False,False
2023-04-18 13:32:00,2023-04-18 13:35:00,long,ou_rev,ou_rev_long,15695.0,15705.1875,15688.5,15731.75,trail,26.0,1.5673076923076923,True,True
2023-04-19 10:52:00,2023-04-19 10:54:00,long,pd_rev,pd_pdl_long,15663.75,15668.6875,15654.75,15681.75,trail,36.0,0.5486111111111112,False,True
2023-04-19 13:33:00,2023-04-19 13:35:00,long,pm_mom,pm_mom_long,15734.25,15730.9375,15731.0,15740.75,stop,13.0,-1.0192307692307692,False,False
2023-04-20 13:31:00,2023-04-20 13:32:00,long,pm_mom,pm_mom_long,15718.75,15715.6875,15715.75,15724.75,stop,12.0,-1.0208333333333333,False,False
2023-04-20 14:25:00,2023-04-20 14:28:00,short,trend,trend_cont_short,15649.0,15633.8125,15657.75,15631.5,trail,35.0,1.7357142857142858,True,True
2023-04-21 09:53:00,2023-04-21 09:57:00,long,ou_rev,ou_rev_long,15551.5,15539.1875,15539.25,15577.0,stop,49.0,-1.0051020408163265,False,False
2023-04-21 10:01:00,2023-04-21 10:02:00,long,vwap_rev,vwap_rev_long,15522.25,15516.6875,15516.75,15566.25,stop,22.0,-1.0113636363636365,False,False
2023-04-21 10:13:00,2023-04-21 10:16:00,long,pd_rev,pd_pdl_long,15548.75,15558.1875,15538.75,15568.75,trail,40.0,0.94375,True,True
2023-04-21 13:31:00,2023-04-21 13:33:00,long,pm_mom,pm_mom_long,15603.75,15614.6875,15597.0,15617.25,trail,27.0,1.6203703703703705,True,True
2023-04-24 10:42:00,2023-04-24 10:43:00,long,or_rev,or_rev_long,15555.25,15552.4375,15552.5,15618.75,stop,11.0,-1.0227272727272727,False,False
2023-04-24 11:52:00,2023-04-24 11:54:00,long,pd_rev,pd_pdl_long,15507.75,15501.9375,15502.0,15581.75,stop,23.0,-1.0108695652173914,False,False
2023-04-24 12:50:00,2023-04-24 12:52:00,long,vwap_scalp,vwap_scalp_long,15533.5,15538.9375,15522.0,15551.75,trail,46.0,0.47282608695652173,False,True
2023-04-24 12:58:00,2023-04-24 13:00:00,long,ou_lunch,ou_lunch_long,15532.25,15540.6875,15527.5,15569.25,trail,19.0,1.7763157894736843,True,True
2023-04-24 13:04:00,2023-04-24 13:06:00,long,vwap_scalp,vwap_scalp_long,15534.5,15534.4375,15526.75,15551.5,trail,31.0,-0.008064516129032258,True,True
2023-04-24 13:50:00,2023-04-24 13:52:00,long,ou_rev,ou_rev_long,15549.25,15557.4375,15545.25,15566.5,trail,16.0,2.046875,True,True
2023-04-25 09:57:00,2023-04-25 09:59:00,long,ou_rev,ou_rev_long,15498.5,15506.9375,15494.25,15513.75,trail,17.0,1.9852941176470589,True,True
2023-04-25 10:14:00,2023-04-25 10:16:00,long,ou_rev,ou_rev_long,15471.75,15480.6875,15465.0,15507.25,trail,27.0,1.3240740740740742,True,True
2023-04-26 09:54:00,2023-04-26 09:56:00,short,ou_rev,ou_rev_short,15473.25,15473.3125,15484.0,15452.25,trail,43.0,-0.005813953488372093,True,True
2023-04-26 10:00:00,2023-04-26 10:02:00,short,ou_rev,ou_rev_short,15485.75,15470.8125,15490.0,15455.25,trail,17.0,3.514705882352941,True,True
2023-04-27 10:12:00,2023-04-27 10:13:00,short,or_rev,or_rev_short,15578.0,15585.3125,15585.25,15557.75,stop,29.0,-1.0086206896551724,False,False
2023-04-27 10:18:00,2023-04-27 10:21:00,short,ou_rev,ou_rev_short,15607.25,15599.0625,15617.25,15566.0,trail,40.0,0.81875,False,True
2023-04-27 13:31:00,2023-04-27 13:34:00,long,pm_mom,pm_mom_long,15712.25,15716.6875,15709.25,15718.25,trail,12.0,1.4791666666666667,False,True
2023-04-28 09:49:00,2023-04-28 09:52:00,long,open_drive,open_drive_long,15733.25,15747.1875,15721.5,15756.75,trail,47.0,1.1861702127659575,True,True
2023-04-28 13:31:00,2023-04-28 13:33:00,long,pm_mom,pm_mom_long,15812.0,15806.9375,15807.0,15822.0,stop,20.0,-1.0125,False,False
2023-05-01 09:46:00,2023-05-01 09:48:00,long,open_drive,open_drive_long,15827.25,15838.6875,15817.5,15846.75,trail,39.0,1.1730769230769231,True,True
2023-05-01 11:18:00,2023-05-01 11:21:00,long,vwap_rev,vwap_rev_long,15796.25,15812.4375,15787.5,15826.25,trail,35.0,1.85,True,True
2023-05-02 09:48:00,2023-05-02 09:52:00,long,open_drive,open_drive_long,15817.5,15829.6875,15808.0,15836.5,trail,38.0,1.2828947368421053,True,True
2023-05-02 11:30:00,2023-05-02 11:32:00,long,ou_lunch,ou_lunch_long,15658.5,15647.6875,15647.75,15736.5,stop,43.0,-1.005813953488372,False,False
2023-05-02 11:36:00,2023-05-02 11:39:00,long,ou_lunch,ou_lunch_long,15664.0,15663.9375,15649.0,15733.0,trail,60.0,-0.004166666666666667,True,True
2023-05-02 13:31:00,2023-05-02 13:32:00,long,pm_mom,pm_mom_long,15715.5,15709.1875,15709.25,15728.0,stop,25.0,-1.01,False,False
2023-05-03 11:03:00,2023-05-03 11:06:00,long,ou_rev,ou_rev_long,15715.25,15724.4375,15707.25,15736.25,trail,32.0,1.1484375,True,True
2023-05-03 11:10:00,2023-05-03 11:12:00,long,ou_rev,ou_rev_long,15713.25,15718.9375,15706.75,15735.25,trail,26.0,0.875,False,True
2023-05-04 09:58:00,2023-05-04 09:59:00,long,open_drive,open_drive_long,15580.5,15570.1875,15570.25,15601.0,stop,41.0,-1.0060975609756098,False,False
2023-05-04 10:07:00,2023-05-04 10:10:00,long,open_drive,open_drive_long,15582.25,15590.9375,15570.25,15606.25,trail,48.0,0.7239583333333334,True,True
2023-05-04 10:33:00,2023-05-04 10:35:00,long,ou_rev,ou_rev_long,15538.5,15552.6875,15532.75,15571.0,trail,23.0,2.467391304347826,True,True
2023-05-05 09:55:00,2023-05-05 09:57:00,short,ou_rev,ou_rev_short,15700.5,15700.5625,15704.5,15682.5,trail,16.0,-0.015625,True,True
2023-05-05 10:03:00,2023-05-05 10:06:00,short,or_rev,or_rev_short,15721.5,15727.3125,15727.25,15672.0,stop,23.0,-1.0108695652173914,False,False
2023-05-05 10:10:00,2023-05-05 10:12:00,short,vwap_rev,vwap_rev_short,15746.75,15746.8125,15751.5,15696.0,trail,19.0,-0.013157894736842105,True,True
2023-05-05 10:18:00,2023-05-05 10:20:00,short,vwap_rev,vwap_rev_short,15761.75,15761.8125,15765.0,15703.5,trail,13.0,-0.019230769230769232,True,True
2023-05-05 10:23:00,2023-05-05 10:27:00,short,vwap_scalp,vwap_scalp_short,15757.0,15748.0625,15763.5,15732.25,trail,26.0,1.375,True,True
2023-05-05 12:45:00,2023-05-05 12:49:00,short,ou_lunch,ou_lunch_short,15780.0,15763.8125,15784.0,15745.75,trail,16.0,4.046875,True,True
2023-05-08 09:53:00,2023-05-08 09:54:00,long,ou_rev,ou_rev_long,15795.75,15791.6875,15791.75,15811.0,stop,16.0,-1.015625,False,False
2023-05-08 10:02:00,2023-05-08 10:04:00,long,open_drive,open_drive_long,15808.25,15814.4375,15799.25,15826.25,trail,36.0,0.6875,True,True
2023-05-08 10:18:00,2023-05-08 10:19:00,long,ou_rev,ou_rev_long,15793.0,15806.5,15787.25,15806.5,target,23.0,2.347826086956522,False,False
2023-05-09 09:37:00,2023-05-09 09:39:00,long,open_drive,open_drive_long,15811.25,15801.4375,15801.5,15830.75,stop,39.0,-1.0064102564102564,False,False
2023-05-09 09:42:00,2023-05-09 09:44:00,long,open_drive,open_drive_long,15810.5,15816.6875,15801.5,15828.5,trail,36.0,0.6875,True,True
2023-05-09 11:32:00,2023-05-09 11:34:00,long,vwap_scalp,vwap_scalp_long,15796.75,15801.9375,15794.75,15805.25,trail,8.0,2.59375,True,True
2023-05-10 09:59:00,2023-05-10 10:02:00,long,open_drive,open_drive_long,15900.0,15925.1875,15889.25,15921.5,trail,43.0,2.3430232558139537,True,True
2023-05-11 10:35:00,2023-05-11 10:37:00,long,ou_rev,ou_rev_long,15901.75,15901.6875,15892.25,15919.0,trail,38.0,-0.006578947368421052,True,True
2023-05-11 10:43:00,2023-05-11 10:45:00,long,ou_rev,ou_rev_long,15891.5,15899.9375,15885.75,15917.5,trail,23.0,1.4673913043478262,True,True
2023-05-11 13:36:00,2023-05-11 13:37:00,long,pm_mom,pm_mom_long,15965.5,15961.9375,15962.0,15972.5,stop,14.0,-1.0178571428571428,False,False
2023-05-12 09:42:00,2023-05-12 09:48:00,long,open_drive,open_drive_long,16000.25,15988.4375,15988.5,16023.75,stop,47.0,-1.0053191489361701,False,False
2023-05-12 09:51:00,2023-05-12 09:53:00,long,ou_rev,ou_rev_long,15975.25,15989.1875,15963.25,15993.25,trail,48.0,1.1614583333333333,True,True
2023-05-12 10:03:00,2023-05-12 10:04:00,long,ou_rev,ou_rev_long,15953.75,15945.4375,15945.5,15986.0,stop,33.0,-1.0075757575757576,False,False
2023-05-12 10:08:00,2023-05-12 10:10:00,long,vwap_scalp,vwap_scalp_long,15936.5,15946.6875,15926.5,15957.75,trail,40.0,1.01875,True,True
2023-05-12 10:27:00,2023-05-12 10:30:00,long,vwap_scalp,vwap_scalp_long,15948.0,15940.4375,15940.5,15959.75,stop,30.0,-1.0083333333333333,False,False
2023-05-12 11:04:00,2023-05-12 11:06:00,long,ou_rev,ou_rev_long,15931.0,15950.4375,15921.5,15956.25,trail,38.0,2.0460526315789473,True,True
2023-05-12 11:15:00,2023-05-12 11:16:00,long,ou_rev,ou_rev_long,15924.0,15917.1875,15917.25,15954.75,stop,27.0,-1.0092592592592593,False,False
2023-05-12 11:46:00,2023-05-12 11:50:00,long,ou_lunch,ou_lunch_long,15908.75,15916.9375,15898.0,15946.75,trail,43.0,0.7616279069767442,True,True
2023-05-12 12:15:00,2023-05-12 12:17:00,long,ou_lunch,ou_lunch_long,15897.25,15903.4375,15894.25,15942.25,trail,12.0,2.0625,True,True
2023-05-15 09:54:00,2023-05-15 09:56:00,long,ou_rev,ou_rev_long,15908.5,15917.1875,15903.25,15931.25,trail,21.0,1.6547619047619047,True,True
2023-05-15 10:01:00,2023-05-15 10:04:00,long,ou_rev,ou_rev_long,15908.0,15907.9375,15898.5,15927.75,trail,38.0,-0.006578947368421052,True,True
2023-05-15 13:55:00,2023-05-15 13:59:00,long,pm_mom,pm_mom_long,15968.0,15974.6875,15961.5,15981.0,trail,26.0,1.0288461538461537,True,True
2023-05-16 13:48:00,2023-05-16 13:51:00,long,pm_mom,pm_mom_long,16064.5,16064.4375,16058.0,16077.5,trail,26.0,-0.009615384615384616,True,True
2023-05-17 09:38:00,2023-05-17 09:44:00,long,open_drive,open_drive_long,16055.5,16043.6875,16043.75,16079.0,stop,47.0,-1.0053191489361701,False,False
2023-05-17 10:01:00,2023-05-17 10:08:00,long,or_rev,or_rev_long,16010.75,16026.4375,15999.75,16051.0,trail,44.0,1.4261363636363635,True,True
2023-05-17 10:23:00,2023-05-17 10:25:00,long,trend,trend_cont_long,16040.5,16034.9375,16035.0,16051.5,stop,22.0,-1.0113636363636365,False,False
2023-05-17 10:32:00,2023-05-17 10:34:00,long,trend,trend_cont_long,16046.25,16038.9375,16039.0,16060.75,stop,29.0,-1.0086206896551724,False,False
2023-05-17 13:35:00,2023-05-17 13:37:00,long,pm_mom,pm_mom_long,16172.75,16167.4375,16167.5,16183.25,stop,21.0,-1.0119047619047619,False,False
2023-05-18 10:06:00,2023-05-18 10:08:00,long,trend,trend_cont_long,16237.75,16259.1875,16229.25,16254.75,trail,34.0,2.5220588235294117,True,True
2023-05-19 10:09:00,2023-05-19 10:10:00,long,vwap_scalp,vwap_scalp_long,16395.25,16406.75,16389.25,16406.75,target,24.0,1.9166666666666667,False,False
2023-05-19 10:59:00,2023-05-19 11:00:00,long,vwap_scalp,vwap_scalp_long,16391.75,16403.75,16386.5,16403.75,target,21.0,2.2857142857142856,False,False
2023-05-22 12:41:00,2023-05-22 12:45:00,long,vwap_scalp,vwap_scalp_long,16412.5,16416.6875,16407.5,16419.25,trail,20.0,0.8375,False,True
2023-05-22 13:31:00,2023-05-22 13:33:00,long,pm_mom,pm_mom_long,16433.75,16439.6875,16429.0,16443.25,trail,19.0,1.25,True,True
2023-05-23 10:33:00,2023-05-23 10:36:00,long,pd_rev,pd_pdl_long,16376.5,16384.4375,16366.25,16397.0,trail,41.0,0.774390243902439,True,True
2023-05-23 12:30:00,2023-05-23 12:31:00,long,ou_lunch,ou_lunch_long,16360.0,16355.4375,16355.5,16380.75,stop,18.0,-1.0138888888888888,False,False
2023-05-23 14:05:00,2023-05-23 14:06:00,long,pm_mom,pm_mom_long,16306.0,16303.1875,16303.25,16311.5,stop,11.0,-1.0227272727272727,False,False
2023-05-23 14:23:00,2023-05-23 14:25:00,short,trend,trend_cont_short,16266.0,16241.5625,16279.75,16238.5,trail,55.0,1.7772727272727273,True,True
2023-05-24 10:11:00,2023-05-24 10:14:00,long,or_rev,or_rev_long,16135.5,16126.1875,16126.25,16172.5,stop,37.0,-1.0067567567567568,False,False
2023-05-24 10:26:00,2023-05-24 10:28:00,long,ou_rev,ou_rev_long,16126.75,16126.6875,16120.75,16160.75,trail,24.0,-0.010416666666666666,True,True
2023-05-24 10:39:00,2023-05-24 10:41:00,long,ou_rev,ou_rev_long,16121.75,16113.9375,16114.0,16155.25,stop,31.0,-1.0080645161290323,False,False
2023-05-24 12:20:00,2023-05-24 12:22:00,long,ou_lunch,ou_lunch_long,16111.5,16111.4375,16107.25,16140.0,trail,17.0,-0.014705882352941176,True,True
2023-05-24 13:31:00,2023-05-24 13:33:00,long,pm_mom,pm_mom_long,16132.25,16138.6875,16126.25,16144.25,trail,24.0,1.0729166666666667,True,True
2023-05-25 10:03:00,2023-05-25 10:05:00,long,open_drive,open_drive_long,16416.5,16429.6875,16405.5,16438.5,trail,44.0,1.1988636363636365,True,True
2023-05-25 10:26:00,2023-05-25 10:28:00,long,or_rev,or_rev_long,16382.75,16397.9375,16377.5,16439.5,trail,21.0,2.892857142857143,True,True
2023-05-26 13:57:00,2023-05-26 14:00:00,long,pm_mom,pm_mom_long,16843.5,16843.4375,16840.0,16850.5,trail,14.0,-0.017857142857142856,True,True
2023-05-30 10:03:00,2023-05-30 10:05:00,long,vwap_rev,vwap_rev_long,16935.0,16946.4375,16924.25,17016.25,trail,43.0,1.063953488372093,True,True
2023-05-30 10:39:00,2023-05-30 10:41:00,long,vwap_scalp,vwap_scalp_long,16961.0,16960.9375,16952.25,16979.25,trail,35.0,-0.007142857142857143,True,True
2023-05-30 11:49:00,2023-05-30 11:50:00,long,trend,trend_cont_long,16989.0,16983.6875,16983.75,17009.25,stop,21.0,-1.0119047619047619,False,False
2023-05-30 12:07:00,2023-05-30 12:09:00,long,ou_lunch,ou_lunch_long,16961.0,16970.9375,16951.25,16990.25,trail,39.0,1.0192307692307692,True,True
2023-05-30 13:32:00,2023-05-30 13:34:00,long,vwap_rev,vwap_rev_long,16904.75,16921.1875,16894.5,16981.25,trail,41.0,1.603658536585366,True,True
2023-05-31 10:25:00,2023-05-31 10:26:00,long,vwap_rev,vwap_rev_long,16826.5,16818.6875,16818.75,16885.0,stop,31.0,-1.0080645161290323,False,False
2023-05-31 10:37:00,2023-05-31 10:39:00,short,trend,trend_cont_short,16820.75,16820.8125,16832.25,16797.75,trail,46.0,-0.005434782608695652,True,True
2023-05-31 13:17:00,2023-05-31 13:19:00,long,vwap_scalp,vwap_scalp_long,16820.25,16813.4375,16813.5,16832.5,trail,27.0,-1.0092592592592593,False,True
2023-05-31 13:34:00,2023-05-31 13:36:00,long,pm_mom,pm_mom_long,16855.25,16862.6875,16850.5,16864.75,trail,19.0,1.5657894736842106,True,True
2023-05-31 13:39:00,2023-05-31 13:41:00,long,pd_rev,pd_pdl_long,16861.75,16889.6875,16848.75,16887.75,trail,52.0,2.1490384615384617,True,True
2023-06-01 11:37:00,2023-06-01 11:39:00,long,trend,trend_cont_long,16930.0,16917.9375,16918.0,16954.0,stop,48.0,-1.0052083333333333,False,False
2023-06-01 11:46:00,2023-06-01 11:48:00,long,trend,trend_cont_long,16923.0,16931.9375,16916.25,16936.5,trail,27.0,1.3240740740740742,True,True
2023-06-01 11:51:00,2023-06-01 11:53:00,long,trend,trend_cont_long,16930.75,16940.4375,16922.5,16947.25,trail,33.0,1.1742424242424243,True,True
2023-06-01 13:37:00,2023-06-01 13:41:00,long,pm_mom,pm_mom_long,16991.75,16983.9375,16984.0,17007.25,stop,31.0,-1.0080645161290323,False,False
2023-06-02 10:01:00,2023-06-02 10:02:00,long,or_rev,or_rev_long,17011.5,16997.4375,16997.5,17108.75,stop,56.0,-1.0044642857142858,False,False
2023-06-02 14:02:00,2023-06-02 14:04:00,long,pm_mom,pm_mom_long,17111.25,17117.4375,17106.0,17121.75,trail,21.0,1.1785714285714286,True,True
2023-06-05 14:01:00,2023-06-05 14:03:00,long,pm_mom,pm_mom_long,17159.25,17159.1875,17156.0,17165.75,trail,13.0,-0.019230769230769232,True,True
2023-06-06 09:55:00,2023-06-06 09:59:00,long,pd_rev,pd_pdl_long,17070.75,17080.1875,17058.75,17094.75,trail,48.0,0.7864583333333334,False,True
2023-06-06 10:25:00,2023-06-06 10:36:00,long,trend,trend_cont_long,17103.0,17086.1875,17086.25,17136.5,stop,67.0,-1.0037313432835822,False,False
2023-06-06 10:45:00,2023-06-06 10:46:00,long,trend,trend_cont_long,17102.75,17118.75,17094.75,17118.75,target,32.0,2.0,False,False
2023-06-06 13:30:00,2023-06-06 13:31:00,long,pm_mom,pm_mom_long,17097.0,17092.9375,17093.0,17105.0,stop,15.931012990491581,-1.015625,False,False
2023-06-06 14:01:00,2023-06-06 14:03:00,short,trend,trend_cont_short,17073.0,17079.8125,17079.75,17059.5,trail,27.0,-1.0092592592592593,False,True
2023-06-07 10:08:00,2023-06-07 10:10:00,short,trend,trend_cont_short,17136.25,17144.0625,17144.0,17112.25,stop,31.0,-1.0080645161290323,False,False
2023-06-07 10:17:00,2023-06-07 10:19:00,long,vwap_rev,vwap_rev_long,17109.5,17109.4375,17097.0,17160.5,trail,50.0,-0.005,True,True
2023-06-07 10:27:00,2023-06-07 10:29:00,long,vwap_rev,vwap_rev_long,17068.0,17058.1875,17058.25,17149.75,stop,39.0,-1.0064102564102564,False,False
2023-06-07 10:39:00,2023-06-07 10:41:00,long,pd_rev,pd_pdl_long,17033.5,17049.1875,17023.25,17136.0,trail,41.0,1.5304878048780488,True,True
2023-06-07 13:57:00,2023-06-07 13:59:00,long,pm_mom,pm_mom_long,16905.25,16898.6875,16898.75,16918.25,stop,26.0,-1.0096153846153846,False,False
2023-06-08 13:56:00,2023-06-08 13:58:00,long,pm_mom,pm_mom_long,16970.75,16970.6875,16962.5,16987.25,trail,33.0,-0.007575757575757576,True,True
2023-06-09 11:34:00,2023-06-09 11:36:00,long,or_rev,or_rev_long,17070.75,17081.1875,17057.75,17117.5,trail,52.0,0.8028846153846154,False,True
2023-06-09 13:30:00,2023-06-09 13:32:00,long,pm_mom,pm_mom_long,17108.25,17114.9375,17105.0,17114.75,trail,13.0,2.0576923076923075,True,True
2023-06-12 10:07:00,2023-06-12 10:09:00,long,ou_rev,ou_rev_long,17123.0,17131.9375,17116.0,17145.5,trail,28.0,1.2767857142857142,True,True
2023-06-12 13:31:00,2023-06-12 13:33:00,long,pm_mom,pm_mom_long,17206.0,17213.6875,17201.75,17214.5,trail,17.0,1.8088235294117647,True,True
2023-06-13 10:05:00,2023-06-13 10:07:00,long,or_rev,or_rev_long,17376.0,17375.9375,17362.75,17445.0,trail,53.0,-0.0047169811320754715,True,True
2023-06-13 11:46:00,2023-06-13 11:47:00,short,trend,trend_cont_short,17419.5,17424.8125,17424.75,17409.0,stop,21.0,-1.0119047619047619,False,False
2023-06-13 13:31:00,2023-06-13 13:32:00,long,pm_mom,pm_mom_long,17439.0,17436.1875,17436.25,17444.5,stop,11.0,-1.0227272727272727,False,False
2023-06-14 10:21:00,2023-06-14 10:24:00,long,trend,trend_cont_long,17515.25,17501.1875,17501.25,17543.25,stop,56.0,-1.0044642857142858,False,False
2023-06-14 11:31:00,2023-06-14 11:35:00,long,trend,trend_cont_long,17548.5,17541.6875,17541.75,17564.25,trail,27.0,-1.0092592592592593,False,True
2023-06-14 11:55:00,2023-06-14 11:57:00,short,trend,trend_cont_short,17525.25,17514.5625,17533.5,17508.75,trail,33.0,1.2954545454545454,True,True
2023-06-14 13:35:00,2023-06-14 13:36:00,long,pm_mom,pm_mom_long,17492.5,17486.9375,17487.0,17503.5,stop,22.0,-1.0113636363636365,False,False
2023-06-15 13:30:00,2023-06-15 13:32:00,long,pm_mom,pm_mom_long,17654.25,17654.1875,17648.5,17665.75,trail,23.0,-0.010869565217391304,True,True
2023-06-16 10:12:00,2023-06-16 10:14:00,long,open_drive,open_drive_long,17742.25,17728.6875,17728.75,17769.25,stop,54.0,-1.0046296296296295,False,False
2023-06-16 11:29:00,2023-06-16 11:31:00,long,or_rev,or_rev_long,17683.0,17704.4375,17672.0,17761.5,trail,44.0,1.9488636363636365,True,True
2023-06-16 11:51:00,2023-06-16 11:54:00,long,vwap_scalp,vwap_scalp_long,17689.75,17704.4375,17677.5,17709.0,trail,49.0,1.1989795918367347,False,True
2023-06-19 10:16:00,2023-06-19 10:18:00,long,vwap_scalp,vwap_scalp_long,17580.75,17585.1875,17578.5,17585.25,trail,9.0,1.9722222222222223,True,True
2023-06-19 11:34:00,2023-06-19 11:36:00,long,vwap_scalp,vwap_scalp_long,17582.75,17587.6875,17580.5,17586.0,trail,9.0,2.1944444444444446,True,True
2023-06-20 10:08:00,2023-06-20 10:09:00,short,trend,trend_cont_short,17574.5,17580.5625,17580.5,17552.25,stop,24.0,-1.0104166666666667,False,False
2023-06-20 10:23:00,2023-06-20 10:25:00,long,vwap_rev,vwap_rev_long,17506.75,17506.6875,17499.0,17593.25,trail,31.0,-0.008064516129032258,True,True
2023-06-20 13:31:00,2023-06-20 13:33:00,long,pm_mom,pm_mom_long,17620.0,17619.9375,17613.0,17634.0,trail,28.0,-0.008928571428571428,True,True
2023-06-21 09:56:00,2023-06-21 09:57:00,long,ou_rev,ou_rev_long,17490.25,17483.6875,17483.75,17530.75,stop,26.0,-1.0096153846153846,False,False
2023-06-21 10:22:00,2023-06-21 10:24:00,long,vwap_scalp,vwap_scalp_long,17454.25,17461.4375,17443.5,17474.75,trail,43.0,0.6686046511627907,False,True
2023-06-21 10:39:00,2023-06-21 10:44:00,long,ou_rev,ou_rev_long,17448.25,17429.9375,17430.0,17487.75,trail,73.0,-1.0034246575342465,False,True
2023-06-21 11:30:00,2023-06-21 11:34:00,long,ou_lunch,ou_lunch_long,17394.75,17394.6875,17379.75,17453.75,trail,60.0,-0.004166666666666667,True,True
2023-06-21 11:49:00,2023-06-21 11:52:00,long,trend,trend_cont_long,17417.25,17409.6875,17409.75,17435.25,stop,30.0,-1.0083333333333333,False,False
2023-06-21 13:34:00,2023-06-21 13:35:00,long,pm_mom,pm_mom_long,17413.0,17408.6875,17408.75,17421.5,stop,17.0,-1.0147058823529411,False,False
2023-06-22 10:03:00,2023-06-22 10:05:00,long,trend,trend_cont_long,17430.75,17444.9375,17423.25,17447.5,trail,30.0,1.8916666666666666,True,True
2023-06-22 10:55:00,2023-06-22 11:01:00,short,trend,trend_cont_short,17413.0,17436.5625,17436.5,17366.0,stop,94.0,-1.002659574468085,False,False
2023-06-22 13:30:00,2023-06-22 13:34:00,long,pm_mom,pm_mom_long,17466.5,17466.4375,17459.25,17481.0,trail,29.0,-0.008620689655172414,True,True
2023-06-23 11:29:00,2023-06-23 11:33:00,long,or_rev,or_rev_long,17365.25,17373.1875,17354.75,17402.25,trail,42.0,0.7559523809523809,False,True
2023-06-23 13:30:00,2023-06-23 13:32:00,long,pm_mom,pm_mom_long,17491.75,17491.6875,17485.25,17504.75,trail,26.0,-0.009615384615384616,True,True
2023-06-26 11:14:00,2023-06-26 11:16:00,long,or_rev,or_rev_long,17372.25,17381.1875,17361.5,17403.25,trail,43.0,0.8313953488372093,False,True
2023-06-26 11:21:00,2023-06-26 11:22:00,long,vwap_rev,vwap_rev_long,17338.75,17335.1875,17335.25,17429.25,stop,14.0,-1.0178571428571428,False,False
2023-06-26 11:45:00,2023-06-26 11:47:00,long,pd_rev,pd_pdl_long,17333.75,17348.9375,17325.75,17418.25,trail,32.0,1.8984375,True,True
2023-06-26 12:12:00,2023-06-26 12:14:00,long,vwap_rev,vwap_rev_long,17267.25,17282.9375,17262.0,17403.75,trail,21.0,2.988095238095238,True,True
2023-06-27 09:55:00,2023-06-27 09:57:00,short,ou_rev,ou_rev_short,17308.0,17289.5625,17318.25,17285.75,trail,41.0,1.798780487804878,True,True
2023-06-27 10:12:00,2023-06-27 10:13:00,long,ou_rev,ou_rev_long,17254.5,17249.9375,17250.0,17288.0,stop,18.0,-1.0138888888888888,False,False
2023-06-27 11:07:00,2023-06-27 11:09:00,long,vwap_scalp,vwap_scalp_long,17258.25,17258.1875,17249.5,17269.75,trail,35.0,-0.007142857142857143,True,True
2023-06-27 11:14:00,2023-06-27 11:16:00,long,ou_rev,ou_rev_long,17255.75,17272.1875,17244.25,17280.25,trail,46.0,1.4293478260869565,True,True
2023-06-28 11:26:00,2023-06-28 11:31:00,short,trend,trend_cont_short,17473.0,17496.5625,17496.5,17426.0,stop,94.0,-1.002659574468085,False,False
2023-06-28 11:44:00,2023-06-28 11:46:00,long,trend,trend_cont_long,17525.75,17535.1875,17518.0,17541.25,trail,31.0,1.217741935483871,True,True
2023-06-28 13:30:00,2023-06-28 13:31:00,long,pm_mom,pm_mom_long,17472.25,17483.25,17466.75,17483.25,target,22.0,2.0,False,False
2023-06-29 10:13:00,2023-06-29 10:15:00,long,ou_rev,ou_rev_long,17390.5,17410.9375,17384.25,17450.5,trail,25.0,3.27,True,True
2023-06-30 13:33:00,2023-06-30 13:35:00,long,pm_mom,pm_mom_long,17699.25,17709.4375,17691.5,17714.75,trail,31.0,1.314516129032258,False,True
2023-07-03 10:34:00,2023-07-03 10:36:00,long,vwap_rev,vwap_rev_long,17688.0,17695.4375,17681.75,17712.25,trail,25.0,1.19,True,True
2023-07-03 10:42:00,2023-07-03 10:44:00,long,vwap_rev,vwap_rev_long,17673.5,17667.1875,17667.25,17709.0,stop,25.0,-1.01,False,False
2023-07-03 10:53:00,2023-07-03 10:57:00,long,ou_rev,ou_rev_long,17676.5,17676.4375,17666.75,17705.0,trail,39.0,-0.00641025641025641,True,True
2023-07-03 11:30:00,2023-07-03 11:32:00,long,ou_lunch,ou_lunch_long,17670.0,17669.9375,17662.25,17698.0,trail,31.0,-0.008064516129032258,True,True
2023-07-03 11:35:00,2023-07-03 11:38:00,long,ou_lunch,ou_lunch_long,17670.25,17659.1875,17659.25,17697.25,stop,44.0,-1.0056818181818181,False,False
2023-07-04 10:18:00,2023-07-04 10:20:00,long,or_rev,or_rev_long,17709.0,17706.4375,17706.5,17714.0,stop,10.0,-1.025,False,False
2023-07-04 10:29:00,2023-07-04 10:35:00,long,vwap_rev,vwap_rev_long,17699.75,17696.6875,17696.75,17710.0,stop,12.0,-1.0208333333333333,False,False
2023-07-05 10:09:00,2023-07-05 10:10:00,long,trend,trend_cont_long,17740.25,17724.9375,17725.0,17770.75,stop,61.0,-1.0040983606557377,False,False
2023-07-05 10:17:00,2023-07-05 10:26:00,long,trend,trend_cont_long,17751.75,17765.6875,17730.0,17795.25,trail,87.0,0.6408045977011494,True,True
2023-07-05 12:02:00,2023-07-05 12:04:00,long,pd_rev,pd_pdl_long,17690.5,17700.4375,17686.0,17726.0,trail,18.0,2.2083333333333335,True,True
2023-07-05 12:40:00,2023-07-05 12:42:00,long,vwap_scalp,vwap_scalp_long,17698.75,17706.6875,17690.75,17711.25,trail,32.0,0.9921875,True,True
2023-07-06 10:08:00,2023-07-06 10:10:00,long,vwap_scalp,vwap_scalp_long,17474.25,17480.4375,17469.25,17494.0,trail,20.0,1.2375,True,True
2023-07-06 11:16:00,2023-07-06 11:18:00,long,ou_rev,ou_rev_long,17469.0,17479.1875,17461.25,17503.75,trail,31.0,1.314516129032258,True,True
2023-07-07 10:36:00,2023-07-07 10:38:00,long,vwap_rev,vwap_rev_long,17537.5,17555.1875,17527.25,17583.75,trail,41.0,1.725609756097561,True,True
2023-07-10 10:04:00,2023-07-10 10:06:00,long,or_rev,or_rev_long,17487.25,17475.4375,17475.5,17535.0,stop,47.0,-1.0053191489361701,False,False
2023-07-10 11:34:00,2023-07-10 11:42:00,long,pd_rev,pd_pdl_long,17523.25,17511.4375,17511.5,17546.75,stop,47.0,-1.0053191489361701,False,False
2023-07-10 12:09:00,2023-07-10 12:11:00,long,vwap_rev,vwap_rev_long,17422.5,17422.4375,17418.25,17499.25,trail,17.0,-0.014705882352941176,True,True
2023-07-10 12:21:00,2023-07-10 12:24:00,long,vwap_scalp,vwap_scalp_long,17438.5,17454.1875,17428.75,17467.0,trail,39.0,1.608974358974359,True,True
2023-07-10 12:32:00,2023-07-10 12:35:00,long,vwap_scalp,vwap_scalp_long,17455.25,17464.4375,17449.0,17474.75,trail,25.0,1.47,True,True
2023-07-10 13:45:00,2023-07-10 13:47:00,long,pm_mom,pm_mom_long,17510.25,17510.1875,17504.25,17522.25,trail,24.0,-0.010416666666666666,True,True
2023-07-11 10:12:00,2023-07-11 10:13:00,long,ou_rev,ou_rev_long,17481.25,17472.4375,17472.5,17520.25,stop,35.0,-1.0071428571428571,False,False
2023-07-11 13:37:00,2023-07-11 13:41:00,long,pm_mom,pm_mom_long,17549.75,17549.6875,17543.75,17561.75,trail,24.0,-0.010416666666666666,True,True
2023-07-12 11:39:00,2023-07-12 11:41:00,short,trend,trend_cont_short,17770.0,17722.5625,17789.25,17731.5,trail,77.0,2.4642857142857144,True,True
2023-07-13 10:28:00,2023-07-13 10:30:00,long,vwap_scalp,vwap_scalp_long,17920.0,17919.9375,17915.75,17931.5,trail,17.0,-0.014705882352941176,True,True
2023-07-13 13:34:00,2023-07-13 13:37:00,long,pm_mom,pm_mom_long,18013.5,18013.4375,18008.25,18024.0,trail,21.0,-0.011904761904761904,True,True
2023-07-14 12:58:00,2023-07-14 13:00:00,long,ou_lunch,ou_lunch_long,18106.25,18114.4375,18102.75,18144.75,trail,14.0,2.3392857142857144,True,True
2023-07-17 13:32:00,2023-07-17 13:34:00,long,pm_mom,pm_mom_long,18144.0,18143.9375,18140.5,18151.0,trail,14.0,-0.017857142857142856,True,True
2023-07-18 10:07:00,2023-07-18 10:08:00,long,open_drive,open_drive_long,18123.75,18116.9375,18117.0,18137.25,stop,27.0,-1.0092592592592593,False,False
2023-07-18 11:56:00,2023-07-18 12:00:00,long,trend,trend_cont_long,18222.5,18231.6875,18212.75,18242.0,trail,39.0,0.9423076923076923,True,True
2023-07-18 13:33:00,2023-07-18 13:36:00,long,trend,trend_cont_long,18289.0,18288.9375,18281.5,18304.0,trail,30.0,-0.008333333333333333,True,True
2023-07-19 10:17:00,2023-07-19 10:19:00,long,vwap_scalp,vwap_scalp_long,18326.75,18340.6875,18318.75,18339.0,trail,32.0,1.7421875,False,True
2023-07-19 13:13:00,2023-07-19 13:16:00,long,vwap_rev,vwap_rev_long,18298.5,18298.4375,18291.0,18354.5,trail,30.0,-0.008333333333333333,True,True
2023-07-20 10:07:00,2023-07-20 10:09:00,long,or_rev,or_rev_long,18164.5,18150.4375,18150.5,18207.25,stop,56.0,-1.0044642857142858,False,False
2023-07-20 10:16:00,2023-07-20 10:20:00,short,trend,trend_cont_short,18153.75,18132.0625,18170.5,18120.25,trail,67.0,1.294776119402985,True,True
2023-07-20 10:24:00,2023-07-20 10:26:00,short,trend,trend_cont_short,18120.5,18104.8125,18140.5,18080.5,trail,80.0,0.784375,False,True
2023-07-20 10:29:00,2023-07-20 10:30:00,long,vwap_rev,vwap_rev_long,18100.5,18095.9375,18096.0,18185.25,stop,18.0,-1.0138888888888888,False,False
2023-07-20 13:31:00,2023-07-20 13:32:00,long,pm_mom,pm_mom_long,18055.5,18048.9375,18049.0,18068.5,stop,26.0,-1.0096153846153846,False,False
2023-07-21 10:18:00,2023-07-21 10:20:00,long,or_rev,or_rev_long,17995.0,17979.9375,17980.0,18033.5,stop,60.0,-1.0041666666666667,False,False
2023-07-21 10:31:00,2023-07-21 10:36:00,long,ou_rev,ou_rev_long,17912.75,17939.9375,17896.75,17987.5,trail,64.0,1.69921875,True,True
2023-07-21 10:44:00,2023-07-21 10:47:00,long,ou_rev,ou_rev_long,17928.0,17948.1875,17915.25,17979.5,trail,51.0,1.5833333333333333,False,True
2023-07-24 10:05:00,2023-07-24 10:07:00,long,or_rev,or_rev_long,17854.75,17869.9375,17848.75,17943.75,trail,24.0,2.53125,True,True
2023-07-25 10:57:00,2023-07-25 10:59:00,long,vwap_scalp,vwap_scalp_long,17954.5,17966.1875,17951.75,17967.25,trail,11.0,4.25,True,True
2023-07-26 11:03:00,2023-07-26 11:05:00,long,vwap_rev,vwap_rev_long,17868.75,17886.9375,17862.75,17944.5,trail,24.0,3.03125,True,True
2023-07-27 10:20:00,2023-07-27 10:22:00,short,trend,trend_cont_short,18192.5,18172.3125,18201.75,18174.0,trail,37.0,2.1824324324324325,True,True
2023-07-28 13:55:00,2023-07-28 13:58:00,long,pm_mom,pm_mom_long,18166.0,18180.6875,18156.25,18185.5,trail,39.0,1.5064102564102564,True,True
2023-07-31 10:02:00,2023-07-31 10:04:00,long,vwap_scalp,vwap_scalp_long,18166.0,18155.9375,18156.0,18187.25,stop,40.0,-1.00625,False,False
2023-07-31 10:15:00,2023-07-31 10:20:00,long,open_drive,open_drive_long,18208.0,18193.1875,18193.25,18237.5,stop,59.0,-1.0042372881355932,False,False
2023-07-31 11:34:00,2023-07-31 11:36:00,long,vwap_scalp,vwap_scalp_long,18178.0,18189.4375,18169.0,18190.75,trail,36.0,1.2708333333333333,True,True
2023-07-31 12:44:00,2023-07-31 12:46:00,long,ou_lunch,ou_lunch_long,18190.5,18190.4375,18186.0,18202.25,trail,18.0,-0.013888888888888888,True,True
2023-07-31 12:57:00,2023-07-31 12:58:00,long,ou_lunch,ou_lunch_long,18182.0,18175.4375,18175.5,18201.75,stop,26.0,-1.0096153846153846,False,False
2023-07-31 13:31:00,2023-07-31 13:34:00,long,ou_rev,ou_rev_long,18180.5,18188.9375,18174.5,18199.5,trail,24.0,1.40625,True,True
2023-07-31 14:24:00,2023-07-31 14:27:00,long,ou_rev,ou_rev_long,18179.25,18173.1875,18173.25,18198.5,stop,24.0,-1.0104166666666667,False,False
2023-08-01 10:20:00,2023-08-01 10:23:00,long,ou_rev,ou_rev_long,18090.25,18106.9375,18076.0,18128.5,trail,57.0,1.1710526315789473,False,True
2023-08-01 10:36:00,2023-08-01 10:38:00,long,pd_rev,pd_pdl_long,18149.0,18161.6875,18135.75,18175.5,trail,53.0,0.9575471698113207,True,True
2023-08-02 09:56:00,2023-08-02 09:58:00,long,ou_rev,ou_rev_long,17941.25,17961.6875,17929.25,17964.0,trail,48.0,1.703125,True,True
2023-08-02 10:14:00,2023-08-02 10:15:00,long,ou_rev,ou_rev_long,17893.0,17886.1875,17886.25,17952.25,stop,27.0,-1.0092592592592593,False,False
2023-08-02 10:20:00,2023-08-02 10:21:00,long,vwap_scalp,vwap_scalp_long,17893.75,17884.9375,17885.0,17919.5,stop,35.0,-1.0071428571428571,False,False
2023-08-02 10:25:00,2023-08-02 10:27:00,long,vwap_scalp,vwap_scalp_long,17903.0,17915.4375,17893.75,17922.75,trail,37.0,1.3445945945945945,False,True
2023-08-02 11:50:00,2023-08-02 11:51:00,long,ou_lunch,ou_lunch_long,17824.0,17814.6875,17814.75,17905.0,stop,37.0,-1.0067567567567568,False,False
2023-08-02 13:32:00,2023-08-02 13:33:00,long,pm_mom,pm_mom_long,17839.0,17850.0,17833.5,17850.0,target,22.0,2.0,False,False
2023-08-03 10:05:00,2023-08-03 10:07:00,short,or_rev,or_rev_short,17792.0,17771.5625,17806.0,17730.5,trail,56.0,1.4598214285714286,True,True
2023-08-03 10:45:00,2023-08-03 10:46:00,long,pd_rev,pd_pdl_long,17767.0,17755.1875,17755.25,17790.5,stop,47.0,-1.0053191489361701,False,False
2023-08-03 11:21:00,2023-08-03 11:23:00,short,vwap_rev,vwap_rev_short,17819.5,17810.3125,17827.5,17761.0,trail,32.0,1.1484375,True,True
2023-08-03 11:26:00,2023-08-03 11:27:00,short,vwap_scalp,vwap_scalp_short,17814.75,17820.0625,17820.0,17788.5,stop,21.0,-1.0119047619047619,False,False
2023-08-03 12:44:00,2023-08-03 12:46:00,short,ou_lunch,ou_lunch_short,17848.0,17854.5625,17854.5,17774.5,stop,26.0,-1.0096153846153846,False,False
2023-08-04 10:19:00,2023-08-04 10:21:00,long,or_rev,or_rev_long,17798.75,17823.1875,17784.75,17888.25,trail,56.0,1.7455357142857142,True,True
2023-08-04 13:33:00,2023-08-04 13:35:00,short,pm_mom,pm_mom_short,17897.25,17897.3125,17905.0,17881.75,trail,31.0,-0.008064516129032258,True,True
2023-08-07 09:53:00,2023-08-07 09:56:00,long,open_drive,open_drive_long,17769.0,17768.9375,17758.5,17790.0,trail,42.0,-0.005952380952380952,True,True
2023-08-07 10:03:00,2023-08-07 10:07:00,long,ou_rev,ou_rev_long,17721.25,17739.4375,17704.75,17761.5,trail,66.0,1.1022727272727273,True,True
2023-08-07 11:11:00,2023-08-07 11:14:00,long,vwap_scalp,vwap_scalp_long,17723.5,17733.9375,17711.0,17740.5,trail,50.0,0.835,True,True
2023-08-07 11:21:00,2023-08-07 11:24:00,long,vwap_rev,vwap_rev_long,17698.75,17717.1875,17687.25,17754.75,trail,46.0,1.6032608695652173,True,True
2023-08-08 10:00:00,2023-08-08 10:02:00,long,or_rev,or_rev_long,17642.25,17627.1875,17627.25,17707.75,stop,60.0,-1.0041666666666667,False,False
2023-08-08 10:53:00,2023-08-08 10:57:00,long,ou_rev,ou_rev_long,17607.75,17592.6875,17592.75,17644.0,stop,60.0,-1.0041666666666667,False,False
2023-08-08 10:59:00,2023-08-08 11:01:00,long,ou_rev,ou_rev_long,17583.5,17577.4375,17577.5,17641.0,stop,24.0,-1.0104166666666667,False,False
2023-08-08 11:04:00,2023-08-08 11:12:00,long,ou_rev,ou_rev_long,17583.75,17569.9375,17570.0,17638.25,stop,55.0,-1.0045454545454546,False,False
2023-08-08 11:25:00,2023-08-08 11:27:00,long,vwap_scalp,vwap_scalp_long,17599.0,17587.6875,17587.75,17616.0,stop,45.0,-1.0055555555555555,False,False
2023-08-08 11:33:00,2023-08-08 11:34:00,long,vwap_scalp,vwap_scalp_long,17607.25,17600.6875,17600.75,17619.5,stop,26.0,-1.0096153846153846,False,False
2023-08-08 11:56:00,2023-08-08 11:59:00,long,ou_lunch,ou_lunch_long,17581.75,17581.6875,17577.75,17627.5,trail,16.0,-0.015625,True,True
2023-08-08 12:01:00,2023-08-08 12:04:00,long,ou_lunch,ou_lunch_long,17588.25,17600.6875,17576.25,17627.0,trail,48.0,1.0364583333333333,True,True
2023-08-08 13:33:00,2023-08-08 13:35:00,long,pm_mom,pm_mom_long,17642.0,17635.9375,17636.0,17654.0,trail,24.0,-1.0104166666666667,False,True
2023-08-09 10:04:00,2023-08-09 10:06:00,long,or_rev,or_rev_long,17637.5,17645.4375,17633.0,17680.5,trail,18.0,1.7638888888888888,True,True
2023-08-09 10:29:00,2023-08-09 10:31:00,long,vwap_scalp,vwap_scalp_long,17624.25,17638.9375,17619.0,17637.0,trail,21.0,2.7976190476190474,True,True
2023-08-10 09:50:00,2023-08-10 09:52:00,short,ou_rev,ou_rev_short,17725.5,17725.5625,17734.75,17681.75,trail,37.0,-0.006756756756756757,True,True
2023-08-10 09:56:00,2023-08-10 09:59:00,short,ou_rev,ou_rev_short,17739.25,17750.5625,17750.5,17691.5,stop,45.0,-1.0055555555555555,False,False
2023-08-10 10:04:00,2023-08-10 10:10:00,short,ou_rev,ou_rev_short,17777.75,17777.8125,17791.0,17709.0,trail,53.0,-0.0047169811320754715,True,True
2023-08-10 10:14:00,2023-08-10 10:16:00,short,vwap_scalp,vwap_scalp_short,17767.0,17767.0625,17773.5,17743.75,trail,26.0,-0.009615384615384616,True,True
2023-08-10 10:41:00,2023-08-10 10:43:00,short,pd_rev,pd_pdh_short,17712.0,17692.3125,17724.25,17687.5,trail,49.0,1.6071428571428572,True,True
2023-08-10 11:49:00,2023-08-10 11:51:00,long,vwap_rev,vwap_rev_long,17597.25,17597.1875,17590.25,17697.25,trail,28.0,-0.008928571428571428,True,True
2023-08-10 11:57:00,2023-08-10 11:59:00,long,vwap_rev,vwap_rev_long,17568.75,17590.1875,17559.75,17691.0,trail,36.0,2.3819444444444446,True,True
2023-08-11 10:18:00,2023-08-11 10:20:00,short,or_rev,or_rev_short,17492.75,17480.8125,17505.5,17435.25,trail,51.0,0.9362745098039216,True,True
2023-08-11 10:23:00,2023-08-11 10:25:00,short,ou_rev,ou_rev_short,17504.5,17504.5625,17513.75,17446.5,trail,37.0,-0.006756756756756757,True,True
2023-08-11 10:30:00,2023-08-11 10:32:00,short,vwap_scalp,vwap_scalp_short,17495.25,17488.5625,17505.0,17473.5,trail,39.0,0.6858974358974359,False,True
2023-08-11 10:45:00,2023-08-11 10:47:00,long,pd_rev,pd_pdl_long,17485.25,17485.1875,17479.25,17497.25,trail,24.0,-0.010416666666666666,True,True
2023-08-11 11:25:00,2023-08-11 11:26:00,long,vwap_scalp,vwap_scalp_long,17413.75,17406.4375,17406.5,17433.75,stop,29.0,-1.0086206896551724,False,False
2023-08-11 13:30:00,2023-08-11 13:31:00,long,pm_mom,pm_mom_long,17451.5,17447.9375,17448.0,17458.5,stop,14.0,-1.0178571428571428,False,False
2023-08-14 10:06:00,2023-08-14 10:07:00,short,or_rev,or_rev_short,17471.5,17480.3125,17480.25,17420.0,stop,35.0,-1.0071428571428571,False,False
2023-08-14 10:18:00,2023-08-14 10:20:00,short,vwap_scalp,vwap_scalp_short,17501.75,17493.8125,17510.0,17475.0,trail,33.0,0.9621212121212122,True,True
2023-08-14 10:27:00,2023-08-14 10:30:00,short,ou_rev,ou_rev_short,17509.0,17486.3125,17521.75,17453.25,trail,51.0,1.7794117647058822,True,True
2023-08-14 10:40:00,2023-08-14 10:42:00,short,vwap_rev,vwap_rev_short,17548.25,17548.3125,17556.0,17464.75,trail,31.0,-0.008064516129032258,True,True
2023-08-14 13:23:00,2023-08-14 13:26:00,short,ou_lunch,ou_lunch_short,17587.5,17572.8125,17594.75,17515.25,trail,29.0,2.0258620689655173,True,True
2023-08-15 10:03:00,2023-08-15 10:05:00,long,ou_rev,ou_rev_long,17519.0,17518.9375,17505.75,17559.75,trail,53.0,-0.0047169811320754715,True,True
2023-08-15 10:08:00,2023-08-15 10:10:00,long,vwap_rev,vwap_rev_long,17483.5,17474.6875,17474.75,17550.0,stop,35.0,-1.0071428571428571,False,False
2023-08-15 10:14:00,2023-08-15 10:16:00,long,vwap_scalp,vwap_scalp_long,17486.0,17485.9375,17479.5,17514.5,trail,26.0,-0.009615384615384616,True,True
2023-08-15 10:28:00,2023-08-15 10:30:00,long,vwap_scalp,vwap_scalp_long,17480.0,17488.4375,17468.0,17506.75,trail,48.0,0.703125,True,True
2023-08-15 13:32:00,2023-08-15 13:34:00,short,pm_mom,pm_mom_short,17514.75,17505.3125,17519.75,17504.75,trail,20.0,1.8875,False,True
2023-08-16 10:14:00,2023-08-16 10:16:00,short,or_rev,or_rev_short,17466.25,17466.3125,17471.25,17428.0,trail,20.0,-0.0125,True,True
2023-08-16 10:21:00,2023-08-16 10:23:00,short,vwap_scalp,vwap_scalp_short,17481.75,17481.8125,17492.75,17463.5,trail,44.0,-0.005681818181818182,True,True
2023-08-16 11:04:00,2023-08-16 11:05:00,short,ou_rev,ou_rev_short,17470.75,17476.3125,17476.25,17451.0,stop,22.0,-1.0113636363636365,False,False
2023-08-16 14:05:00,2023-08-16 14:06:00,short,pm_mom,pm_mom_short,17365.5,17373.3125,17373.25,17350.0,stop,31.0,-1.0080645161290323,False,False
2023-08-17 12:56:00,2023-08-17 12:58:00,short,ou_lunch,ou_lunch_short,17293.25,17293.3125,17297.25,17259.75,trail,16.0,-0.015625,True,True
2023-08-17 13:01:00,2023-08-17 13:03:00,short,ou_lunch,ou_lunch_short,17297.0,17288.0625,17306.25,17260.5,trail,37.0,0.9662162162162162,True,True
2023-08-17 13:30:00,2023-08-17 13:31:00,short,pm_mom,pm_mom_short,17253.25,17243.25,17258.25,17243.25,target,20.0,2.0,False,False
2023-08-18 10:39:00,2023-08-18 10:41:00,short,vwap_rev,vwap_rev_short,17034.5,17044.0625,17044.0,17001.0,stop,38.0,-1.006578947368421,False,False
2023-08-18 10:45:00,2023-08-18 10:47:00,short,vwap_scalp,vwap_scalp_short,17041.75,17023.3125,17045.75,17022.25,trail,16.0,4.609375,True,True
2023-08-21 10:01:00,2023-08-21 10:04:00,short,or_rev,or_rev_short,17258.25,17258.3125,17267.25,17194.5,trail,36.0,-0.006944444444444444,True,True
2023-08-21 11:44:00,2023-08-21 11:46:00,short,pd_rev,pd_pdh_short,17150.75,17137.0625,17160.5,17131.25,trail,39.0,1.4038461538461537,True,True
2023-08-21 13:30:00,2023-08-21 13:32:00,short,vwap_rev,vwap_rev_short,17280.75,17280.8125,17286.0,17208.5,trail,21.0,-0.011904761904761904,True,True
2023-08-22 10:28:00,2023-08-22 10:32:00,short,pd_rev,pd_pdh_short,17358.75,17335.5625,17371.75,17332.75,trail,52.0,1.7836538461538463,False,True
2023-08-22 13:40:00,2023-08-22 13:42:00,short,pm_mom,pm_mom_short,17298.0,17298.0625,17305.5,17283.0,trail,30.0,-0.008333333333333333,True,True
2023-08-23 10:01:00,2023-08-23 10:03:00,short,pd_rev,pd_pdh_short,17440.25,17430.5625,17450.75,17394.25,trail,42.0,0.9226190476190477,True,True
2023-08-23 10:12:00,2023-08-23 10:13:00,short,vwap_scalp,vwap_scalp_short,17462.0,17466.8125,17466.75,17434.25,stop,19.0,-1.013157894736842,False,False
2023-08-23 11:33:00,2023-08-23 11:35:00,short,ou_lunch,ou_lunch_short,17538.5,17530.3125,17545.25,17457.0,trail,27.0,1.212962962962963,True,True
2023-08-23 14:07:00,2023-08-23 14:09:00,short,pm_mom,pm_mom_short,17576.5,17570.0625,17580.5,17568.5,trail,16.0,1.609375,True,True
2023-08-24 10:12:00,2023-08-24 10:14:00,long,or_rev,or_rev_long,17502.75,17502.6875,17489.75,17625.0,trail,52.0,-0.004807692307692308,True,True
2023-08-24 11:32:00,2023-08-24 11:33:00,long,pd_rev,pd_pdl_long,17350.0,17344.9375,17345.0,17489.5,stop,20.0,-1.0125,False,False
2023-08-24 11:47:00,2023-08-24 11:48:00,long,ou_lunch,ou_lunch_long,17328.75,17318.6875,17318.75,17478.75,stop,40.0,-1.00625,False,False
2023-08-24 11:54:00,2023-08-24 11:57:00,long,ou_lunch,ou_lunch_long,17302.0,17314.1875,17291.25,17472.5,trail,43.0,1.1337209302325582,True,True
2023-08-24 12:26:00,2023-08-24 12:29:00,long,vwap_scalp,vwap_scalp_long,17355.25,17346.9375,17347.0,17406.75,trail,33.0,-1.0075757575757576,False,True
2023-08-24 13:42:00,2023-08-24 13:45:00,long,pm_mom,pm_mom_long,17334.5,17325.9375,17326.0,17351.5,stop,34.0,-1.0073529411764706,False,False
2023-08-24 14:25:00,2023-08-24 14:26:00,long,ou_rev,ou_rev_long,17331.0,17324.9375,17325.0,17432.5,stop,24.0,-1.0104166666666667,False,False
2023-08-25 10:18:00,2023-08-25 10:20:00,short,ou_rev,ou_rev_short,17372.5,17301.3125,17397.5,17291.75,trail,100.0,2.8475,True,True
2023-08-28 10:15:00,2023-08-28 10:16:00,short,pd_rev,pd_pdh_short,17393.75,17406.3125,17406.25,17368.75,stop,50.0,-1.005,False,False
2023-08-28 10:29:00,2023-08-28 10:32:00,short,vwap_scalp,vwap_scalp_short,17437.25,17424.8125,17443.5,17425.25,trail,25.0,1.99,True,True
2023-08-28 13:40:00,2023-08-28 13:45:00,short,pm_mom,pm_mom_short,17414.5,17401.0625,17423.5,17396.5,trail,36.0,1.4930555555555556,True,True
2023-08-29 10:04:00,2023-08-29 10:05:00,short,vwap_scalp,vwap_scalp_short,17559.5,17568.3125,17568.25,17525.75,stop,35.0,-1.0071428571428571,False,False
2023-08-29 12:34:00,2023-08-29 12:35:00,short,ou_lunch,ou_lunch_short,17730.25,17733.0625,17733.0,17609.75,stop,11.0,-1.0227272727272727,False,False
2023-08-29 13:55:00,2023-08-29 13:56:00,short,pm_mom,pm_mom_short,17724.0,17713.5,17729.25,17713.5,target,21.0,2.0,False,False
2023-08-30 10:55:00,2023-08-30 10:59:00,long,trend,trend_cont_long,17805.25,17823.1875,17792.0,17831.75,trail,53.0,1.3537735849056605,True,True
2023-08-30 11:47:00,2023-08-30 11:50:00,long,trend,trend_cont_long,17839.25,17832.1875,17832.25,17853.25,stop,28.0,-1.0089285714285714,False,False
2023-08-30 13:32:00,2023-08-30 13:36:00,long,pm_mom,pm_mom_long,17858.5,17862.6875,17850.5,17874.5,trail,32.0,0.5234375,False,True
2023-08-31 12:20:00,2023-08-31 12:22:00,long,ou_lunch,ou_lunch_long,17892.0,17897.4375,17885.5,17906.5,trail,26.0,0.8365384615384616,True,True
2023-08-31 12:25:00,2023-08-31 12:27:00,long,ou_lunch,ou_lunch_long,17871.5,17882.1875,17865.25,17905.5,trail,25.0,1.71,True,True
2023-09-01 10:09:00,2023-09-01 10:11:00,long,open_drive,open_drive_long,17910.75,17928.9375,17897.25,17937.75,trail,54.0,1.3472222222222223,True,True
2023-09-01 10:50:00,2023-09-01 10:52:00,long,vwap_scalp,vwap_scalp_long,17861.5,17874.4375,17853.25,17884.5,trail,33.0,1.5681818181818181,True,True
2023-09-04 09:43:00,2023-09-04 10:01:00,long,open_drive,open_drive_long,17916.5,17926.9375,17901.75,17946.0,trail,59.0,0.7076271186440678,True,True
2023-09-04 10:22:00,2023-09-04 10:24:00,long,or_rev,or_rev_long,17902.0,17905.4375,17897.25,17913.0,trail,19.0,0.7236842105263158,True,True
2023-09-04 10:34:00,2023-09-04 10:36:00,long,vwap_rev,vwap_rev_long,17890.0,17886.1875,17886.25,17911.0,stop,15.0,-1.0166666666666666,False,False
2023-09-04 10:39:00,2023-09-04 10:45:00,long,vwap_rev,vwap_rev_long,17887.25,17890.4375,17883.75,17909.5,trail,14.0,0.9107142857142857,False,True
2023-09-05 11:41:00,2023-09-05 11:42:00,long,pd_rev,pd_pdl_long,17862.5,17855.1875,17855.25,17877.0,stop,29.0,-1.0086206896551724,False,False
2023-09-05 11:47:00,2023-09-05 11:48:00,short,trend,trend_cont_short,17856.5,17866.8125,17866.75,17836.0,stop,41.0,-1.0060975609756098,False,False
2023-09-05 13:30:00,2023-09-05 13:32:00,short,trend,trend_cont_short,17877.5,17877.5625,17884.5,17863.5,trail,28.0,-0.008928571428571428,True,True
2023-09-05 13:38:00,2023-09-05 13:40:00,long,pm_mom,pm_mom_long,17886.5,17891.1875,17881.75,17896.0,trail,19.0,0.9868421052631579,True,True
2023-09-06 10:04:00,2023-09-06 10:05:00,long,or_rev,or_rev_long,17779.0,17764.9375,17765.0,17830.5,stop,56.0,-1.0044642857142858,False,False
2023-09-06 10:25:00,2023-09-06 10:30:00,short,trend,trend_cont_short,17752.75,17734.5625,17769.25,17719.75,trail,66.0,1.1022727272727273,True,True
2023-09-06 10:30:00,2023-09-06 10:36:00,short,trend,trend_cont_short,17734.75,17758.3125,17758.25,17687.75,stop,94.0,-1.002659574468085,False,False
2023-09-06 13:39:00,2023-09-06 13:41:00,long,vwap_scalp,vwap_scalp_long,17706.25,17706.1875,17701.25,17728.0,trail,20.0,-0.0125,True,True
2023-09-06 14:08:00,2023-09-06 14:10:00,long,ou_rev,ou_rev_long,17701.5,17717.4375,17697.5,17747.0,trail,16.0,3.984375,True,True
2023-09-07 11:52:00,2023-09-07 11:56:00,short,trend,trend_cont_short,17563.75,17550.5625,17577.0,17537.25,trail,53.0,0.9952830188679245,True,True
2023-09-07 11:59:00,2023-09-07 12:01:00,short,trend,trend_cont_short,17548.0,17562.3125,17562.25,17519.5,stop,57.0,-1.0043859649122806,False,False
2023-09-07 13:32:00,2023-09-07 13:34:00,long,trend,trend_cont_long,17623.0,17614.6875,17614.75,17639.5,stop,33.0,-1.0075757575757576,False,False
2023-09-08 10:08:00,2023-09-08 10:10:00,short,or_rev,or_rev_short,17721.0,17685.3125,17731.25,17662.0,trail,41.0,3.481707317073171,True,True
2023-09-11 10:09:00,2023-09-11 10:12:00,long,or_rev,or_rev_long,17718.75,17731.1875,17708.25,17761.5,trail,42.0,1.1845238095238095,True,True
2023-09-11 10:18:00,2023-09-11 10:20:00,long,vwap_scalp,vwap_scalp_long,17693.0,17705.4375,17687.75,17716.0,trail,21.0,2.369047619047619,True,True
2023-09-12 10:29:00,2023-09-12 10:31:00,long,vwap_rev,vwap_rev_long,17737.0,17730.6875,17730.75,17775.75,stop,25.0,-1.01,False,False
2023-09-12 10:35:00,2023-09-12 10:37:00,short,trend,trend_cont_short,17740.75,17732.3125,17748.0,17717.25,trail,29.0,1.1637931034482758,True,True
2023-09-12 10:42:00,2023-09-12 10:45:00,short,trend,trend_cont_short,17723.5,17723.5625,17733.5,17703.5,trail,40.0,-0.00625,True,True
2023-09-12 13:31:00,2023-09-12 13:37:00,long,pm_mom,pm_mom_long,17758.75,17751.4375,17751.5,17773.25,stop,29.0,-1.0086206896551724,False,False
2023-09-12 13:58:00,2023-09-12 14:00:00,long,pd_rev,pd_pdl_long,17689.25,17698.4375,17680.5,17737.25,trail,35.0,1.05,True,True
2023-09-13 10:08:00,2023-09-13 10:10:00,long,ou_rev,ou_rev_long,17632.5,17647.1875,17624.5,17682.25,trail,32.0,1.8359375,True,True
2023-09-13 12:39:00,2023-09-13 12:41:00,short,ou_lunch,ou_lunch_short,17730.75,17721.0625,17737.5,17693.5,trail,27.0,1.4351851851851851,True,True
2023-09-14 10:03:00,2023-09-14 10:05:00,long,or_rev,or_rev_long,17720.0,17707.6875,17707.75,17761.5,stop,49.0,-1.0051020408163265,False,False
2023-09-14 10:21:00,2023-09-14 10:23:00,long,ou_rev,ou_rev_long,17694.25,17719.4375,17681.5,17733.5,trail,51.0,1.9754901960784315,True,True
2023-09-14 11:01:00,2023-09-14 11:03:00,long,trend,trend_cont_long,17810.5,17822.6875,17802.5,17826.5,trail,32.0,1.5234375,True,True
2023-09-15 10:03:00,2023-09-15 10:05:00,long,or_rev,or_rev_long,17661.0,17660.9375,17649.25,17725.75,trail,47.0,-0.005319148936170213,True,True
2023-09-15 10:14:00,2023-09-15 10:16:00,long,ou_rev,ou_rev_long,17640.25,17628.9375,17629.0,17692.75,stop,45.0,-1.0055555555555555,False,False
2023-09-15 10:21:00,2023-09-15 10:23:00,long,ou_rev,ou_rev_long,17647.25,17661.4375,17641.25,17687.5,trail,24.0,2.3645833333333335,True,True
2023-09-15 11:11:00,2023-09-15 11:14:00,long,vwap_scalp,vwap_scalp_long,17596.5,17585.1875,17585.25,17629.0,stop,45.0,-1.0055555555555555,False,False
2023-09-15 11:17:00,2023-09-15 11:18:00,long,vwap_scalp,vwap_scalp_long,17586.25,17580.6875,17580.75,17623.0,stop,22.0,-1.0113636363636365,False,False
2023-09-15 11:30:00,2023-09-15 11:31:00,long,ou_lunch,ou_lunch_long,17581.25,17574.9375,17575.0,17654.5,stop,25.0,-1.01,False,False
2023-09-15 11:47:00,2023-09-15 11:49:00,long,ou_lunch,ou_lunch_long,17584.5,17591.6875,17578.5,17648.75,trail,24.0,1.1979166666666667,True,True
2023-09-15 12:42:00,2023-09-15 12:45:00,long,vwap_scalp,vwap_scalp_long,17612.0,17601.9375,17602.0,17625.75,stop,40.0,-1.00625,False,False
2023-09-15 13:44:00,2023-09-15 13:49:00,long,pm_mom,pm_mom_long,17551.25,17542.4375,17542.5,17568.75,stop,35.0,-1.0071428571428571,False,False
2023-09-18 10:19:00,2023-09-18 10:21:00,short,vwap_scalp,vwap_scalp_short,17583.0,17576.3125,17587.5,17568.25,trail,18.0,1.4861111111111112,True,True
2023-09-18 11:34:00,2023-09-18 11:36:00,short,or_rev,or_rev_short,17587.5,17582.8125,17595.5,17540.0,trail,32.0,0.5859375,False,True
2023-09-19 14:15:00,2023-09-19 14:17:00,short,pm_mom,pm_mom_short,17518.0,17518.0625,17524.25,17505.5,trail,25.0,-0.01,True,True
2023-09-20 13:30:00,2023-09-20 13:32:00,short,pm_mom,pm_mom_short,17519.0,17515.8125,17523.25,17510.5,trail,17.0,0.75,True,True
2023-09-21 13:53:00,2023-09-21 13:58:00,short,pm_mom,pm_mom_short,17131.5,17131.5625,17141.5,17111.5,trail,40.0,-0.00625,True,True
2023-09-22 10:08:00,2023-09-22 10:10:00,short,vwap_rev,vwap_rev_short,17107.25,17089.5625,17115.5,17076.5,trail,33.0,2.143939393939394,True,True
2023-09-25 11:14:00,2023-09-25 11:16:00,short,vwap_scalp,vwap_scalp_short,17027.25,17036.8125,17036.75,17012.75,stop,38.0,-1.006578947368421,False,False
2023-09-25 11:28:00,2023-09-25 11:30:00,short,vwap_rev,vwap_rev_short,17060.25,17045.5625,17067.5,17004.25,trail,29.0,2.0258620689655173,True,True
2023-09-25 13:32:00,2023-09-25 13:34:00,short,pm_mom,pm_mom_short,17032.0,17032.0625,17037.0,17022.0,trail,20.0,-0.0125,True,True
2023-09-26 13:30:00,2023-09-26 13:32:00,short,pm_mom,pm_mom_short,16890.75,16898.0625,16898.0,16876.25,trail,29.0,-1.0086206896551724,False,True
2023-09-27 10:18:00,2023-09-27 10:20:00,short,trend,trend_cont_short,16861.75,16871.3125,16871.25,16842.75,stop,38.0,-1.006578947368421,False,False
2023-09-27 11:48:00,2023-09-27 12:03:00,short,trend,trend_cont_short,16828.0,16811.5625,16846.25,16791.5,trail,73.0,0.9006849315068494,False,True
2023-09-27 13:43:00,2023-09-27 13:44:00,short,pm_mom,pm_mom_short,16740.0,16746.8125,16746.75,16726.5,stop,27.0,-1.0092592592592593,False,False
2023-09-28 10:04:00,2023-09-28 10:05:00,short,vwap_rev,vwap_rev_short,16917.0,16922.0625,16922.0,16853.25,stop,20.0,-1.0125,False,False
2023-09-28 11:29:00,2023-09-28 11:30:00,short,pd_rev,pd_pdh_short,16970.0,16975.0625,16975.0,16886.0,stop,20.0,-1.0125,False,False
2023-09-28 13:32:00,2023-09-28 13:34:00,short,pm_mom,pm_mom_short,17014.25,17003.0625,17022.75,16997.25,trail,34.0,1.3161764705882353,True,True
2023-09-28 13:38:00,2023-09-28 13:40:00,short,trend,trend_cont_short,17009.5,17004.3125,17015.5,16997.5,trail,24.0,0.8645833333333334,True,True
2023-09-29 10:04:00,2023-09-29 10:07:00,short,ou_rev,ou_rev_short,17200.25,17177.5625,17212.25,17162.0,trail,48.0,1.890625,True,True
2023-09-29 12:09:00,2023-09-29 12:11:00,short,pd_rev,pd_pdh_short,17097.5,17086.5625,17103.0,17086.5,trail,22.0,1.9886363636363635,True,True
2023-10-02 10:05:00,2023-10-02 10:07:00,short,or_rev,or_rev_short,17133.5,17116.8125,17143.75,17053.0,trail,41.0,1.6280487804878048,True,True
2023-10-02 11:07:00,2023-10-02 11:08:00,short,vwap_scalp,vwap_scalp_short,17110.5,17118.0625,17118.0,17099.75,stop,30.0,-1.0083333333333333,False,False
2023-10-02 11:17:00,2023-10-02 11:19:00,short,ou_rev,ou_rev_short,17154.0,17136.3125,17158.75,17092.0,trail,19.0,3.723684210526316,True,True
2023-10-03 10:00:00,2023-10-03 10:01:00,short,or_rev,or_rev_short,17101.0,17050.0,17109.5,17050.0,target,34.0,6.0,False,False
2023-10-04 10:39:00,2023-10-04 10:41:00,short,vwap_scalp,vwap_scalp_short,16973.5,16973.5625,16979.0,16955.5,trail,22.0,-0.011363636363636364,True,True
2023-10-04 11:28:00,2023-10-04 11:30:00,short,or_rev,or_rev_short,16987.0,16987.0625,16996.5,16942.75,trail,38.0,-0.006578947368421052,True,True
2023-10-04 11:39:00,2023-10-04 11:42:00,short,vwap_rev,vwap_rev_short,17004.25,16980.0625,17012.5,16947.0,trail,33.0,2.9318181818181817,True,True
2023-10-05 10:16:00,2023-10-05 10:19:00,short,trend,trend_cont_short,16924.5,16939.3125,16939.25,16895.0,stop,59.0,-1.0042372881355932,False,False
2023-10-05 10:47:00,2023-10-05 10:49:00,short,trend,trend_cont_short,16886.75,16877.8125,16896.0,16868.25,trail,37.0,0.9662162162162162,False,True
2023-10-05 13:40:00,2023-10-05 13:41:00,short,vwap_scalp,vwap_scalp_short,16993.25,16996.0625,16996.0,16970.0,stop,11.0,-1.0227272727272727,False,False
2023-10-05 13:48:00,2023-10-05 13:50:00,short,vwap_scalp,vwap_scalp_short,16998.75,17006.8125,17006.75,16973.25,stop,32.0,-1.0078125,False,False
2023-10-05 13:54:00,2023-10-05 13:57:00,short,vwap_scalp,vwap_scalp_short,17002.5,17002.5625,17013.5,16975.5,trail,44.0,-0.005681818181818182,True,True
2023-10-05 14:25:00,2023-10-05 14:26:00,short,pm_mom,pm_mom_short,17012.25,17005.25,17015.75,17005.25,target,14.0,2.0,False,False
2023-10-06 10:28:00,2023-10-06 10:30:00,short,vwap_rev,vwap_rev_short,16984.25,16984.3125,16993.0,16913.25,trail,35.0,-0.007142857142857143,True,True
2023-10-06 10:54:00,2023-10-06 10:56:00,short,vwap_scalp,vwap_scalp_short,17030.75,17018.8125,17040.25,16986.25,trail,38.0,1.256578947368421,True,True
2023-10-06 13:44:00,2023-10-06 13:45:00,short,pm_mom,pm_mom_short,17234.25,17224.75,17239.0,17224.75,target,19.0,2.0,False,False
2023-10-09 09:51:00,2023-10-09 09:55:00,short,ou_rev,ou_rev_short,17200.75,17200.8125,17214.0,17151.25,trail,53.0,-0.0047169811320754715,True,True
2023-10-09 10:17:00,2023-10-09 10:19:00,short,or_rev,or_rev_short,17186.25,17195.3125,17195.25,17140.5,trail,36.0,-1.0069444444444444,False,True
2023-10-09 12:23:00,2023-10-09 12:26:00,short,vwap_rev,vwap_rev_short,17240.0,17224.0625,17247.0,17169.0,trail,28.0,2.2767857142857144,True,True
2023-10-09 13:31:00,2023-10-09 13:32:00,long,pm_mom,pm_mom_long,17259.75,17269.75,17254.75,17269.75,target,20.0,2.0,False,False
2023-10-10 09:53:00,2023-10-10 09:55:00,short,pd_rev,pd_pdh_short,17363.0,17375.0625,17375.0,17339.0,stop,48.0,-1.0052083333333333,False,False
2023-10-10 10:23:00,2023-10-10 10:24:00,short,ou_rev,ou_rev_short,17417.75,17425.0625,17425.0,17379.25,stop,29.0,-1.0086206896551724,False,False
2023-10-10 11:34:00,2023-10-10 11:35:00,short,ou_lunch,ou_lunch_short,17510.0,17514.5625,17514.5,17424.5,stop,18.0,-1.0138888888888888,False,False
2023-10-10 13:35:00,2023-10-10 13:36:00,short,pm_mom,pm_mom_short,17430.75,17437.3125,17437.25,17417.75,stop,26.0,-1.0096153846153846,False,False
2023-10-11 10:02:00,2023-10-11 10:04:00,long,vwap_scalp,vwap_scalp_long,17469.5,17458.4375,17458.5,17485.75,stop,44.0,-1.0056818181818181,False,False
2023-10-11 10:09:00,2023-10-11 10:11:00,long,vwap_scalp,vwap_scalp_long,17467.0,17479.9375,17458.75,17482.5,trail,33.0,1.5681818181818181,True,True
2023-10-11 10:16:00,2023-10-11 10:18:00,long,vwap_scalp,vwap_scalp_long,17461.0,17469.9375,17451.25,17478.0,trail,39.0,0.9166666666666666,True,True
2023-10-11 10:47:00,2023-10-11 10:48:00,long,ou_rev,ou_rev_long,17467.0,17461.1875,17461.25,17489.0,stop,23.0,-1.0108695652173914,False,False
2023-10-11 11:33:00,2023-10-11 11:39:00,short,trend,trend_cont_short,17469.25,17458.3125,17476.75,17454.25,trail,30.0,1.4583333333333333,True,True
2023-10-11 12:17:00,2023-10-11 12:18:00,long,vwap_rev,vwap_rev_long,17440.5,17435.6875,17435.75,17486.5,stop,19.0,-1.013157894736842,False,False
2023-10-11 13:29:00,2023-10-11 13:31:00,long,ou_lunch,ou_lunch_long,17435.75,17435.6875,17432.25,17477.75,trail,14.0,-0.017857142857142856,True,True
2023-10-11 13:53:00,2023-10-11 13:58:00,long,pm_mom,pm_mom_long,17426.25,17436.6875,17418.0,17442.75,trail,33.0,1.2651515151515151,True,True
2023-10-12 09:54:00,2023-10-12 09:55:00,long,open_drive,open_drive_long,17539.0,17528.1875,17528.25,17560.5,stop,43.0,-1.005813953488372,False,False
2023-10-12 10:01:00,2023-10-12 10:03:00,long,open_drive,open_drive_long,17541.0,17528.1875,17528.25,17566.5,stop,51.0,-1.0049019607843137,False,False
2023-10-12 13:19:00,2023-10-12 13:21:00,long,vwap_rev,vwap_rev_long,17473.5,17485.9375,17462.0,17564.5,trail,46.0,1.0815217391304348,True,True
2023-10-12 13:30:00,2023-10-12 13:32:00,short,trend,trend_cont_short,17461.0,17461.0625,17469.0,17445.0,trail,32.0,-0.0078125,True,True
2023-10-12 13:35:00,2023-10-12 13:42:00,short,trend,trend_cont_short,17455.5,17442.0625,17474.25,17418.0,trail,75.0,0.7166666666666667,False,True
2023-10-12 14:23:00,2023-10-12 14:25:00,long,pm_mom,pm_mom_long,17404.0,17414.4375,17395.0,17422.0,trail,36.0,1.1597222222222223,False,True
2023-10-13 09:44:00,2023-10-13 09:45:00,long,open_drive,open_drive_long,17494.25,17479.4375,17479.5,17523.75,stop,59.0,-1.0042372881355932,False,False
2023-10-13 09:53:00,2023-10-13 09:57:00,long,open_drive,open_drive_long,17489.0,17511.4375,17479.5,17508.0,trail,38.0,2.361842105263158,True,True
2023-10-13 10:13:00,2023-10-13 10:14:00,long,or_rev,or_rev_long,17450.5,17440.6875,17440.75,17485.5,stop,39.0,-1.0064102564102564,False,False
2023-10-13 10:30:00,2023-10-13 10:31:00,long,ou_rev,ou_rev_long,17428.75,17423.9375,17424.0,17469.5,stop,19.0,-1.013157894736842,False,False
2023-10-13 10:41:00,2023-10-13 10:46:00,long,ou_rev,ou_rev_long,17424.25,17424.1875,17410.75,17464.5,trail,54.0,-0.004629629629629629,True,True
2023-10-13 10:50:00,2023-10-13 10:51:00,long,vwap_rev,vwap_rev_long,17405.0,17399.6875,17399.75,17461.25,stop,21.0,-1.0119047619047619,False,False
2023-10-13 11:30:00,2023-10-13 11:31:00,long,ou_lunch,ou_lunch_long,17310.25,17298.9375,17299.0,17423.0,stop,45.0,-1.0055555555555555,False,False
2023-10-13 11:36:00,2023-10-13 11:37:00,long,ou_lunch,ou_lunch_long,17319.25,17313.4375,17313.5,17418.5,stop,23.0,-1.0108695652173914,False,False
2023-10-13 13:44:00,2023-10-13 13:45:00,long,pm_mom,pm_mom_long,17269.5,17261.1875,17261.25,17285.75,stop,32.52557541351416,-1.0075757575757576,False,False
2023-10-16 10:26:00,2023-10-16 10:27:00,short,ou_rev,ou_rev_short,17432.5,17436.0625,17436.0,17378.0,stop,14.0,-1.0178571428571428,False,False
2023-10-16 12:33:00,2023-10-16 12:36:00,short,ou_lunch,ou_lunch_short,17431.0,17419.8125,17440.5,17411.25,trail,38.0,1.1776315789473684,True,True
2023-10-16 14:23:00,2023-10-16 14:25:00,short,pm_mom,pm_mom_short,17454.75,17454.8125,17463.25,17437.75,trail,34.0,-0.007352941176470588,True,True
2023-10-17 10:03:00,2023-10-17 10:04:00,long,or_rev,or_rev_long,17239.75,17232.6875,17232.75,17274.5,stop,28.0,-1.0089285714285714,False,False
2023-10-17 10:22:00,2023-10-17 10:24:00,long,pd_rev,pd_pdl_long,17322.0,17355.1875,17311.0,17344.0,trail,44.0,3.0170454545454546,True,True
2023-10-18 10:39:00,2023-10-18 10:41:00,long,vwap_scalp,vwap_scalp_long,17264.5,17264.4375,17255.0,17287.25,trail,38.0,-0.006578947368421052,True,True
2023-10-18 10:56:00,2023-10-18 10:57:00,long,vwap_rev,vwap_rev_long,17249.0,17244.9375,17245.0,17304.0,stop,16.0,-1.015625,False,False
2023-10-18 12:21:00,2023-10-18 12:22:00,long,vwap_scalp,vwap_scalp_long,17278.0,17272.4375,17272.5,17287.5,stop,22.0,-1.0113636363636365,False,False
2023-10-18 12:41:00,2023-10-18 12:43:00,long,ou_lunch,ou_lunch_long,17249.75,17262.6875,17243.75,17295.0,trail,24.0,2.15625,True,True
2023-10-18 12:57:00,2023-10-18 12:59:00,long,vwap_rev,vwap_rev_long,17238.25,17243.4375,17230.75,17292.75,trail,30.0,0.6916666666666667,False,True
2023-10-18 13:46:00,2023-10-18 13:50:00,short,trend,trend_cont_short,17221.0,17237.5625,17237.5,17188.0,stop,66.0,-1.003787878787879,False,False
2023-10-18 13:55:00,2023-10-18 13:56:00,long,pm_mom,pm_mom_long,17246.5,17241.4375,17241.5,17256.5,stop,20.0,-1.0125,False,False
2023-10-19 12:23:00,2023-10-19 12:24:00,short,vwap_rev,vwap_rev_short,17277.5,17287.3125,17287.25,17199.25,stop,39.0,-1.0064102564102564,False,False
2023-10-19 13:35:00,2023-10-19 13:37:00,short,pm_mom,pm_mom_short,17194.25,17159.0625,17202.5,17177.75,trail,33.0,4.265151515151516,True,True
2023-10-20 13:49:00,2023-10-20 13:51:00,short,pm_mom,pm_mom_short,16907.0,16907.0625,16915.5,16890.0,trail,34.0,-0.007352941176470588,True,True
2023-10-23 10:07:00,2023-10-23 10:09:00,short,or_rev,or_rev_short,16785.5,16799.0625,16799.0,16723.0,stop,54.0,-1.0046296296296295,False,False
2023-10-23 12:01:00,2023-10-23 12:03:00,short,ou_lunch,ou_lunch_short,16907.75,16904.8125,16911.5,16803.0,trail,15.0,0.7833333333333333,True,True
2023-10-23 12:08:00,2023-10-23 12:10:00,short,ou_lunch,ou_lunch_short,16918.25,16924.3125,16924.25,16805.5,stop,24.0,-1.0104166666666667,False,False
2023-10-23 13:01:00,2023-10-23 13:03:00,short,vwap_rev,vwap_rev_short,16996.0,16985.5625,17005.25,16827.75,trail,37.0,1.1283783783783783,True,True
2023-10-23 13:31:00,2023-10-23 13:32:00,short,pm_mom,pm_mom_short,16935.75,16945.0625,16945.0,16917.25,stop,37.0,-1.0067567567567568,False,False
2023-10-24 10:31:00,2023-10-24 10:33:00,short,ou_rev,ou_rev_short,16996.75,16996.8125,17005.5,16956.0,trail,35.0,-0.007142857142857143,True,True
2023-10-24 10:50:00,2023-10-24 10:52:00,short,ou_rev,ou_rev_short,17022.0,17008.0625,17029.5,16964.0,trail,30.0,1.8583333333333334,True,True
2023-10-24 11:07:00,2023-10-24 11:11:00,short,pd_rev,pd_pdh_short,17003.5,16979.3125,17010.5,16967.75,trail,28.0,3.455357142857143,True,True
2023-10-25 11:35:00,2023-10-25 11:39:00,short,trend,trend_cont_short,16774.75,16774.8125,16784.25,16755.75,trail,38.0,-0.006578947368421052,True,True
2023-10-25 13:31:00,2023-10-25 13:32:00,short,pm_mom,pm_mom_short,16652.75,16657.8125,16657.75,16642.75,stop,20.0,-1.0125,False,False
2023-10-26 11:42:00,2023-10-26 11:44:00,short,trend,trend_cont_short,16401.75,16378.5625,16420.25,16364.75,trail,74.0,1.2533783783783783,True,True
2023-10-26 14:26:00,2023-10-26 14:27:00,short,pm_mom,pm_mom_short,16375.25,16382.8125,16382.75,16360.25,stop,30.0,-1.0083333333333333,False,False
2023-10-27 11:10:00,2023-10-27 11:11:00,short,vwap_rev,vwap_rev_short,16509.5,16516.0625,16516.0,16474.25,stop,26.0,-1.0096153846153846,False,False
2023-10-27 13:37:00,2023-10-27 13:39:00,short,pm_mom,pm_mom_short,16406.25,16393.3125,16416.25,16386.25,trail,40.0,1.29375,True,True
2023-10-30 10:10:00,2023-10-30 10:12:00,short,or_rev,or_rev_short,16591.0,16559.3125,16601.25,16537.0,trail,41.0,3.091463414634146,True,True
2023-10-31 12:04:00,2023-10-31 12:06:00,short,vwap_scalp,vwap_scalp_short,16553.5,16540.3125,16557.5,16542.5,trail,16.0,3.296875,True,True
2023-11-01 10:19:00,2023-11-01 10:20:00,short,or_rev,or_rev_short,16722.75,16731.5625,16731.5,16693.0,stop,35.0,-1.0071428571428571,False,False
2023-11-01 10:27:00,2023-11-01 10:29:00,short,vwap_rev,vwap_rev_short,16786.25,16776.0625,16790.0,16715.75,trail,15.0,2.716666666666667,True,True
2023-11-01 11:22:00,2023-11-01 11:36:00,short,trend,trend_cont_short,16737.25,16737.3125,16752.0,16707.75,trail,59.0,-0.00423728813559322,True,True
2023-11-01 13:14:00,2023-11-01 13:16:00,short,vwap_scalp,vwap_scalp_short,16762.75,16756.8125,16768.25,16750.75,trail,22.0,1.0795454545454546,True,True
2023-11-02 10:42:00,2023-11-02 10:45:00,short,vwap_scalp,vwap_scalp_short,17095.25,17095.3125,17099.75,17081.0,trail,18.0,-0.013888888888888888,True,True
2023-11-02 10:54:00,2023-11-02 10:57:00,short,vwap_rev,vwap_rev_short,17113.25,17113.3125,17116.5,17069.5,trail,13.0,-0.019230769230769232,True,True
2023-11-02 11:08:00,2023-11-02 11:10:00,short,vwap_scalp,vwap_scalp_short,17115.25,17103.3125,17122.75,17094.5,trail,30.0,1.5916666666666666,True,True
2023-11-02 11:14:00,2023-11-02 11:16:00,short,ou_rev,ou_rev_short,17108.25,17081.8125,17114.25,17074.75,trail,24.0,4.40625,True,True
2023-11-03 09:53:00,2023-11-03 09:55:00,short,ou_rev,ou_rev_short,17278.0,17266.5625,17287.5,17234.25,trail,38.0,1.2039473684210527,True,True
2023-11-03 10:11:00,2023-11-03 10:12:00,short,or_rev,or_rev_short,17246.5,17254.8125,17254.75,17214.0,stop,33.0,-1.0075757575757576,False,False
2023-11-03 11:28:00,2023-11-03 11:30:00,short,vwap_scalp,vwap_scalp_short,17264.75,17253.0625,17268.75,17255.5,trail,16.0,2.921875,True,True
2023-11-06 09:50:00,2023-11-06 09:52:00,long,ou_rev,ou_rev_long,17360.25,17372.4375,17353.0,17377.5,trail,29.0,1.6810344827586208,True,True
2023-11-06 11:49:00,2023-11-06 11:51:00,long,vwap_scalp,vwap_scalp_long,17349.75,17358.1875,17344.5,17359.75,trail,21.0,1.6071428571428572,True,True
2023-11-07 10:41:00,2023-11-07 10:48:00,long,trend,trend_cont_long,17513.0,17521.1875,17503.0,17533.0,trail,40.0,0.81875,False,True
2023-11-07 13:31:00,2023-11-07 13:34:00,long,pm_mom,pm_mom_long,17548.25,17553.4375,17541.25,17562.25,trail,28.0,0.7410714285714286,True,True
2023-11-08 10:05:00,2023-11-08 10:07:00,long,vwap_rev,vwap_rev_long,17507.75,17524.1875,17499.25,17543.0,trail,34.0,1.9338235294117647,True,True
2023-11-08 10:30:00,2023-11-08 10:32:00,long,vwap_scalp,vwap_scalp_long,17501.25,17510.1875,17493.25,17517.25,trail,32.0,1.1171875,True,True
2023-11-09 09:52:00,2023-11-09 09:54:00,long,open_drive,open_drive_long,17536.75,17557.1875,17527.5,17555.25,trail,37.0,2.2094594594594597,True,True
2023-11-10 13:31:00,2023-11-10 13:36:00,long,pm_mom,pm_mom_long,17694.75,17704.1875,17685.75,17712.75,trail,36.0,1.0486111111111112,True,True
2023-11-13 10:02:00,2023-11-13 10:04:00,long,vwap_scalp,vwap_scalp_long,17634.75,17651.9375,17629.0,17642.75,trail,23.0,2.989130434782609,True,True
2023-11-14 10:38:00,2023-11-14 10:49:00,long,trend,trend_cont_long,18042.25,18042.1875,18030.5,18065.75,trail,47.0,-0.005319148936170213,True,True
2023-11-14 13:31:00,2023-11-14 13:32:00,long,pm_mom,pm_mom_long,18032.0,18037.0,18029.5,18037.0,target,10.0,2.0,False,False
2023-11-15 09:57:00,2023-11-15 10:00:00,long,ou_rev,ou_rev_long,18066.0,18075.4375,18056.5,18093.0,trail,38.0,0.993421052631579,True,True
2023-11-15 11:55:00,2023-11-15 11:57:00,long,vwap_rev,vwap_rev_long,18047.0,18052.9375,18043.25,18090.75,trail,15.0,1.5833333333333333,True,True
2023-11-16 10:01:00,2023-11-16 10:02:00,long,trend,trend_cont_long,18043.75,18036.6875,18036.75,18057.75,stop,28.0,-1.0089285714285714,False,False
2023-11-16 10:07:00,2023-11-16 10:08:00,long,trend,trend_cont_long,18051.75,18034.6875,18034.75,18085.75,stop,68.0,-1.0036764705882353,False,False
2023-11-16 10:54:00,2023-11-16 10:55:00,long,pd_rev,pd_pdl_long,17984.25,17978.4375,17978.5,18012.75,stop,23.0,-1.0108695652173914,False,False
2023-11-16 11:03:00,2023-11-16 11:05:00,long,vwap_scalp,vwap_scalp_long,17981.0,18000.9375,17977.75,17996.0,trail,13.0,6.134615384615385,True,True
2023-11-17 11:07:00,2023-11-17 11:09:00,long,ou_rev,ou_rev_long,17980.25,17980.1875,17975.5,18007.5,trail,19.0,-0.013157894736842105,True,True
2023-11-17 13:31:00,2023-11-17 13:36:00,long,pm_mom,pm_mom_long,18064.5,18071.4375,18056.0,18081.5,trail,34.0,0.8161764705882353,False,True
2023-11-20 13:34:00,2023-11-20 13:37:00,long,pm_mom,pm_mom_long,18224.0,18220.4375,18220.5,18231.0,trail,14.0,-1.0178571428571428,False,True
2023-11-21 10:26:00,2023-11-21 10:27:00,long,ou_rev,ou_rev_long,18100.25,18092.1875,18092.25,18142.75,stop,32.0,-1.0078125,False,False
2023-11-21 10:40:00,2023-11-21 10:42:00,long,vwap_scalp,vwap_scalp_long,18075.5,18081.6875,18072.0,18102.75,trail,14.0,1.7678571428571428,True,True
2023-11-21 11:24:00,2023-11-21 11:26:00,long,ou_rev,ou_rev_long,18091.5,18091.4375,18086.0,18119.25,trail,22.0,-0.011363636363636364,True,True
2023-11-21 11:59:00,2023-11-21 12:01:00,long,trend,trend_cont_long,18108.75,18113.6875,18102.75,18120.75,trail,24.0,0.8229166666666666,True,True
2023-11-21 13:35:00,2023-11-21 13:36:00,long,pm_mom,pm_mom_long,18114.5,18109.6875,18109.75,18124.0,stop,19.0,-1.013157894736842,False,False
2023-11-21 13:47:00,2023-11-21 13:48:00,long,trend,trend_cont_long,18125.0,18119.1875,18119.25,18136.5,stop,23.0,-1.0108695652173914,False,False
2023-11-21 13:54:00,2023-11-21 14:00:00,long,trend,trend_cont_long,18135.25,18126.4375,18126.5,18152.75,stop,35.0,-1.0071428571428571,False,False
2023-11-22 10:11:00,2023-11-22 10:14:00,long,or_rev,or_rev_long,18180.0,18179.9375,18166.75,18269.5,trail,53.0,-0.0047169811320754715,True,True
2023-11-22 10:16:00,2023-11-22 10:18:00,short,trend,trend_cont_short,18184.5,18165.0625,18189.75,18167.25,trail,21.0,3.7023809523809526,True,True
2023-11-24 10:18:00,2023-11-24 10:20:00,long,ou_rev,ou_rev_long,18150.75,18159.9375,18147.0,18173.5,trail,15.0,2.45,True,True
2023-11-28 10:09:00,2023-11-28 10:12:00,long,open_drive,open_drive_long,18135.5,18135.4375,18123.75,18159.0,trail,47.0,-0.005319148936170213,True,True
2023-11-28 13:30:00,2023-11-28 13:31:00,long,pm_mom,pm_mom_long,18153.0,18149.6875,18149.75,18159.5,stop,13.0,-1.0192307692307692,False,False
2023-11-28 14:18:00,2023-11-28 14:20:00,long,ou_rev,ou_rev_long,18148.0,18147.9375,18144.5,18160.25,trail,14.0,-0.017857142857142856,True,True
2023-11-28 14:25:00,2023-11-28 14:27:00,long,ou_rev,ou_rev_long,18147.75,18155.4375,18143.25,18160.0,trail,18.0,1.7083333333333333,True,True
2023-11-29 10:07:00,2023-11-29 10:08:00,long,vwap_rev,vwap_rev_long,18296.25,18286.1875,18286.25,18333.5,stop,40.0,-1.00625,False,False
2023-11-29 10:12:00,2023-11-29 10:14:00,long,vwap_rev,vwap_rev_long,18267.0,18266.9375,18262.0,18323.75,trail,20.0,-0.0125,True,True
2023-11-29 10:19:00,2023-11-29 10:22:00,short,trend,trend_cont_short,18257.25,18257.3125,18269.75,18232.25,trail,50.0,-0.005,True,True
2023-11-29 10:28:00,2023-11-29 10:30:00,short,trend,trend_cont_short,18253.25,18253.3125,18260.0,18236.0,trail,27.0,-0.009259259259259259,True,True
2023-11-29 13:40:00,2023-11-29 13:45:00,long,pm_mom,pm_mom_long,18231.0,18224.6875,18224.75,18243.5,stop,25.0,-1.01,False,False
2023-11-30 10:10:00,2023-11-30 10:11:00,long,vwap_scalp,vwap_scalp_long,18090.75,18084.6875,18084.75,18111.75,stop,24.0,-1.0104166666666667,False,False
2023-11-30 10:54:00,2023-11-30 10:58:00,short,trend,trend_cont_short,18039.75,18051.3125,18051.25,18016.75,stop,46.0,-1.0054347826086956,False,False
2023-11-30 11:46:00,2023-11-30 11:48:00,short,trend,trend_cont_short,18034.5,18023.3125,18041.25,18021.0,trail,27.0,1.6574074074074074,True,True
2023-11-30 12:51:00,2023-11-30 12:53:00,long,vwap_scalp,vwap_scalp_long,18059.0,18062.9375,18051.5,18075.5,trail,30.0,0.525,False,True
2023-11-30 13:03:00,2023-11-30 13:04:00,long,ou_lunch,ou_lunch_long,18054.25,18047.6875,18047.75,18091.0,stop,26.0,-1.0096153846153846,False,False
2023-11-30 13:08:00,2023-11-30 13:09:00,long,ou_lunch,ou_lunch_long,18034.25,18028.6875,18028.75,18090.5,stop,22.0,-1.0113636363636365,False,False
2023-11-30 13:13:00,2023-11-30 13:19:00,long,ou_lunch,ou_lunch_long,18027.5,18027.4375,18021.25,18089.75,trail,25.0,-0.01,True,True
2023-12-01 10:29:00,2023-12-01 10:31:00,long,ou_rev,ou_rev_long,18032.0,18025.9375,18026.0,18068.0,stop,24.0,-1.0104166666666667,False,False
2023-12-01 14:15:00,2023-12-01 14:16:00,long,pm_mom,pm_mom_long,18161.5,18157.9375,18158.0,18168.5,stop,14.0,-1.0178571428571428,False,False
2023-12-04 09:55:00,2023-12-04 09:58:00,long,open_drive,open_drive_long,18003.75,17991.9375,17992.0,18027.25,stop,47.0,-1.0053191489361701,False,False
2023-12-04 10:21:00,2023-12-04 10:22:00,long,vwap_rev,vwap_rev_long,17959.0,17953.9375,17954.0,17996.25,stop,20.0,-1.0125,False,False
2023-12-04 10:28:00,2023-12-04 10:29:00,long,ou_rev,ou_rev_long,17905.0,17901.4375,17901.5,17984.75,stop,14.0,-1.0178571428571428,False,False
2023-12-04 10:38:00,2023-12-04 10:40:00,long,vwap_scalp,vwap_scalp_long,17891.25,17891.1875,17882.75,17931.75,trail,34.0,-0.007352941176470588,True,True
2023-12-04 12:59:00,2023-12-04 13:01:00,long,pd_rev,pd_pdl_long,18016.5,18007.1875,18007.25,18035.0,stop,37.0,-1.0067567567567568,False,False
2023-12-04 14:13:00,2023-12-04 14:16:00,long,pm_mom,pm_mom_long,17975.25,17982.4375,17967.25,17991.25,trail,32.0,0.8984375,True,True
2023-12-05 11:32:00,2023-12-05 11:33:00,short,trend,trend_cont_short,18034.0,18042.3125,18042.25,18009.0,stop,33.0,-1.0075757575757576,False,False
2023-12-05 13:44:00,2023-12-05 13:46:00,long,pm_mom,pm_mom_long,18032.0,18025.4375,18025.5,18045.0,stop,26.0,-1.0096153846153846,False,False
2023-12-05 14:08:00,2023-12-05 14:10:00,long,ou_rev,ou_rev_long,18014.0,18025.4375,18008.5,18031.25,trail,22.0,2.0795454545454546,True,True
2023-12-06 10:03:00,2023-12-06 10:05:00,long,or_rev,or_rev_long,18075.25,18068.4375,18068.5,18138.0,stop,27.0,-1.0092592592592593,False,False
2023-12-06 10:27:00,2023-12-06 10:29:00,long,vwap_rev,vwap_rev_long,18035.5,18052.9375,18026.25,18102.5,trail,37.0,1.885135135135135,True,True
2023-12-06 11:13:00,2023-12-06 11:16:00,long,trend,trend_cont_long,18094.75,18084.1875,18084.25,18115.75,trail,42.0,-1.005952380952381,False,True
2023-12-06 11:50:00,2023-12-06 11:51:00,long,vwap_scalp,vwap_scalp_long,18034.25,18030.9375,18031.0,18059.5,stop,13.0,-1.0192307692307692,False,False
2023-12-06 13:30:00,2023-12-06 13:31:00,long,pm_mom,pm_mom_long,18029.25,18026.4375,18026.5,18034.75,stop,11.0,-1.0227272727272727,False,False
2023-12-06 14:10:00,2023-12-06 14:11:00,long,ou_rev,ou_rev_long,18027.75,18023.9375,18024.0,18070.75,stop,15.0,-1.0166666666666666,False,False
2023-12-07 11:45:00,2023-12-07 11:48:00,long,trend,trend_cont_long,18164.0,18177.6875,18155.75,18180.5,trail,33.0,1.6590909090909092,True,True
2023-12-07 11:53:00,2023-12-07 11:55:00,long,trend,trend_cont_long,18172.5,18172.4375,18165.0,18187.5,trail,30.0,-0.008333333333333333,True,True
2023-12-07 13:43:00,2023-12-07 13:45:00,long,pm_mom,pm_mom_long,18184.75,18180.6875,18180.75,18192.75,stop,16.0,-1.015625,False,False
2023-12-08 13:33:00,2023-12-08 13:36:00,long,pm_mom,pm_mom_long,18227.0,18230.6875,18222.0,18237.0,trail,20.0,0.7375,True,True
2023-12-11 13:35:00,2023-12-11 13:37:00,long,pm_mom,pm_mom_long,18381.0,18377.4375,18377.5,18388.0,stop,14.0,-1.0178571428571428,False,False
2023-12-12 13:32:00,2023-12-12 13:33:00,long,pm_mom,pm_mom_long,18451.25,18444.4375,18444.5,18464.75,stop,27.0,-1.0092592592592593,False,False
2023-12-12 13:47:00,2023-12-12 13:49:00,long,trend,trend_cont_long,18459.25,18464.9375,18453.75,18470.25,trail,22.0,1.0340909090909092,False,True
2023-12-12 13:58:00,2023-12-12 14:01:00,long,trend,trend_cont_long,18471.25,18471.1875,18464.75,18484.25,trail,26.0,-0.009615384615384616,True,True
2023-12-13 11:27:00,2023-12-13 11:29:00,long,vwap_rev,vwap_rev_long,18543.5,18552.4375,18540.5,18568.0,trail,12.0,2.9791666666666665,True,True
2023-12-14 10:07:00,2023-12-14 10:09:00,long,vwap_scalp,vwap_scalp_long,18753.25,18753.1875,18744.75,18768.5,trail,34.0,-0.007352941176470588,True,True
2023-12-14 10:19:00,2023-12-14 10:21:00,long,vwap_rev,vwap_rev_long,18738.25,18751.1875,18726.75,18777.0,trail,46.0,1.125,True,True
2023-12-14 10:45:00,2023-12-14 10:48:00,long,ou_rev,ou_rev_long,18721.75,18721.6875,18712.25,18765.75,trail,38.0,-0.006578947368421052,True,True
2023-12-14 11:16:00,2023-12-14 11:18:00,long,vwap_rev,vwap_rev_long,18697.5,18710.4375,18686.5,18758.0,trail,44.0,1.1761363636363635,True,True
2023-12-15 13:30:00,2023-12-15 13:32:00,long,pm_mom,pm_mom_long,18777.0,18776.9375,18770.75,18789.5,trail,25.0,-0.01,True,True
2023-12-15 13:46:00,2023-12-15 13:47:00,long,ou_rev,ou_rev_long,18721.75,18716.6875,18716.75,18776.0,stop,20.0,-1.0125,False,False
2023-12-15 14:02:00,2023-12-15 14:04:00,long,vwap_rev,vwap_rev_long,18714.25,18734.1875,18711.0,18772.0,trail,13.0,6.134615384615385,True,True
2023-12-18 13:32:00,2023-12-18 13:34:00,long,pm_mom,pm_mom_long,18893.5,18897.9375,18890.75,18899.0,trail,11.0,1.6136363636363635,True,True
2023-12-19 13:30:00,2023-12-19 13:32:00,long,pm_mom,pm_mom_long,18931.5,18931.4375,18925.75,18943.0,trail,23.0,-0.010869565217391304,True,True
2023-12-20 10:01:00,2023-12-20 10:06:00,long,trend,trend_cont_long,18962.25,18974.9375,18949.75,18987.25,trail,50.0,1.015,False,True
2023-12-20 13:32:00,2023-12-20 13:34:00,long,pm_mom,pm_mom_long,19002.5,19005.6875,18999.25,19009.0,trail,13.0,0.9807692307692307,True,True
2023-12-21 10:04:00,2023-12-21 10:05:00,long,or_rev,or_rev_long,18831.0,18827.6875,18827.75,18871.0,stop,13.0,-1.0192307692307692,False,False
2023-12-21 10:12:00,2023-12-21 10:14:00,short,trend,trend_cont_short,18797.0,18811.0625,18811.0,18769.0,stop,56.0,-1.0044642857142858,False,False
2023-12-21 10:52:00,2023-12-21 10:55:00,long,vwap_scalp,vwap_scalp_long,18815.0,18805.9375,18806.0,18828.5,stop,36.0,-1.0069444444444444,False,False
2023-12-21 11:14:00,2023-12-21 11:16:00,long,vwap_scalp,vwap_scalp_long,18815.75,18830.6875,18807.0,18827.25,trail,35.0,1.707142857142857,True,True
2023-12-21 12:15:00,2023-12-21 12:18:00,long,vwap_rev,vwap_rev_long,18779.5,18779.4375,18772.75,18834.25,trail,27.0,-0.009259259259259259,True,True
2023-12-21 13:29:00,2023-12-21 13:31:00,long,ou_lunch,ou_lunch_long,18801.0,18815.6875,18790.5,18823.5,trail,42.0,1.3988095238095237,True,True
2023-12-22 11:07:00,2023-12-22 11:08:00,long,vwap_rev,vwap_rev_long,18921.25,18915.1875,18915.25,18956.0,stop,24.0,-1.0104166666666667,False,False
2023-12-22 11:45:00,2023-12-22 11:46:00,long,ou_lunch,ou_lunch_long,18931.75,18926.4375,18926.5,18952.5,stop,21.0,-1.0119047619047619,False,False
2023-12-22 13:31:00,2023-12-22 13:39:00,long,pm_mom,pm_mom_long,18960.75,18955.1875,18955.25,18971.75,stop,22.0,-1.0113636363636365,False,False
2023-12-22 14:09:00,2023-12-22 14:10:00,long,vwap_rev,vwap_rev_long,18914.5,18910.4375,18910.5,18947.5,stop,16.0,-1.015625,False,False
2023-12-26 13:31:00,2023-12-26 13:34:00,long,pm_mom,pm_mom_long,19002.75,18999.6875,18999.75,19008.75,stop,12.0,-1.0208333333333333,False,False
2023-12-27 10:18:00,2023-12-27 10:20:00,long,vwap_scalp,vwap_scalp_long,19012.0,19021.9375,19004.25,19027.0,trail,31.0,1.282258064516129,False,True
2023-12-27 12:45:00,2023-12-27 12:47:00,long,ou_lunch,ou_lunch_long,19014.5,19014.4375,19007.0,19029.75,trail,30.0,-0.008333333333333333,True,True
2023-12-27 13:31:00,2023-12-27 13:33:00,long,pm_mom,pm_mom_long,19057.25,19050.4375,19050.5,19070.75,stop,27.0,-1.0092592592592593,False,False
2023-12-27 14:11:00,2023-12-27 14:19:00,short,trend,trend_cont_short,19016.75,19016.8125,19023.25,19002.0,trail,26.0,-0.009615384615384616,True,True
2023-12-28 10:11:00,2023-12-28 10:12:00,long,ou_rev,ou_rev_long,19053.25,19049.9375,19050.0,19069.0,stop,13.0,-1.0192307692307692,False,False
2023-12-28 11:54:00,2023-12-28 11:56:00,long,ou_lunch,ou_lunch_long,19054.75,19058.1875,19050.75,19066.25,trail,16.0,0.859375,True,True
2023-12-28 13:31:00,2023-12-28 13:37:00,long,pm_mom,pm_mom_long,19063.0,19071.1875,19057.5,19074.0,trail,22.0,1.4886363636363635,True,True
2023-12-29 09:39:00,2023-12-29 09:46:00,long,open_drive,open_drive_long,19033.0,19039.4375,19022.0,19055.0,trail,44.0,0.5852272727272727,True,True
2023-12-29 10:37:00,2023-12-29 10:39:00,long,ou_rev,ou_rev_long,19016.5,19008.1875,19008.25,19032.75,stop,33.0,-1.0075757575757576,False,False
2023-12-29 10:45:00,2023-12-29 10:47:00,long,vwap_rev,vwap_rev_long,18977.5,18977.4375,18971.25,19026.0,trail,25.0,-0.01,True,True
2023-12-29 13:33:00,2023-12-29 13:34:00,long,pm_mom,pm_mom_long,18949.0,18942.1875,18942.25,18962.5,stop,27.0,-1.0092592592592593,False,False
2024-01-02 10:10:00,2024-01-02 10:14:00,long,or_rev,or_rev_long,18701.75,18712.1875,18688.25,18762.0,trail,54.0,0.7731481481481481,False,True
2024-01-02 10:19:00,2024-01-02 10:21:00,short,trend,trend_cont_short,18684.0,18675.0625,18696.0,18660.0,trail,48.0,0.7447916666666666,True,True
2024-01-02 10:29:00,2024-01-02 10:32:00,short,trend,trend_cont_short,18660.5,18643.8125,18682.75,18616.0,trail,89.0,0.75,True,True
2024-01-03 10:16:00,2024-01-03 10:18:00,long,vwap_rev,vwap_rev_long,18511.75,18511.6875,18508.0,18556.25,trail,15.0,-0.016666666666666666,True,True
2024-01-03 12:26:00,2024-01-03 12:30:00,long,ou_lunch,ou_lunch_long,18504.75,18521.4375,18497.75,18536.75,trail,28.0,2.3839285714285716,True,True
2024-01-04 10:14:00,2024-01-04 10:15:00,short,vwap_rev,vwap_rev_short,18454.75,18462.3125,18462.25,18421.75,stop,30.0,-1.0083333333333333,False,False
2024-01-04 10:33:00,2024-01-04 10:34:00,short,vwap_scalp,vwap_scalp_short,18455.0,18458.3125,18458.25,18441.5,stop,13.0,-1.0192307692307692,False,False
2024-01-04 10:46:00,2024-01-04 10:49:00,short,ou_rev,ou_rev_short,18463.5,18470.3125,18470.25,18430.75,stop,27.0,-1.0092592592592593,False,False
2024-01-04 10:51:00,2024-01-04 10:52:00,short,ou_rev,ou_rev_short,18475.25,18479.3125,18479.25,18432.25,stop,16.0,-1.015625,False,False
2024-01-04 11:30:00,2024-01-04 11:32:00,short,ou_lunch,ou_lunch_short,18507.25,18486.8125,18518.25,18447.25,trail,44.0,1.8579545454545454,True,True
2024-01-04 11:35:00,2024-01-04 11:36:00,short,ou_lunch,ou_lunch_short,18497.5,18503.8125,18503.75,18449.75,stop,25.0,-1.01,False,False
2024-01-04 13:31:00,2024-01-04 13:35:00,long,pm_mom,pm_mom_long,18463.5,18456.4375,18456.5,18477.5,stop,28.0,-1.0089285714285714,False,False
2024-01-05 10:05:00,2024-01-05 10:07:00,short,ou_rev,ou_rev_short,18481.5,18481.5625,18487.25,18423.0,trail,23.0,-0.010869565217391304,True,True
2024-01-05 10:15:00,2024-01-05 10:17:00,short,vwap_scalp,vwap_scalp_short,18482.5,18459.3125,18491.75,18458.5,trail,37.0,2.5067567567567566,True,True
2024-01-08 10:01:00,2024-01-08 10:04:00,short,or_rev,or_rev_short,18564.5,18564.5625,18575.75,18483.0,trail,45.0,-0.005555555555555556,True,True
2024-01-08 12:06:00,2024-01-08 12:07:00,short,ou_lunch,ou_lunch_short,18624.75,18627.8125,18627.75,18563.25,stop,12.0,-1.0208333333333333,False,False
2024-01-08 12:13:00,2024-01-08 12:16:00,short,ou_lunch,ou_lunch_short,18630.5,18630.5625,18634.75,18565.75,trail,17.0,-0.014705882352941176,True,True
2024-01-09 13:44:00,2024-01-09 13:47:00,short,trend,trend_cont_short,18752.5,18752.5625,18758.25,18739.75,trail,23.0,-0.010869565217391304,True,True
2024-01-09 13:51:00,2024-01-09 13:53:00,long,pm_mom,pm_mom_long,18779.75,18796.9375,18770.5,18798.25,trail,37.0,1.8581081081081081,True,True
2024-01-09 14:26:00,2024-01-09 14:29:00,short,trend,trend_cont_short,18763.5,18750.0625,18771.75,18747.0,trail,33.0,1.628787878787879,True,True
2024-01-10 10:04:00,2024-01-10 10:06:00,long,or_rev,or_rev_long,18754.25,18754.1875,18745.25,18796.0,trail,36.0,-0.006944444444444444,True,True
2024-01-10 10:13:00,2024-01-10 10:16:00,long,open_drive,open_drive_long,18784.5,18796.6875,18775.5,18802.5,trail,36.0,1.3541666666666667,True,True
2024-01-10 10:22:00,2024-01-10 10:24:00,long,trend,trend_cont_long,18788.25,18781.1875,18781.25,18802.25,stop,28.0,-1.0089285714285714,False,False
2024-01-10 10:29:00,2024-01-10 10:33:00,long,trend,trend_cont_long,18799.5,18809.9375,18784.75,18829.0,trail,59.0,0.7076271186440678,True,True
2024-01-10 10:37:00,2024-01-10 10:38:00,long,trend,trend_cont_long,18808.25,18799.4375,18799.5,18825.75,stop,35.0,-1.0071428571428571,False,False
2024-01-10 10:42:00,2024-01-10 10:44:00,long,trend,trend_cont_long,18813.0,18828.4375,18803.0,18833.0,trail,40.0,1.54375,True,True
2024-01-10 13:32:00,2024-01-10 13:34:00,long,pm_mom,pm_mom_long,18854.0,18860.6875,18846.5,18869.0,trail,30.0,0.8916666666666667,True,True
2024-01-11 10:02:00,2024-01-11 10:03:00,long,or_rev,or_rev_long,18884.0,18870.6875,18870.75,18950.5,stop,53.0,-1.0047169811320755,False,False
2024-01-11 10:14:00,2024-01-11 10:15:00,long,vwap_scalp,vwap_scalp_long,18796.25,18784.1875,18784.25,18841.25,stop,48.0,-1.0052083333333333,False,False
2024-01-11 10:42:00,2024-01-11 10:43:00,long,trend,trend_cont_long,18841.25,18827.4375,18827.5,18868.75,stop,55.0,-1.0045454545454546,False,False
2024-01-11 10:59:00,2024-01-11 11:03:00,short,trend,trend_cont_short,18800.0,18779.0625,18813.0,18774.0,trail,52.0,1.6105769230769231,True,True
2024-01-11 11:07:00,2024-01-11 11:09:00,short,trend,trend_cont_short,18789.75,18779.5625,18800.75,18767.75,trail,44.0,0.9261363636363636,True,True
2024-01-11 11:25:00,2024-01-11 11:31:00,long,pd_rev,pd_pdl_long,18745.5,18731.9375,18732.0,18842.75,stop,54.0,-1.0046296296296295,False,False
2024-01-11 12:33:00,2024-01-11 12:35:00,long,ou_lunch,ou_lunch_long,18736.5,18730.6875,18730.75,18817.0,stop,23.0,-1.0108695652173914,False,False
2024-01-11 12:45:00,2024-01-11 12:47:00,long,vwap_scalp,vwap_scalp_long,18769.5,18769.4375,18764.75,18792.25,trail,19.0,-0.013157894736842105,True,True
2024-01-11 13:31:00,2024-01-11 13:33:00,long,pm_mom,pm_mom_long,18835.25,18826.6875,18826.75,18852.25,stop,34.0,-1.0073529411764706,False,False
2024-01-12 10:06:00,2024-01-12 10:08:00,long,or_rev,or_rev_long,18910.25,18939.1875,18895.5,18943.0,trail,59.0,1.9618644067796611,True,True
2024-01-12 10:55:00,2024-01-12 10:57:00,long,vwap_rev,vwap_rev_long,18861.5,18880.6875,18854.25,18923.75,trail,29.0,2.646551724137931,True,True
2024-01-15 09:40:00,2024-01-15 09:47:00,long,open_drive,open_drive_long,18902.5,18896.4375,18896.5,18914.5,stop,24.0,-1.0104166666666667,False,False
2024-01-15 10:06:00,2024-01-15 10:09:00,long,or_rev,or_rev_long,18892.25,18888.4375,18888.5,18900.5,stop,15.0,-1.0166666666666666,False,False
2024-01-16 09:58:00,2024-01-16 10:01:00,long,open_drive,open_drive_long,18845.0,18844.9375,18833.5,18868.0,trail,46.0,-0.005434782608695652,True,True
2024-01-16 10:29:00,2024-01-16 10:37:00,long,trend,trend_cont_long,18942.5,18927.1875,18927.25,18973.0,stop,61.0,-1.0040983606557377,False,False
2024-01-16 10:41:00,2024-01-16 10:45:00,long,trend,trend_cont_long,18950.5,18950.4375,18932.25,18987.0,trail,73.0,-0.003424657534246575,True,True
2024-01-16 10:46:00,2024-01-16 10:49:00,long,trend,trend_cont_long,18959.0,18970.1875,18947.0,18983.0,trail,48.0,0.9322916666666666,True,True
2024-01-16 12:16:00,2024-01-16 12:19:00,long,pd_rev,pd_pdl_long,18879.25,18879.1875,18871.0,18897.0,trail,33.0,-0.007575757575757576,True,True
2024-01-16 12:46:00,2024-01-16 12:48:00,long,vwap_scalp,vwap_scalp_long,18861.0,18852.1875,18852.25,18877.75,stop,35.0,-1.0071428571428571,False,False
2024-01-16 13:31:00,2024-01-16 13:32:00,long,pm_mom,pm_mom_long,18880.5,18886.75,18877.25,18886.75,target,12.70634331983456,1.9230769230769231,False,False
2024-01-16 13:41:00,2024-01-16 13:42:00,long,vwap_scalp,vwap_scalp_long,18867.0,18860.4375,18860.5,18878.5,stop,26.0,-1.0096153846153846,False,False
2024-01-16 13:48:00,2024-01-16 13:49:00,long,vwap_scalp,vwap_scalp_long,18858.25,18852.4375,18852.5,18874.0,stop,23.0,-1.0108695652173914,False,False
2024-01-17 10:02:00,2024-01-17 10:04:00,long,or_rev,or_rev_long,18643.0,18663.1875,18630.0,18733.25,trail,52.0,1.5528846153846154,True,True
2024-01-17 10:15:00,2024-01-17 10:17:00,long,open_drive,open_drive_long,18690.5,18690.4375,18679.5,18712.5,trail,44.0,-0.005681818181818182,True,True
2024-01-17 10:40:00,2024-01-17 10:48:00,long,trend,trend_cont_long,18715.0,18727.9375,18695.5,18754.0,trail,78.0,0.6634615384615384,False,True
2024-01-18 10:05:00,2024-01-18 10:06:00,long,vwap_rev,vwap_rev_long,18933.75,18927.6875,18927.75,18967.25,stop,24.0,-1.0104166666666667,False,False
2024-01-18 13:35:00,2024-01-18 13:38:00,long,vwap_scalp,vwap_scalp_long,18926.25,18937.6875,18915.25,18948.75,trail,44.0,1.0397727272727273,True,True
2024-01-18 13:43:00,2024-01-18 13:59:00,long,trend,trend_cont_long,18951.25,18962.6875,18933.75,18986.25,trail,70.0,0.6535714285714286,False,True
2024-01-19 10:10:00,2024-01-19 10:12:00,long,ou_rev,ou_rev_long,19115.5,19132.6875,19109.75,19137.0,trail,23.0,2.989130434782609,True,True
2024-01-22 10:14:00,2024-01-22 10:16:00,long,open_drive,open_drive_long,19476.5,19484.9375,19463.75,19502.0,trail,51.0,0.6617647058823529,True,True
2024-01-22 10:32:00,2024-01-22 10:33:00,long,ou_rev,ou_rev_long,19417.0,19406.9375,19407.0,19469.5,stop,40.0,-1.00625,False,False
2024-01-22 10:38:00,2024-01-22 10:41:00,long,ou_rev,ou_rev_long,19418.0,19417.9375,19405.0,19465.25,trail,52.0,-0.004807692307692308,True,True
2024-01-22 10:44:00,2024-01-22 10:46:00,long,vwap_scalp,vwap_scalp_long,19423.25,19411.9375,19412.0,19443.25,stop,45.0,-1.0055555555555555,False,False
2024-01-22 10:50:00,2024-01-22 10:52:00,long,vwap_rev,vwap_rev_long,19390.25,19408.6875,19379.5,19458.75,trail,43.0,1.7151162790697674,True,True
2024-01-22 13:38:00,2024-01-22 13:40:00,long,pm_mom,pm_mom_long,19403.0,19409.6875,19398.25,19412.5,trail,19.0,1.4078947368421053,True,True
2024-01-23 11:19:00,2024-01-23 11:20:00,long,vwap_scalp,vwap_scalp_long,19385.0,19380.9375,19381.0,19392.5,stop,16.0,-1.015625,False,False
2024-01-23 11:36:00,2024-01-23 11:38:00,long,pd_rev,pd_pdl_long,19378.0,19387.6875,19368.25,19398.5,trail,39.0,0.9935897435897436,True,True
2024-01-23 11:42:00,2024-01-23 11:44:00,long,vwap_scalp,vwap_scalp_long,19379.75,19389.1875,19374.0,19388.75,trail,23.0,1.641304347826087,True,True
2024-01-23 13:39:00,2024-01-23 13:44:00,short,trend,trend_cont_short,19402.25,19411.5625,19411.5,19383.75,stop,37.0,-1.0067567567567568,False,False
2024-01-23 13:49:00,2024-01-23 13:55:00,long,pm_mom,pm_mom_long,19421.5,19421.4375,19413.0,19438.5,trail,34.0,-0.007352941176470588,True,True
2024-01-23 14:01:00,2024-01-23 14:03:00,long,trend,trend_cont_long,19427.25,19419.9375,19420.0,19441.75,stop,29.0,-1.0086206896551724,False,False
2024-01-23 14:17:00,2024-01-23 14:22:00,short,trend,trend_cont_short,19410.0,19416.8125,19416.75,19396.5,stop,27.0,-1.0092592592592593,False,False
2024-01-24 09:48:00,2024-01-24 09:50:00,long,open_drive,open_drive_long,19606.75,19606.6875,19595.25,19629.75,trail,46.0,-0.005434782608695652,True,True
2024-01-24 13:44:00,2024-01-24 13:46:00,short,trend,trend_cont_short,19656.5,19639.0625,19667.25,19635.0,trail,43.0,1.622093023255814,True,True
2024-01-24 13:50:00,2024-01-24 13:52:00,short,trend,trend_cont_short,19646.5,19646.5625,19653.25,19633.0,trail,27.0,-0.009259259259259259,True,True
2024-01-25 10:00:00,2024-01-25 10:02:00,long,vwap_rev,vwap_rev_long,19609.75,19609.6875,19605.75,19631.5,trail,16.0,-0.015625,True,True
2024-01-25 12:37:00,2024-01-25 12:41:00,long,vwap_rev,vwap_rev_long,19592.75,19606.6875,19582.5,19641.25,trail,41.0,1.3597560975609757,True,True
2024-01-25 12:50:00,2024-01-25 12:52:00,long,vwap_scalp,vwap_scalp_long,19590.25,19579.1875,19579.25,19614.75,stop,44.0,-1.0056818181818181,False,False
2024-01-25 13:12:00,2024-01-25 13:14:00,long,vwap_scalp,vwap_scalp_long,19604.0,19615.1875,19599.25,19620.0,trail,19.0,2.3552631578947367,True,True
2024-01-26 09:50:00,2024-01-26 09:52:00,long,pd_rev,pd_pdl_long,19486.5,19486.4375,19479.25,19501.0,trail,29.0,-0.008620689655172414,True,True
2024-01-26 10:00:00,2024-01-26 10:01:00,long,open_drive,open_drive_long,19490.0,19475.6875,19475.75,19518.5,stop,57.0,-1.0043859649122806,False,False
2024-01-26 10:19:00,2024-01-26 10:21:00,long,or_rev,or_rev_long,19467.0,19482.6875,19457.75,19490.5,trail,37.0,1.695945945945946,True,True
2024-01-26 13:37:00,2024-01-26 13:39:00,long,pm_mom,pm_mom_long,19484.0,19488.6875,19479.25,19493.5,trail,19.0,0.9868421052631579,True,True
2024-01-29 11:02:00,2024-01-29 11:06:00,long,ou_rev,ou_rev_long,19470.25,19479.4375,19460.5,19492.25,trail,39.0,0.9423076923076923,True,True
2024-01-29 11:09:00,2024-01-29 11:11:00,long,vwap_scalp,vwap_scalp_long,19473.75,19486.1875,19469.75,19482.75,trail,16.0,3.109375,True,True
2024-01-30 10:05:00,2024-01-30 10:06:00,long,or_rev,or_rev_long,19585.0,19573.1875,19573.25,19610.5,stop,47.0,-1.0053191489361701,False,False
2024-01-30 10:47:00,2024-01-30 10:50:00,long,ou_rev,ou_rev_long,19576.5,19583.1875,19565.75,19597.75,trail,43.0,0.622093023255814,False,True
2024-01-30 10:56:00,2024-01-30 10:58:00,long,ou_rev,ou_rev_long,19566.75,19576.6875,19558.5,19595.75,trail,33.0,1.2045454545454546,True,True
2024-01-30 11:09:00,2024-01-30 11:10:00,long,vwap_scalp,vwap_scalp_long,19571.5,19566.9375,19567.0,19582.75,stop,18.0,-1.0138888888888888,False,False
2024-01-30 11:20:00,2024-01-30 11:22:00,long,vwap_scalp,vwap_scalp_long,19574.0,19580.6875,19568.75,19583.5,trail,21.0,1.2738095238095237,True,True
2024-01-30 11:57:00,2024-01-30 12:00:00,long,ou_lunch,ou_lunch_long,19576.0,19581.1875,19571.25,19591.75,trail,19.0,1.0921052631578947,True,True
2024-01-31 09:56:00,2024-01-31 09:58:00,long,open_drive,open_drive_long,19327.0,19312.6875,19312.75,19355.5,stop,57.0,-1.0043859649122806,False,False
2024-01-31 10:13:00,2024-01-31 10:14:00,long,ou_rev,ou_rev_long,19298.5,19291.4375,19291.5,19322.0,stop,28.0,-1.0089285714285714,False,False
2024-01-31 10:21:00,2024-01-31 10:23:00,long,ou_rev,ou_rev_long,19291.0,19290.9375,19285.0,19317.5,trail,24.0,-0.010416666666666666,True,True
2024-01-31 10:26:00,2024-01-31 10:28:00,long,vwap_scalp,vwap_scalp_long,19289.0,19279.9375,19280.0,19302.25,stop,36.0,-1.0069444444444444,False,False
2024-01-31 10:35:00,2024-01-31 10:37:00,long,vwap_rev,vwap_rev_long,19250.0,19241.9375,19242.0,19308.25,stop,32.0,-1.0078125,False,False
2024-01-31 13:46:00,2024-01-31 13:48:00,long,pm_mom,pm_mom_long,19329.5,19335.4375,19322.5,19343.5,trail,28.0,0.8482142857142857,False,True
2024-02-01 10:03:00,2024-02-01 10:05:00,long,ou_rev,ou_rev_long,19227.25,19260.1875,19220.0,19253.0,trail,29.0,4.543103448275862,True,True
2024-02-02 13:41:00,2024-02-02 13:42:00,long,pm_mom,pm_mom_long,19657.0,19648.9375,19649.0,19673.0,stop,32.0,-1.0078125,False,False
2024-02-05 09:52:00,2024-02-05 09:55:00,long,ou_rev,ou_rev_long,19630.75,19630.6875,19617.25,19653.0,trail,54.0,-0.004629629629629629,True,True
2024-02-05 10:10:00,2024-02-05 10:12:00,long,ou_rev,ou_rev_long,19603.25,19616.1875,19597.25,19640.25,trail,24.0,2.15625,True,True
2024-02-06 10:01:00,2024-02-06 10:05:00,short,trend,trend_cont_short,19588.25,19588.3125,19617.25,19530.25,trail,116.0,-0.0021551724137931034,True,True
2024-02-06 10:07:00,2024-02-06 10:10:00,long,or_rev,or_rev_long,19576.75,19576.6875,19567.25,19676.25,trail,38.0,-0.006578947368421052,True,True
2024-02-06 10:33:00,2024-02-06 10:35:00,long,vwap_scalp,vwap_scalp_long,19572.75,19586.9375,19564.0,19594.25,trail,35.0,1.6214285714285714,True,True
2024-02-06 10:41:00,2024-02-06 10:42:00,long,vwap_scalp,vwap_scalp_long,19582.75,19574.1875,19574.25,19598.25,stop,34.0,-1.0073529411764706,False,False
2024-02-06 10:48:00,2024-02-06 10:50:00,long,vwap_scalp,vwap_scalp_long,19585.25,19575.9375,19576.0,19598.5,stop,37.0,-1.0067567567567568,False,False
2024-02-06 10:55:00,2024-02-06 10:57:00,long,ou_rev,ou_rev_long,19574.25,19587.6875,19555.0,19609.75,trail,77.0,0.698051948051948,False,True
2024-02-06 11:01:00,2024-02-06 11:02:00,long,ou_rev,ou_rev_long,19579.5,19575.1875,19575.25,19608.75,stop,17.0,-1.0147058823529411,False,False
2024-02-06 12:05:00,2024-02-06 12:07:00,long,ou_lunch,ou_lunch_long,19526.25,19526.1875,19517.75,19596.0,trail,34.0,-0.007352941176470588,True,True
2024-02-06 13:30:00,2024-02-06 13:32:00,long,pm_mom,pm_mom_long,19550.25,19556.1875,19540.25,19570.25,trail,40.0,0.59375,False,True
2024-02-06 13:45:00,2024-02-06 13:47:00,long,trend,trend_cont_long,19566.5,19572.1875,19558.75,19582.0,trail,31.0,0.7338709677419355,False,True
2024-02-07 10:22:00,2024-02-07 10:25:00,long,trend,trend_cont_long,19759.25,19778.9375,19746.5,19784.75,trail,51.0,1.5441176470588236,True,True
2024-02-07 10:28:00,2024-02-07 10:31:00,long,trend,trend_cont_long,19792.75,19810.9375,19769.5,19839.25,trail,93.0,0.782258064516129,True,True
2024-02-08 09:49:00,2024-02-08 09:53:00,long,open_drive,open_drive_long,19771.25,19782.4375,19760.0,19793.75,trail,45.0,0.9944444444444445,True,True
2024-02-08 13:30:00,2024-02-08 13:32:00,long,pm_mom,pm_mom_long,19823.25,19826.6875,19820.5,19828.75,trail,11.0,1.25,True,True
2024-02-09 13:30:00,2024-02-09 13:31:00,long,pm_mom,pm_mom_long,19977.5,19974.6875,19974.75,19983.0,stop,11.0,-1.0227272727272727,False,False
2024-02-12 13:58:00,2024-02-12 14:00:00,long,pm_mom,pm_mom_long,19968.0,19967.9375,19961.0,19982.0,trail,28.0,-0.008928571428571428,True,True
2024-02-13 10:02:00,2024-02-13 10:03:00,long,trend,trend_cont_long,19610.5,19603.9375,19604.0,19625.25,stop,26.0,-1.0096153846153846,False,False
2024-02-13 10:40:00,2024-02-13 10:57:00,long,trend,trend_cont_long,19719.5,19689.4375,19689.5,19779.5,stop,120.0,-1.0020833333333334,False,False
2024-02-13 11:36:00,2024-02-13 11:37:00,short,trend,trend_cont_short,19681.0,19686.5625,19686.5,19670.0,stop,22.0,-1.0113636363636365,False,False
2024-02-13 11:48:00,2024-02-13 11:51:00,long,trend,trend_cont_long,19705.75,19696.6875,19696.75,19723.75,stop,36.0,-1.0069444444444444,False,False
2024-02-13 13:03:00,2024-02-13 13:05:00,long,vwap_scalp,vwap_scalp_long,19614.75,19621.4375,19606.0,19629.0,trail,35.0,0.7642857142857142,True,True
2024-02-13 13:36:00,2024-02-13 13:38:00,long,vwap_scalp,vwap_scalp_long,19618.75,19618.6875,19614.25,19630.25,trail,18.0,-0.013888888888888888,True,True
2024-02-14 09:46:00,2024-02-14 09:48:00,long,open_drive,open_drive_long,19723.25,19732.6875,19711.75,19746.25,trail,46.0,0.8206521739130435,True,True
2024-02-14 10:04:00,2024-02-14 10:07:00,long,open_drive,open_drive_long,19726.0,19746.6875,19715.5,19747.0,trail,42.0,1.9702380952380953,True,True
2024-02-15 10:00:00,2024-02-15 10:02:00,long,ou_rev,ou_rev_long,19758.0,19757.9375,19752.0,19798.5,trail,24.0,-0.010416666666666666,True,True
2024-02-15 10:05:00,2024-02-15 10:07:00,long,ou_rev,ou_rev_long,19748.5,19767.6875,19737.75,19792.25,trail,43.0,1.7848837209302326,True,True
2024-02-15 10:13:00,2024-02-15 10:16:00,long,open_drive,open_drive_long,19792.0,19800.6875,19778.5,19819.0,trail,54.0,0.6435185185185185,True,True
2024-02-16 10:09:00,2024-02-16 10:12:00,long,or_rev,or_rev_long,19703.0,19720.4375,19688.5,19850.5,trail,58.0,1.2025862068965518,True,True
2024-02-16 13:30:00,2024-02-16 13:32:00,long,pm_mom,pm_mom_long,19773.5,19779.6875,19768.5,19783.5,trail,20.0,1.2375,True,True
2024-02-19 09:47:00,2024-02-19 10:17:00,long,open_drive,open_drive_long,19738.5,19730.9375,19725.75,19764.0,time_stop,51.0,-0.5931372549019608,False,False
2024-02-19 10:22:00,2024-02-19 10:25:00,long,vwap_rev,vwap_rev_long,19722.5,19722.4375,19719.25,19735.75,trail,13.0,-0.019230769230769232,True,True
2024-02-19 10:27:00,2024-02-19 10:29:00,long,ou_rev,ou_rev_long,19722.25,19722.1875,19717.0,19734.75,trail,21.0,-0.011904761904761904,True,True
2024-02-19 11:49:00,2024-02-19 11:50:00,long,ou_lunch,ou_lunch_long,19723.25,19720.6875,19720.75,19729.5,stop,10.0,-1.025,False,False
2024-02-20 10:04:00,2024-02-20 10:06:00,long,or_rev,or_rev_long,19477.75,19477.6875,19468.0,19583.0,trail,39.0,-0.00641025641025641,True,True
2024-02-20 10:21:00,2024-02-20 10:23:00,long,vwap_scalp,vwap_scalp_long,19477.25,19465.6875,19465.75,19504.5,trail,46.0,-1.0054347826086956,False,True
2024-02-20 10:44:00,2024-02-20 10:46:00,long,ou_rev,ou_rev_long,19464.5,19479.6875,19453.75,19514.5,trail,43.0,1.4127906976744187,True,True
2024-02-20 10:50:00,2024-02-20 10:51:00,long,vwap_scalp,vwap_scalp_long,19483.25,19498.0,19473.5,19498.0,target,39.0,1.5128205128205128,False,False
2024-02-20 11:01:00,2024-02-20 11:08:00,long,trend,trend_cont_long,19534.75,19510.1875,19510.25,19583.75,stop,98.0,-1.0025510204081634,False,False
2024-02-20 11:54:00,2024-02-20 11:56:00,short,trend,trend_cont_short,19475.25,19457.3125,19484.5,19456.75,trail,37.0,1.9391891891891893,True,True
2024-02-21 10:06:00,2024-02-21 10:08:00,short,vwap_rev,vwap_rev_short,19458.0,19444.8125,19467.25,19424.5,trail,37.0,1.4256756756756757,True,True
2024-02-21 11:14:00,2024-02-21 11:15:00,short,vwap_scalp,vwap_scalp_short,19449.0,19454.0625,19454.0,19437.25,stop,20.0,-1.0125,False,False
2024-02-21 12:12:00,2024-02-21 12:14:00,long,vwap_rev,vwap_rev_long,19393.0,19381.4375,19381.5,19426.25,stop,46.0,-1.0054347826086956,False,False
2024-02-21 12:32:00,2024-02-21 12:36:00,long,pd_rev,pd_pdl_long,19394.0,19385.4375,19385.5,19423.25,stop,34.0,-1.0073529411764706,False,False
2024-02-21 13:30:00,2024-02-21 13:31:00,short,pm_mom,pm_mom_short,19397.5,19400.3125,19400.25,19392.0,stop,11.0,-1.0227272727272727,False,False
2024-02-21 14:17:00,2024-02-21 14:19:00,long,ou_rev,ou_rev_long,19396.5,19412.1875,19384.0,19416.25,trail,50.0,1.255,True,True
2024-02-22 10:01:00,2024-02-22 10:02:00,short,or_rev,or_rev_short,19862.25,19872.8125,19872.75,19833.0,stop,42.0,-1.005952380952381,False,False
2024-02-22 10:32:00,2024-02-22 10:34:00,short,ou_rev,ou_rev_short,19900.0,19900.0625,19906.0,19856.25,trail,24.0,-0.010416666666666666,True,True
2024-02-22 10:38:00,2024-02-22 10:40:00,short,ou_rev,ou_rev_short,19899.5,19879.8125,19906.0,19858.5,trail,26.0,3.0288461538461537,True,True
2024-02-23 10:05:00,2024-02-23 10:06:00,long,or_rev,or_rev_long,20031.0,20021.6875,20021.75,20062.0,stop,37.0,-1.0067567567567568,False,False
2024-02-23 10:32:00,2024-02-23 10:34:00,long,ou_rev,ou_rev_long,19997.0,19996.9375,19977.75,20037.75,trail,77.0,-0.003246753246753247,True,True
2024-02-23 10:39:00,2024-02-23 10:41:00,long,ou_rev,ou_rev_long,20002.5,20012.1875,19989.25,20035.25,trail,53.0,0.7311320754716981,False,True
2024-02-23 10:48:00,2024-02-23 10:50:00,long,ou_rev,ou_rev_long,19979.5,19979.4375,19972.75,20029.5,trail,27.0,-0.009259259259259259,True,True
2024-02-23 11:04:00,2024-02-23 11:05:00,long,vwap_rev,vwap_rev_long,19939.75,19934.9375,19935.0,20020.5,stop,19.0,-1.013157894736842,False,False
2024-02-23 11:29:00,2024-02-23 11:31:00,long,vwap_scalp,vwap_scalp_long,19951.25,19940.1875,19940.25,19976.0,stop,44.0,-1.0056818181818181,False,False
2024-02-23 11:35:00,2024-02-23 11:39:00,long,vwap_scalp,vwap_scalp_long,19955.5,19946.6875,19946.75,19977.25,trail,35.0,-1.0071428571428571,False,True
2024-02-23 13:35:00,2024-02-23 13:36:00,long,pm_mom,pm_mom_long,19999.0,19994.6875,19994.75,20007.5,stop,17.0,-1.0147058823529411,False,False
2024-02-26 10:00:00,2024-02-26 10:01:00,long,or_rev,or_rev_long,19926.75,19915.9375,19916.0,19970.0,stop,43.0,-1.005813953488372,False,False
2024-02-26 10:08:00,2024-02-26 10:10:00,long,open_drive,open_drive_long,19948.0,19947.9375,19937.0,19970.0,trail,44.0,-0.005681818181818182,True,True
2024-02-26 13:34:00,2024-02-26 13:35:00,long,vwap_scalp,vwap_scalp_long,19939.25,19934.9375,19935.0,19949.75,stop,17.0,-1.0147058823529411,False,False
2024-02-26 13:46:00,2024-02-26 13:48:00,long,pm_mom,pm_mom_long,19949.25,19949.1875,19945.0,19957.75,trail,17.0,-0.014705882352941176,True,True
2024-02-27 09:53:00,2024-02-27 09:58:00,long,pd_rev,pd_pdl_long,19909.5,19936.4375,19900.75,19927.0,trail,35.0,3.0785714285714287,True,True
2024-02-28 09:52:00,2024-02-28 09:53:00,long,ou_rev,ou_rev_long,19831.75,19824.6875,19824.75,19861.5,stop,28.0,-1.0089285714285714,False,False
2024-02-28 10:02:00,2024-02-28 10:04:00,long,ou_rev,ou_rev_long,19827.75,19847.1875,19820.5,19853.5,trail,29.0,2.6810344827586206,True,True
2024-02-28 10:11:00,2024-02-28 10:14:00,long,open_drive,open_drive_long,19855.25,19855.1875,19842.0,19881.75,trail,53.0,-0.0047169811320754715,True,True
2024-02-28 10:16:00,2024-02-28 10:18:00,long,pd_rev,pd_pdl_long,19852.75,19852.6875,19845.0,19868.25,trail,31.0,-0.008064516129032258,True,True
2024-02-28 13:33:00,2024-02-28 13:40:00,long,trend,trend_cont_long,19888.0,19893.9375,19880.0,19904.0,trail,32.0,0.7421875,True,True
2024-02-29 10:07:00,2024-02-29 10:08:00,long,trend,trend_cont_long,20003.25,19997.9375,19998.0,20013.75,stop,21.0,-1.0119047619047619,False,False
2024-02-29 10:15:00,2024-02-29 10:17:00,long,vwap_rev,vwap_rev_long,19929.0,19947.6875,19921.75,19983.5,trail,29.0,2.5775862068965516,True,True
2024-02-29 10:20:00,2024-02-29 10:22:00,short,trend,trend_cont_short,19949.0,19940.8125,19956.5,19922.25,trail,30.0,1.0916666666666666,True,True
2024-03-01 13:30:00,2024-03-01 13:32:00,long,pm_mom,pm_mom_long,20260.0,20259.9375,20256.0,20268.0,trail,16.0,-0.015625,True,True
2024-03-04 10:23:00,2024-03-04 10:25:00,long,ou_rev,ou_rev_long,20231.0,20241.1875,20224.75,20246.5,trail,25.0,1.63,True,True
2024-03-04 13:26:00,2024-03-04 13:28:00,long,ou_lunch,ou_lunch_long,20217.75,20229.9375,20211.0,20248.0,trail,27.0,1.8055555555555556,True,True
2024-03-05 10:00:00,2024-03-05 10:02:00,long,or_rev,or_rev_long,19980.0,20017.9375,19973.75,20037.25,trail,25.0,6.07,True,True
2024-03-06 09:45:00,2024-03-06 09:47:00,long,open_drive,open_drive_long,20042.75,20042.6875,20031.75,20064.75,trail,44.0,-0.005681818181818182,True,True
2024-03-06 10:00:00,2024-03-06 10:01:00,long,vwap_rev,vwap_rev_long,19987.75,19977.1875,19977.25,20029.25,stop,42.0,-1.005952380952381,False,False
2024-03-06 13:44:00,2024-03-06 13:46:00,long,pm_mom,pm_mom_long,20058.75,20071.6875,20053.25,20069.75,trail,22.0,2.352272727272727,True,True
2024-03-07 13:30:00,2024-03-07 13:31:00,long,pm_mom,pm_mom_long,20268.25,20262.1875,20262.25,20280.25,stop,24.0,-1.0104166666666667,False,False
2024-03-08 11:21:00,2024-03-08 11:23:00,long,or_rev,or_rev_long,20196.25,20196.1875,20183.75,20261.75,trail,50.0,-0.005,True,True
2024-03-08 12:29:00,2024-03-08 12:30:00,long,ou_lunch,ou_lunch_long,20126.5,20119.1875,20119.25,20224.75,stop,29.0,-1.0086206896551724,False,False
2024-03-08 13:05:00,2024-03-08 13:07:00,long,vwap_rev,vwap_rev_long,20001.75,20016.1875,19996.75,20203.25,trail,20.0,2.8875,True,True
2024-03-08 13:16:00,2024-03-08 13:18:00,long,vwap_scalp,vwap_scalp_long,20018.25,20018.1875,20006.0,20107.75,trail,49.0,-0.00510204081632653,True,True
2024-03-08 13:21:00,2024-03-08 13:22:00,long,vwap_scalp,vwap_scalp_long,20020.0,20016.9375,20017.0,20107.5,stop,12.0,-1.0208333333333333,False,False
2024-03-08 14:00:00,2024-03-08 14:01:00,long,pm_mom,pm_mom_long,19987.25,19983.6875,19983.75,19994.25,stop_ambiguous,14.0,-1.0178571428571428,False,False
2024-03-11 10:13:00,2024-03-11 10:14:00,long,vwap_scalp,vwap_scalp_long,19842.5,19837.4375,19837.5,19863.5,stop,20.0,-1.0125,False,False
2024-03-11 13:31:00,2024-03-11 13:33:00,long,pm_mom,pm_mom_long,19938.0,19948.1875,19930.5,19953.0,trail,30.0,1.3583333333333334,True,True
2024-03-12 10:06:00,2024-03-12 10:08:00,long,trend,trend_cont_long,19988.0,20022.6875,19969.0,20026.0,trail,76.0,1.825657894736842,True,True
2024-03-12 10:11:00,2024-03-12 10:14:00,long,trend,trend_cont_long,20019.5,19994.9375,19995.0,20068.5,stop,98.0,-1.0025510204081634,False,False
2024-03-12 10:16:00,2024-03-12 10:19:00,long,trend,trend_cont_long,20014.5,19988.9375,19989.0,20065.5,stop,102.0,-1.0024509803921569,False,False
2024-03-12 10:22:00,2024-03-12 10:24:00,long,trend,trend_cont_long,20004.25,20040.4375,19994.25,20024.25,trail,40.0,3.61875,True,True
2024-03-13 10:00:00,2024-03-13 10:02:00,short,trend,trend_cont_short,20032.25,19999.5625,20043.5,20009.75,trail,45.0,2.9055555555555554,True,True
2024-03-14 10:00:00,2024-03-14 10:02:00,short,trend,trend_cont_short,19931.75,19897.0625,19958.5,19878.25,trail,107.0,1.2967289719626167,True,True
2024-03-14 10:06:00,2024-03-14 10:08:00,long,or_rev,or_rev_long,19942.25,19957.1875,19931.5,20060.5,trail,43.0,1.3895348837209303,True,True
2024-03-15 10:00:00,2024-03-15 10:01:00,long,vwap_scalp,vwap_scalp_long,19787.75,19777.9375,19778.0,19801.5,stop,39.0,-1.0064102564102564,False,False
2024-03-15 11:25:00,2024-03-15 11:26:00,long,or_rev,or_rev_long,19783.0,19774.9375,19775.0,19825.75,stop,32.0,-1.0078125,False,False
2024-03-15 11:43:00,2024-03-15 11:44:00,long,vwap_scalp,vwap_scalp_long,19768.5,19764.6875,19764.75,19786.25,stop,15.0,-1.0166666666666666,False,False
2024-03-15 12:00:00,2024-03-15 12:01:00,long,ou_lunch,ou_lunch_long,19757.0,19750.6875,19750.75,19801.25,stop,25.0,-1.01,False,False
2024-03-15 12:15:00,2024-03-15 12:17:00,long,vwap_rev,vwap_rev_long,19734.0,19733.9375,19730.0,19799.0,trail,16.0,-0.015625,True,True
2024-03-15 13:31:00,2024-03-15 13:33:00,long,pm_mom,pm_mom_long,19747.0,19752.4375,19741.5,19758.0,trail,22.0,0.9886363636363636,False,True
2024-03-18 10:14:00,2024-03-18 10:17:00,short,or_rev,or_rev_short,20041.25,20041.3125,20051.5,20002.5,trail,41.0,-0.006097560975609756,True,True
2024-03-18 10:30:00,2024-03-18 10:32:00,short,vwap_rev,vwap_rev_short,20066.0,20049.5625,20075.25,20020.0,trail,37.0,1.777027027027027,False,True
2024-03-18 12:18:00,2024-03-18 12:20:00,long,vwap_scalp,vwap_scalp_long,19995.5,19999.9375,19990.25,20007.75,trail,21.0,0.8452380952380952,False,True
2024-03-19 09:57:00,2024-03-19 09:59:00,long,open_drive,open_drive_long,19791.75,19782.6875,19782.75,19809.75,stop,36.0,-1.0069444444444444,False,False
2024-03-19 10:03:00,2024-03-19 10:06:00,long,open_drive,open_drive_long,19792.75,19813.6875,19784.75,19808.75,trail,32.0,2.6171875,True,True
2024-03-19 11:34:00,2024-03-19 11:35:00,short,vwap_rev,vwap_rev_short,19846.25,19851.3125,19851.25,19799.25,stop,20.0,-1.0125,False,False
2024-03-19 12:22:00,2024-03-19 12:23:00,short,vwap_rev,vwap_rev_short,19880.0,19885.3125,19885.25,19808.0,stop,21.0,-1.0119047619047619,False,False
2024-03-19 12:37:00,2024-03-19 12:44:00,long,pd_rev,pd_pdl_long,19915.25,19930.4375,19903.75,19938.25,trail,46.0,1.3206521739130435,True,True
2024-03-20 10:02:00,2024-03-20 10:03:00,short,trend,trend_cont_short,19951.5,19960.0625,19960.0,19934.5,stop,34.0,-1.0073529411764706,False,False
2024-03-20 10:13:00,2024-03-20 10:15:00,long,or_rev,or_rev_long,19952.0,19959.6875,19945.0,19992.0,trail,28.0,1.0982142857142858,True,True
2024-03-20 10:50:00,2024-03-20 10:53:00,short,trend,trend_cont_short,19945.0,19959.5625,19959.5,19916.0,stop,58.0,-1.0043103448275863,False,False
2024-03-20 11:12:00,2024-03-20 11:15:00,long,trend,trend_cont_long,19977.0,19976.9375,19969.5,19992.0,trail,30.0,-0.008333333333333333,True,True
2024-03-20 11:21:00,2024-03-20 11:22:00,long,trend,trend_cont_long,19978.75,19973.6875,19973.75,19988.75,stop,20.0,-1.0125,False,False
2024-03-20 13:16:00,2024-03-20 13:23:00,long,ou_lunch,ou_lunch_long,19955.25,19955.1875,19947.5,19970.75,trail,31.0,-0.008064516129032258,True,True
2024-03-20 13:32:00,2024-03-20 13:34:00,long,vwap_scalp,vwap_scalp_long,19956.0,19964.9375,19951.5,19963.25,trail,18.0,1.9861111111111112,True,True
2024-03-20 13:43:00,2024-03-20 13:46:00,long,vwap_scalp,vwap_scalp_long,19947.25,19939.9375,19940.0,19958.75,stop,29.0,-1.0086206896551724,False,False
2024-03-20 13:51:00,2024-03-20 13:57:00,long,pm_mom,pm_mom_long,19962.75,19969.4375,19956.25,19975.75,trail,26.0,1.0288461538461537,False,True
2024-03-21 10:02:00,2024-03-21 10:04:00,long,or_rev,or_rev_long,20337.25,20337.1875,20325.5,20376.0,trail,47.0,-0.005319148936170213,True,True
2024-03-21 11:09:00,2024-03-21 11:11:00,long,ou_rev,ou_rev_long,20319.25,20332.4375,20310.75,20351.25,trail,34.0,1.5514705882352942,True,True
2024-03-21 13:45:00,2024-03-21 13:46:00,long,pm_mom,pm_mom_long,20356.25,20352.9375,20353.0,20362.75,stop,13.0,-1.0192307692307692,False,False
2024-03-21 13:58:00,2024-03-21 14:00:00,long,vwap_rev,vwap_rev_long,20310.5,20310.4375,20305.75,20356.25,trail,19.0,-0.013157894736842105,True,True
2024-03-22 10:43:00,2024-03-22 10:45:00,long,or_rev,or_rev_long,20203.75,20210.1875,20196.5,20224.5,trail,29.0,0.8879310344827587,True,True
2024-03-22 11:26:00,2024-03-22 11:32:00,long,pd_rev,pd_pdl_long,20247.5,20254.4375,20237.75,20267.0,trail,39.0,0.7115384615384616,False,True
2024-03-22 13:30:00,2024-03-22 13:32:00,long,pm_mom,pm_mom_long,20291.75,20298.4375,20286.0,20303.25,trail,23.0,1.1630434782608696,True,True
2024-03-25 13:33:00,2024-03-25 13:37:00,long,pm_mom,pm_mom_long,20241.5,20232.9375,20233.0,20258.5,stop,34.0,-1.0073529411764706,False,False
2024-03-26 10:33:00,2024-03-26 10:36:00,long,vwap_rev,vwap_rev_long,20239.25,20239.1875,20227.25,20273.5,trail,48.0,-0.005208333333333333,True,True
2024-03-26 12:43:00,2024-03-26 12:44:00,long,vwap_scalp,vwap_scalp_long,20242.5,20239.6875,20239.75,20253.5,stop,11.0,-1.0227272727272727,False,False
2024-03-26 13:02:00,2024-03-26 13:06:00,long,ou_lunch,ou_lunch_long,20229.0,20242.4375,20222.75,20262.5,trail,25.0,2.15,True,True
2024-03-26 13:34:00,2024-03-26 13:36:00,long,ou_rev,ou_rev_long,20247.5,20250.6875,20242.75,20261.0,trail,19.0,0.6710526315789473,False,True
2024-03-27 10:01:00,2024-03-27 10:02:00,long,or_rev,or_rev_long,20149.0,20135.6875,20135.75,20223.25,stop,53.0,-1.0047169811320755,False,False
2024-03-27 10:10:00,2024-03-27 10:13:00,short,trend,trend_cont_short,20103.5,20072.3125,20115.5,20079.5,trail,48.0,2.5989583333333335,True,True
2024-03-27 10:29:00,2024-03-27 10:31:00,short,trend,trend_cont_short,20105.0,20113.8125,20113.75,20072.25,stop,35.0,-1.0071428571428571,False,False
2024-03-27 10:42:00,2024-03-27 10:43:00,long,pd_rev,pd_pdl_long,20136.5,20124.9375,20125.0,20159.5,stop,46.0,-1.0054347826086956,False,False
2024-03-27 12:14:00,2024-03-27 12:16:00,long,ou_lunch,ou_lunch_long,20101.25,20108.6875,20097.75,20138.25,trail,14.0,2.125,True,True
2024-03-27 12:21:00,2024-03-27 12:23:00,long,vwap_scalp,vwap_scalp_long,20119.0,20118.9375,20112.75,20128.5,trail,25.0,-0.01,True,True
2024-03-27 13:30:00,2024-03-27 13:33:00,long,vwap_scalp,vwap_scalp_long,20121.25,20128.4375,20115.75,20128.75,trail,22.0,1.3068181818181819,True,True
2024-03-28 10:45:00,2024-03-28 10:47:00,long,trend,trend_cont_long,20205.75,20196.6875,20196.75,20223.75,stop,36.0,-1.0069444444444444,False,False
2024-03-28 10:50:00,2024-03-28 10:53:00,long,trend,trend_cont_long,20204.75,20204.6875,20198.5,20217.25,trail,25.0,-0.01,True,True
2024-03-28 11:31:00,2024-03-28 11:34:00,long,trend,trend_cont_long,20210.25,20199.9375,20200.0,20230.75,stop,41.0,-1.0060975609756098,False,False
2024-03-28 12:24:00,2024-03-28 12:26:00,long,vwap_scalp,vwap_scalp_long,20169.5,20169.4375,20165.5,20182.0,trail,16.0,-0.015625,True,True
2024-03-28 12:33:00,2024-03-28 12:35:00,long,vwap_scalp,vwap_scalp_long,20175.75,20175.6875,20170.0,20185.0,trail,23.0,-0.010869565217391304,True,True
2024-03-28 12:54:00,2024-03-28 12:56:00,long,ou_lunch,ou_lunch_long,20174.75,20178.6875,20170.75,20193.0,trail,16.0,0.984375,True,True
2024-03-28 13:03:00,2024-03-28 13:06:00,long,ou_lunch,ou_lunch_long,20164.0,20173.4375,20156.75,20192.5,trail,29.0,1.3017241379310345,True,True
2024-03-28 13:19:00,2024-03-28 13:21:00,long,vwap_rev,vwap_rev_long,20157.0,20163.6875,20147.25,20191.0,trail,39.0,0.6858974358974359,True,True
2024-03-28 13:34:00,2024-03-28 13:35:00,long,ou_rev,ou_rev_long,20156.5,20153.4375,20153.5,20190.25,stop,12.0,-1.0208333333333333,False,False
2024-03-28 13:39:00,2024-03-28 13:41:00,long,pm_mom,pm_mom_long,20164.75,20164.6875,20159.75,20174.75,trail,20.0,-0.0125,True,True
2024-04-01 10:55:00,2024-04-01 10:56:00,long,or_rev,or_rev_long,20168.25,20163.4375,20163.5,20237.5,stop,19.0,-1.013157894736842,False,False
2024-04-01 11:20:00,2024-04-01 11:21:00,long,vwap_rev,vwap_rev_long,20134.25,20125.1875,20125.25,20229.75,stop,36.0,-1.0069444444444444,False,False
2024-04-01 11:50:00,2024-04-01 11:51:00,long,ou_lunch,ou_lunch_long,20162.25,20150.4375,20150.5,20220.25,stop,47.0,-1.0053191489361701,False,False
2024-04-01 11:56:00,2024-04-01 11:58:00,long,ou_lunch,ou_lunch_long,20125.75,20125.6875,20117.5,20217.25,trail,33.0,-0.007575757575757576,True,True
2024-04-01 12:16:00,2024-04-01 12:18:00,long,vwap_scalp,vwap_scalp_long,20166.5,20173.4375,20161.5,20188.75,trail,20.0,1.3875,True,True
2024-04-01 13:30:00,2024-04-01 13:39:00,long,pd_rev,pd_pdl_long,20144.5,20144.4375,20136.5,20203.75,trail,32.0,-0.0078125,True,True
2024-04-02 10:17:00,2024-04-02 10:18:00,long,or_rev,or_rev_long,19911.25,19906.1875,19906.25,19951.5,stop,20.0,-1.0125,False,False
2024-04-02 10:53:00,2024-04-02 10:55:00,long,vwap_scalp,vwap_scalp_long,19917.5,19917.4375,19913.0,19928.75,trail,18.0,-0.013888888888888888,True,True
2024-04-02 11:00:00,2024-04-02 11:02:00,long,ou_rev,ou_rev_long,19909.25,19918.4375,19900.5,19938.25,trail,35.0,1.05,True,True
2024-04-02 11:06:00,2024-04-02 11:08:00,long,ou_rev,ou_rev_long,19913.75,19926.4375,19908.5,19937.5,trail,21.0,2.4166666666666665,True,True
2024-04-03 10:08:00,2024-04-03 10:10:00,short,or_rev,or_rev_short,20054.25,20023.0625,20063.5,19953.0,trail,37.0,3.3716216216216215,True,True
2024-04-04 10:00:00,2024-04-04 10:02:00,long,or_rev,or_rev_long,20211.75,20225.1875,20199.75,20241.5,trail,48.0,1.1197916666666667,True,True
2024-04-04 10:25:00,2024-04-04 10:29:00,long,vwap_rev,vwap_rev_long,20191.25,20205.6875,20180.0,20223.5,trail,45.0,1.2833333333333334,True,True
2024-04-05 09:56:00,2024-04-05 09:58:00,short,ou_rev,ou_rev_short,19916.0,19916.0625,19921.75,19856.0,trail,23.0,-0.010869565217391304,True,True
2024-04-05 10:14:00,2024-04-05 10:16:00,short,ou_rev,ou_rev_short,19937.5,19937.5625,19946.75,19872.5,trail,37.0,-0.006756756756756757,True,True
2024-04-05 10:23:00,2024-04-05 10:25:00,short,vwap_scalp,vwap_scalp_short,19917.0,19917.0625,19922.75,19897.0,trail,23.0,-0.010869565217391304,True,True
2024-04-05 10:35:00,2024-04-05 10:37:00,short,vwap_scalp,vwap_scalp_short,19912.25,19903.0625,19918.75,19896.25,trail,26.0,1.4134615384615385,True,True
2024-04-05 10:53:00,2024-04-05 10:55:00,short,vwap_rev,vwap_rev_short,19973.5,19973.5625,19982.25,19889.75,trail,35.0,-0.007142857142857143,True,True
2024-04-05 11:59:00,2024-04-05 12:01:00,short,vwap_rev,vwap_rev_short,20054.0,20054.0625,20061.0,19929.0,trail,28.0,-0.008928571428571428,True,True
2024-04-05 13:40:00,2024-04-05 13:41:00,short,pm_mom,pm_mom_short,20054.75,20063.0625,20063.0,20038.25,stop,33.0,-1.0075757575757576,False,False
2024-04-08 10:39:00,2024-04-08 10:41:00,short,vwap_rev,vwap_rev_short,20053.5,20041.8125,20059.5,19996.5,trail,24.0,1.9479166666666667,True,True
2024-04-08 12:16:00,2024-04-08 12:18:00,long,vwap_scalp,vwap_scalp_long,19971.5,19985.1875,19963.25,19988.5,trail,33.0,1.6590909090909092,True,True
2024-04-09 10:10:00,2024-04-09 10:14:00,long,or_rev,or_rev_long,20035.25,20054.9375,20026.25,20067.5,trail,36.0,2.1875,True,True
2024-04-10 10:17:00,2024-04-10 10:19:00,long,pd_rev,pd_pdl_long,19857.5,19879.6875,19843.75,19885.0,trail,55.0,1.6136363636363635,True,True
2024-04-10 10:37:00,2024-04-10 10:45:00,long,trend,trend_cont_long,19897.5,19897.4375,19880.25,19932.0,trail,69.0,-0.0036231884057971015,True,True
2024-04-10 11:46:00,2024-04-10 11:48:00,long,ou_lunch,ou_lunch_long,19827.75,19834.9375,19818.5,19860.75,trail,37.0,0.777027027027027,True,True
2024-04-11 10:10:00,2024-04-11 10:12:00,short,pd_rev,pd_pdh_short,19925.0,19897.8125,19937.5,19900.0,trail,50.0,2.175,True,True
2024-04-12 10:10:00,2024-04-12 10:13:00,long,vwap_rev,vwap_rev_long,19970.0,19969.9375,19959.25,20003.25,trail,43.0,-0.005813953488372093,True,True
2024-04-12 10:36:00,2024-04-12 10:37:00,long,vwap_rev,vwap_rev_long,19955.0,19949.4375,19949.5,19995.0,stop,22.0,-1.0113636363636365,False,False
2024-04-12 11:17:00,2024-04-12 11:19:00,long,vwap_scalp,vwap_scalp_long,19919.75,19939.9375,19908.75,19944.75,trail,44.0,1.8352272727272727,True,True
2024-04-12 11:25:00,2024-04-12 11:28:00,long,vwap_scalp,vwap_scalp_long,19933.25,19946.1875,19923.25,19950.5,trail,40.0,1.29375,True,True
2024-04-15 10:19:00,2024-04-15 10:20:00,long,or_rev,or_rev_long,19943.25,19935.6875,19935.75,19997.0,stop,30.0,-1.0083333333333333,False,False
2024-04-15 10:53:00,2024-04-15 10:54:00,long,ou_rev,ou_rev_long,19891.5,19883.4375,19883.5,19953.75,stop,32.0,-1.0078125,False,False
2024-04-15 11:02:00,2024-04-15 11:05:00,long,ou_rev,ou_rev_long,19878.5,19891.1875,19857.25,19948.0,trail,85.0,0.5970588235294118,False,True
2024-04-15 11:32:00,2024-04-15 11:34:00,long,ou_lunch,ou_lunch_long,19888.75,19899.1875,19882.0,19938.5,trail,27.0,1.5462962962962963,True,True
2024-04-15 11:41:00,2024-04-15 11:42:00,long,vwap_scalp,vwap_scalp_long,19905.75,19897.4375,19897.5,19921.25,stop,33.0,-1.0075757575757576,False,False
2024-04-15 12:26:00,2024-04-15 12:28:00,long,vwap_rev,vwap_rev_long,19833.25,19824.4375,19824.5,19929.75,stop,35.0,-1.0071428571428571,False,False
2024-04-15 12:33:00,2024-04-15 12:37:00,long,vwap_rev,vwap_rev_long,19805.25,19805.1875,19798.25,19925.0,trail,28.0,-0.008928571428571428,True,True
2024-04-15 13:08:00,2024-04-15 13:11:00,long,pd_rev,pd_pdl_long,19816.75,19816.6875,19810.0,19910.5,trail,27.0,-0.009259259259259259,True,True
2024-04-15 13:51:00,2024-04-15 13:53:00,short,pm_mom,pm_mom_short,19588.75,19588.8125,19598.25,19569.75,trail,38.0,-0.006578947368421052,True,True
2024-04-16 10:00:00,2024-04-16 10:03:00,short,ou_rev,ou_rev_short,19591.5,19591.5625,19605.0,19559.0,trail,54.0,-0.004629629629629629,True,True
2024-04-16 10:17:00,2024-04-16 10:21:00,short,ou_rev,ou_rev_short,19614.0,19614.0625,19625.75,19567.75,trail,47.0,-0.005319148936170213,True,True
2024-04-16 11:27:00,2024-04-16 11:28:00,short,vwap_scalp,vwap_scalp_short,19604.25,19610.8125,19610.75,19586.5,stop,26.0,-1.0096153846153846,False,False
2024-04-16 11:45:00,2024-04-16 11:47:00,short,ou_lunch,ou_lunch_short,19597.5,19582.5625,19601.5,19570.25,trail,16.0,3.734375,True,True
2024-04-17 13:44:00,2024-04-17 13:45:00,short,pm_mom,pm_mom_short,19396.0,19406.0625,19406.0,19376.0,stop,40.0,-1.00625,False,False
2024-04-18 10:03:00,2024-04-18 10:05:00,short,trend,trend_cont_short,19298.75,19298.8125,19307.25,19270.75,trail,34.0,-0.007352941176470588,True,True
2024-04-18 10:52:00,2024-04-18 10:54:00,short,or_rev,or_rev_short,19397.25,19397.3125,19408.75,19309.0,trail,46.0,-0.005434782608695652,True,True
2024-04-18 11:46:00,2024-04-18 11:48:00,short,ou_lunch,ou_lunch_short,19394.5,19385.5625,19401.0,19349.0,trail,26.0,1.375,True,True
2024-04-18 13:34:00,2024-04-18 13:36:00,short,pm_mom,pm_mom_short,19262.75,19262.8125,19267.5,19253.25,trail,19.0,-0.013157894736842105,True,True
2024-04-19 13:33:00,2024-04-19 13:35:00,short,pm_mom,pm_mom_short,18967.0,18976.0625,18976.0,18949.0,stop,36.0,-1.0069444444444444,False,False
2024-04-22 09:54:00,2024-04-22 09:56:00,short,ou_rev,ou_rev_short,19013.5,18998.5625,19020.0,18986.5,trail,26.0,2.298076923076923,True,True
2024-04-23 10:01:00,2024-04-23 10:02:00,short,or_rev,or_rev_short,19188.75,19200.3125,19200.25,19139.5,stop,46.0,-1.0054347826086956,False,False
2024-04-23 10:12:00,2024-04-23 10:14:00,short,ou_rev,ou_rev_short,19207.25,19219.8125,19219.75,19170.5,stop,50.0,-1.005,False,False
2024-04-23 10:19:00,2024-04-23 10:20:00,short,ou_rev,ou_rev_short,19215.75,19224.3125,19224.25,19173.75,stop,34.0,-1.0073529411764706,False,False
2024-04-23 10:30:00,2024-04-23 10:31:00,short,vwap_rev,vwap_rev_short,19259.0,19265.0625,19265.0,19182.25,stop,24.0,-1.0104166666666667,False,False
2024-04-23 10:36:00,2024-04-23 10:38:00,short,vwap_rev,vwap_rev_short,19282.25,19271.5625,19293.25,19191.5,trail,44.0,0.9715909090909091,False,True
2024-04-23 10:48:00,2024-04-23 10:50:00,short,vwap_scalp,vwap_scalp_short,19256.75,19256.8125,19266.0,19228.0,trail,37.0,-0.006756756756756757,True,True
2024-04-23 11:31:00,2024-04-23 11:32:00,short,ou_lunch,ou_lunch_short,19278.5,19286.0625,19286.0,19216.0,stop,30.0,-1.0083333333333333,False,False
2024-04-23 11:37:00,2024-04-23 11:39:00,short,ou_lunch,ou_lunch_short,19287.0,19287.0625,19294.0,19217.5,trail,28.0,-0.008928571428571428,True,True
2024-04-24 11:16:00,2024-04-24 11:18:00,short,pd_rev,pd_pdh_short,19348.0,19348.0625,19355.5,19333.0,trail,30.0,-0.008333333333333333,True,True
2024-04-24 14:04:00,2024-04-24 14:06:00,short,pm_mom,pm_mom_short,19378.0,19359.8125,19383.25,19367.5,trail,21.0,3.4642857142857144,True,True
2024-04-25 10:08:00,2024-04-25 10:09:00,short,or_rev,or_rev_short,19071.25,19079.8125,19079.75,19034.5,stop,34.0,-1.0073529411764706,False,False
2024-04-25 10:24:00,2024-04-25 10:25:00,short,vwap_rev,vwap_rev_short,19128.5,19135.0625,19135.0,19054.0,stop,26.0,-1.0096153846153846,False,False
2024-04-25 10:52:00,2024-04-25 10:53:00,short,trend,trend_cont_short,19065.25,19050.75,19070.5,19050.75,target,21.0,2.761904761904762,False,False
2024-04-25 12:30:00,2024-04-25 12:36:00,short,vwap_scalp,vwap_scalp_short,19152.75,19152.8125,19157.5,19112.25,trail,19.0,-0.013157894736842105,True,True
2024-04-25 12:54:00,2024-04-25 12:55:00,short,ou_lunch,ou_lunch_short,19169.5,19175.5625,19175.5,19076.75,stop,24.0,-1.0104166666666667,False,False
2024-04-25 14:25:00,2024-04-25 14:27:00,short,pm_mom,pm_mom_short,19254.0,19254.0625,19260.5,19241.0,trail,26.0,-0.009615384615384616,True,True
2024-04-26 10:05:00,2024-04-26 10:07:00,short,vwap_scalp,vwap_scalp_short,19502.0,19462.5625,19505.75,19468.25,trail,15.0,10.516666666666667,True,True
2024-04-29 10:17:00,2024-04-29 10:19:00,short,pd_rev,pd_pdh_short,19592.5,19580.5625,19597.25,19577.5,trail,19.0,2.513157894736842,True,True
2024-04-30 10:07:00,2024-04-30 10:08:00,short,or_rev,or_rev_short,19571.25,19577.0625,19577.0,19543.5,stop,23.0,-1.0108695652173914,False,False
2024-04-30 11:03:00,2024-04-30 11:05:00,long,vwap_scalp,vwap_scalp_long,19520.75,19511.4375,19511.5,19533.75,stop,37.0,-1.0067567567567568,False,False
2024-04-30 11:14:00,2024-04-30 11:15:00,long,vwap_rev,vwap_rev_long,19460.0,19449.6875,19449.75,19538.0,stop,41.0,-1.0060975609756098,False,False
2024-04-30 13:37:00,2024-04-30 13:39:00,long,pm_mom,pm_mom_long,19397.0,19406.4375,19392.75,19405.5,trail,17.0,2.2205882352941178,True,True
2024-05-01 13:43:00,2024-05-01 13:47:00,short,pm_mom,pm_mom_short,19138.0,19144.8125,19144.75,19124.5,stop,27.0,-1.0092592592592593,False,False
2024-05-02 11:40:00,2024-05-02 11:41:00,short,trend,trend_cont_short,19205.0,19212.8125,19212.75,19182.0,stop,31.0,-1.0080645161290323,False,False
2024-05-02 13:32:00,2024-05-02 13:34:00,short,vwap_rev,vwap_rev_short,19299.0,19280.5625,19310.5,19208.75,trail,46.0,1.6032608695652173,True,True
2024-05-02 14:11:00,2024-05-02 14:13:00,short,vwap_rev,vwap_rev_short,19317.5,19317.5625,19329.75,19214.5,trail,49.0,-0.00510204081632653,True,True
2024-05-02 14:22:00,2024-05-02 14:25:00,short,ou_rev,ou_rev_short,19301.0,19311.0625,19311.0,19216.25,stop,40.0,-1.00625,False,False
2024-05-02 14:29:00,2024-05-02 14:31:00,short,ou_rev,ou_rev_short,19316.25,19325.5625,19325.5,19217.5,stop,37.0,-1.0067567567567568,False,False
2024-05-03 10:00:00,2024-05-03 10:01:00,short,or_rev,or_rev_short,19694.5,19708.3125,19708.25,19641.0,stop,55.0,-1.0045454545454546,False,False
2024-05-03 12:13:00,2024-05-03 12:15:00,short,vwap_scalp,vwap_scalp_short,19689.0,19676.3125,19692.75,19669.0,trail,15.0,3.3833333333333333,True,True
2024-05-06 13:33:00,2024-05-06 13:39:00,long,pm_mom,pm_mom_long,19806.5,19806.4375,19800.75,19818.0,trail,23.0,-0.010869565217391304,True,True
2024-05-07 10:00:00,2024-05-07 10:02:00,long,or_rev,or_rev_long,19887.25,19887.1875,19881.5,19910.5,trail,23.0,-0.010869565217391304,True,True
2024-05-07 10:33:00,2024-05-07 10:34:00,long,vwap_scalp,vwap_scalp_long,19887.0,19881.6875,19881.75,19894.25,stop,21.0,-1.0119047619047619,False,False
2024-05-07 11:54:00,2024-05-07 11:58:00,long,trend,trend_cont_long,19951.75,19945.6875,19945.75,19963.75,stop,24.0,-1.0104166666666667,False,False
2024-05-07 13:31:00,2024-05-07 13:33:00,long,pm_mom,pm_mom_long,19951.75,19959.9375,19944.75,19965.75,trail,28.0,1.1696428571428572,True,True
2024-05-08 10:00:00,2024-05-08 10:02:00,long,pd_rev,pd_pdl_long,19861.75,19871.1875,19848.25,19888.75,trail,54.0,0.6990740740740741,True,True
2024-05-08 10:05:00,2024-05-08 10:13:00,long,trend,trend_cont_long,19866.25,19854.1875,19854.25,19890.25,stop,48.0,-1.0052083333333333,False,False
2024-05-08 13:26:00,2024-05-08 13:28:00,long,ou_lunch,ou_lunch_long,19838.5,19844.9375,19832.0,19864.25,trail,26.0,0.9903846153846154,True,True
2024-05-08 13:35:00,2024-05-08 13:37:00,long,ou_rev,ou_rev_long,19846.25,19842.1875,19842.25,19863.75,stop,16.0,-1.015625,False,False
2024-05-08 13:40:00,2024-05-08 13:43:00,long,ou_rev,ou_rev_long,19845.25,19855.4375,19841.0,19863.5,trail,17.0,2.3970588235294117,True,True
2024-05-09 10:00:00,2024-05-09 10:04:00,long,open_drive,open_drive_long,19851.25,19863.4375,19842.0,19869.75,trail,37.0,1.3175675675675675,True,True
2024-05-09 10:44:00,2024-05-09 10:46:00,long,trend,trend_cont_long,19894.5,19894.4375,19885.25,19913.0,trail,37.0,-0.006756756756756757,True,True
2024-05-09 10:50:00,2024-05-09 10:54:00,long,trend,trend_cont_long,19898.0,19909.4375,19883.0,19928.0,trail,60.0,0.7625,True,True
2024-05-10 10:32:00,2024-05-10 10:34:00,long,vwap_rev,vwap_rev_long,19919.5,19919.4375,19910.25,19984.5,trail,37.0,-0.006756756756756757,True,True
2024-05-10 12:16:00,2024-05-10 12:18:00,long,vwap_scalp,vwap_scalp_long,19931.75,19924.4375,19924.5,19943.0,stop,29.0,-1.0086206896551724,False,False
2024-05-10 12:24:00,2024-05-10 12:26:00,long,vwap_scalp,vwap_scalp_long,19931.0,19937.4375,19924.75,19942.5,trail,25.0,1.03,True,True
2024-05-10 12:38:00,2024-05-10 12:40:00,long,ou_lunch,ou_lunch_long,19920.5,19920.4375,19915.5,19953.0,trail,20.0,-0.0125,True,True
2024-05-10 13:32:00,2024-05-10 13:34:00,long,ou_rev,ou_rev_long,19920.0,19925.1875,19916.75,19950.5,trail,13.0,1.5961538461538463,True,True
2024-05-10 13:37:00,2024-05-10 13:39:00,long,pm_mom,pm_mom_long,19927.25,19920.6875,19920.75,19940.25,stop,26.0,-1.0096153846153846,False,False
2024-05-13 10:04:00,2024-05-13 10:06:00,long,open_drive,open_drive_long,19987.0,19986.9375,19978.5,20004.0,trail,34.0,-0.007352941176470588,True,True
2024-05-13 13:09:00,2024-05-13 13:11:00,long,vwap_rev,vwap_rev_long,19951.75,19943.4375,19943.5,19984.25,stop,33.0,-1.0075757575757576,False,False
2024-05-13 13:30:00,2024-05-13 13:33:00,long,pm_mom,pm_mom_long,19987.25,19981.4375,19981.5,19998.75,stop,23.0,-1.0108695652173914,False,False
2024-05-14 10:50:00,2024-05-14 10:53:00,short,trend,trend_cont_short,19992.25,20004.3125,20004.25,19968.25,stop,48.0,-1.0052083333333333,False,False
2024-05-14 11:07:00,2024-05-14 11:09:00,long,trend,trend_cont_long,20030.75,20040.4375,20025.25,20041.75,trail,22.0,1.7613636363636365,True,True
2024-05-14 13:12:00,2024-05-14 13:13:00,long,vwap_scalp,vwap_scalp_long,20000.25,20004.75,19997.5,20004.75,target,11.0,1.6363636363636365,False,False
2024-05-15 10:04:00,2024-05-15 10:06:00,long,open_drive,open_drive_long,20199.75,20211.1875,20185.75,20227.75,trail,56.0,0.8169642857142857,True,True
2024-05-15 10:31:00,2024-05-15 10:34:00,long,trend,trend_cont_long,20229.25,20239.1875,20220.75,20246.25,trail,34.0,1.1691176470588236,True,True
2024-05-15 10:37:00,2024-05-15 10:39:00,long,trend,trend_cont_long,20246.25,20258.4375,20234.25,20270.25,trail,48.0,1.015625,True,True
2024-05-16 09:37:00,2024-05-16 09:42:00,long,open_drive,open_drive_long,20379.5,20391.1875,20365.25,20408.0,trail,57.0,0.8201754385964912,True,True
2024-05-16 13:53:00,2024-05-16 13:57:00,long,pm_mom,pm_mom_long,20398.75,20404.4375,20389.0,20418.25,trail,39.0,0.5833333333333334,False,True
2024-05-16 14:16:00,2024-05-16 14:17:00,long,ou_rev,ou_rev_long,20360.5,20354.9375,20355.0,20405.75,stop,22.0,-1.0113636363636365,False,False
2024-05-17 10:12:00,2024-05-17 10:14:00,long,vwap_scalp,vwap_scalp_long,20320.25,20332.4375,20315.25,20329.75,trail,20.0,2.4375,True,True
2024-05-20 14:27:00,2024-05-20 14:30:00,long,pm_mom,pm_mom_long,20437.25,20444.6875,20430.75,20450.25,trail,26.0,1.1442307692307692,True,True
2024-05-21 13:30:00,2024-05-21 13:31:00,long,pm_mom,pm_mom_long,20450.75,20448.1875,20448.25,20455.75,stop,10.0,-1.025,False,False
2024-05-21 13:43:00,2024-05-21 13:47:00,long,trend,trend_cont_long,20459.75,20463.6875,20453.75,20471.75,trail,24.0,0.65625,False,True
2024-05-21 13:51:00,2024-05-21 13:56:00,long,trend,trend_cont_long,20460.5,20465.4375,20455.25,20471.0,trail,21.0,0.9404761904761905,False,True
2024-05-21 13:56:00,2024-05-21 14:00:00,long,trend,trend_cont_long,20465.0,20469.4375,20458.75,20477.5,trail,25.0,0.71,True,True
2024-05-22 09:45:00,2024-05-22 09:51:00,long,open_drive,open_drive_long,20506.75,20518.4375,20494.0,20532.25,trail,51.0,0.9166666666666666,True,True
2024-05-22 12:50:00,2024-05-22 12:52:00,long,vwap_rev,vwap_rev_long,20492.25,20492.1875,20488.75,20511.5,trail,14.0,-0.017857142857142856,True,True
2024-05-22 13:39:00,2024-05-22 13:41:00,long,vwap_rev,vwap_rev_long,20471.0,20470.9375,20460.5,20509.0,trail,42.0,-0.005952380952380952,True,True
2024-05-22 13:44:00,2024-05-22 13:46:00,short,trend,trend_cont_short,20462.25,20441.8125,20478.5,20429.75,trail,65.0,1.2576923076923077,True,True
2024-05-23 10:00:00,2024-05-23 10:02:00,long,or_rev,or_rev_long,20545.75,20574.1875,20532.25,20641.0,trail,54.0,2.1064814814814814,True,True
2024-05-24 13:51:00,2024-05-24 13:54:00,long,pm_mom,pm_mom_long,20587.75,20593.4375,20581.25,20600.75,trail,26.0,0.875,False,True
2024-05-28 10:04:00,2024-05-28 10:08:00,long,open_drive,open_drive_long,20578.25,20588.4375,20563.25,20608.25,trail,60.0,0.6791666666666667,True,True
2024-05-28 10:57:00,2024-05-28 10:59:00,long,trend,trend_cont_long,20611.0,20623.4375,20606.0,20621.0,trail,20.0,2.4875,True,True
2024-05-29 13:30:00,2024-05-29 13:33:00,long,pm_mom,pm_mom_long,20545.25,20538.4375,20538.5,20558.75,stop,27.0,-1.0092592592592593,False,False
2024-05-30 10:36:00,2024-05-30 10:38:00,long,ou_rev,ou_rev_long,20383.25,20383.1875,20369.0,20420.5,trail,57.0,-0.0043859649122807015,True,True
2024-05-30 10:41:00,2024-05-30 10:42:00,long,vwap_rev,vwap_rev_long,20362.75,20357.4375,20357.5,20416.75,stop,21.0,-1.0119047619047619,False,False
2024-05-30 10:48:00,2024-05-30 10:50:00,long,vwap_scalp,vwap_scalp_long,20366.25,20356.6875,20356.75,20389.0,stop,38.0,-1.006578947368421,False,False
2024-05-30 11:30:00,2024-05-30 11:33:00,long,ou_lunch,ou_lunch_long,20367.75,20367.6875,20358.25,20397.75,trail,38.0,-0.006578947368421052,True,True
2024-05-30 11:40:00,2024-05-30 11:42:00,long,trend,trend_cont_long,20377.0,20388.6875,20369.5,20392.0,trail,30.0,1.5583333333333333,True,True
2024-05-30 11:52:00,2024-05-30 11:54:00,long,trend,trend_cont_long,20382.25,20376.4375,20376.5,20393.75,stop,23.0,-1.0108695652173914,False,False
2024-05-30 13:30:00,2024-05-30 13:33:00,long,pm_mom,pm_mom_long,20410.75,20418.6875,20406.25,20419.75,trail,18.0,1.7638888888888888,True,True
2024-05-31 10:00:00,2024-05-31 10:01:00,long,or_rev,or_rev_long,20238.0,20235.4375,20235.5,20296.0,stop,10.0,-1.025,False,False
2024-05-31 11:20:00,2024-05-31 11:21:00,long,ou_rev,ou_rev_long,20035.75,20031.1875,20031.25,20164.25,stop,18.0,-1.0138888888888888,False,False
2024-05-31 11:25:00,2024-05-31 11:31:00,long,ou_rev,ou_rev_long,20037.75,20023.4375,20023.5,20161.25,stop,57.0,-1.0043859649122806,False,False
2024-05-31 12:37:00,2024-05-31 12:38:00,long,ou_lunch,ou_lunch_long,19958.5,19954.6875,19954.75,20115.0,stop,15.0,-1.0166666666666666,False,False
2024-05-31 12:42:00,2024-05-31 12:44:00,long,ou_lunch,ou_lunch_long,19978.0,19990.4375,19967.5,20111.5,trail,42.0,1.1845238095238095,True,True
2024-05-31 12:59:00,2024-05-31 13:01:00,long,vwap_scalp,vwap_scalp_long,19982.25,19998.6875,19976.5,20044.25,trail,23.0,2.858695652173913,True,True
2024-05-31 13:32:00,2024-05-31 13:34:00,long,pm_mom,pm_mom_long,20057.75,20049.4375,20049.5,20074.25,stop,33.0,-1.0075757575757576,False,False
2024-06-03 10:05:00,2024-06-03 10:07:00,long,or_rev,or_rev_long,20368.25,20368.1875,20359.5,20418.0,trail,35.0,-0.007142857142857143,True,True
2024-06-03 10:57:00,2024-06-03 11:01:00,long,vwap_rev,vwap_rev_long,20274.25,20274.1875,20264.25,20375.5,trail,40.0,-0.00625,True,True
2024-06-03 13:30:00,2024-06-03 13:32:00,long,pm_mom,pm_mom_long,20224.0,20239.9375,20214.5,20243.0,trail,38.0,1.6776315789473684,True,True
2024-06-04 10:25:00,2024-06-04 10:26:00,long,vwap_scalp,vwap_scalp_long,20279.5,20293.25,20272.5,20293.25,target,28.0,1.9642857142857142,False,False
2024-06-04 11:35:00,2024-06-04 11:37:00,long,vwap_scalp,vwap_scalp_long,20278.5,20278.4375,20269.25,20293.25,trail,37.0,-0.006756756756756757,True,True
2024-06-04 11:41:00,2024-06-04 11:43:00,long,vwap_scalp,vwap_scalp_long,20282.75,20296.6875,20278.0,20295.0,trail,19.0,2.9342105263157894,True,True
2024-06-05 09:45:00,2024-06-05 09:47:00,long,open_drive,open_drive_long,20528.25,20528.1875,20515.25,20554.25,trail,52.0,-0.004807692307692308,True,True
2024-06-05 11:32:00,2024-06-05 11:37:00,long,trend,trend_cont_long,20667.75,20674.9375,20658.0,20687.25,trail,39.0,0.7371794871794872,True,True
2024-06-05 11:39:00,2024-06-05 11:40:00,long,trend,trend_cont_long,20671.75,20665.6875,20665.75,20683.75,stop,24.0,-1.0104166666666667,False,False
2024-06-05 13:32:00,2024-06-05 13:33:00,long,pm_mom,pm_mom_long,20695.75,20701.5,20692.75,20701.5,target,11.519473603373626,1.9166666666666667,False,False
2024-06-06 09:58:00,2024-06-06 09:59:00,long,ou_rev,ou_rev_long,20749.5,20744.1875,20744.25,20779.75,stop,21.0,-1.0119047619047619,False,False
2024-06-06 10:08:00,2024-06-06 10:10:00,long,or_rev,or_rev_long,20763.5,20751.6875,20751.75,20794.5,stop,47.0,-1.0053191489361701,False,False
2024-06-06 11:50:00,2024-06-06 11:51:00,long,vwap_scalp,vwap_scalp_long,20753.0,20762.0,20748.25,20762.0,target,19.0,1.894736842105263,False,False
2024-06-06 12:18:00,2024-06-06 12:20:00,long,ou_lunch,ou_lunch_long,20745.0,20759.4375,20733.0,20769.75,trail,48.0,1.203125,True,True
2024-06-06 12:35:00,2024-06-06 12:37:00,long,ou_lunch,ou_lunch_long,20741.25,20746.4375,20736.0,20768.75,trail,21.0,0.9880952380952381,True,True
2024-06-07 13:51:00,2024-06-07 13:53:00,long,pm_mom,pm_mom_long,20822.5,20830.4375,20819.25,20829.0,trail,13.0,2.4423076923076925,True,True
2024-06-10 09:50:00,2024-06-10 09:51:00,long,pd_rev,pd_pdl_long,20689.75,20681.9375,20682.0,20705.25,stop,31.0,-1.0080645161290323,False,False
2024-06-10 13:45:00,2024-06-10 13:47:00,long,pm_mom,pm_mom_long,20770.75,20786.1875,20766.25,20779.5,trail,17.528718475135975,3.4305555555555554,True,True
2024-06-11 09:51:00,2024-06-11 09:53:00,long,ou_rev,ou_rev_long,20712.25,20729.1875,20704.75,20749.25,trail,30.0,2.2583333333333333,True,True
2024-06-12 10:33:00,2024-06-12 10:35:00,long,trend,trend_cont_long,21234.0,21233.9375,21225.25,21251.5,trail,35.0,-0.007142857142857143,True,True
2024-06-12 10:53:00,2024-06-12 11:07:00,short,trend,trend_cont_short,21192.75,21212.8125,21212.75,21152.75,trail,80.0,-1.003125,False,True
2024-06-12 11:30:00,2024-06-12 11:32:00,long,trend,trend_cont_long,21227.5,21220.1875,21220.25,21242.0,stop,29.0,-1.0086206896551724,False,False
2024-06-12 13:56:00,2024-06-12 13:58:00,long,pm_mom,pm_mom_long,21210.0,21209.9375,21204.75,21220.5,trail,21.0,-0.011904761904761904,True,True
2024-06-13 10:16:00,2024-06-13 10:17:00,long,ou_rev,ou_rev_long,21288.0,21278.6875,21278.75,21328.5,stop,37.0,-1.0067567567567568,False,False
2024-06-13 10:25:00,2024-06-13 10:28:00,long,vwap_rev,vwap_rev_long,21234.0,21233.9375,21228.0,21316.0,trail,24.0,-0.010416666666666666,True,True
2024-06-13 10:37:00,2024-06-13 10:39:00,long,vwap_scalp,vwap_scalp_long,21260.75,21287.6875,21250.25,21283.5,trail,42.0,2.5654761904761907,True,True
2024-06-13 10:53:00,2024-06-13 10:57:00,long,vwap_scalp,vwap_scalp_long,21259.75,21259.6875,21253.0,21280.75,trail,27.0,-0.009259259259259259,True,True
2024-06-13 11:06:00,2024-06-13 11:09:00,long,ou_rev,ou_rev_long,21261.75,21282.9375,21238.25,21297.75,trail,94.0,0.901595744680851,True,True
2024-06-14 13:31:00,2024-06-14 13:35:00,long,pm_mom,pm_mom_long,21358.0,21364.9375,21352.25,21369.5,trail,23.0,1.2065217391304348,True,True
2024-06-17 09:39:00,2024-06-17 09:44:00,long,open_drive,open_drive_long,21386.25,21371.6875,21371.75,21415.25,stop,58.0,-1.0043103448275863,False,False
2024-06-17 09:51:00,2024-06-17 09:53:00,long,ou_rev,ou_rev_long,21347.5,21347.4375,21336.5,21377.75,trail,44.0,-0.005681818181818182,True,True
2024-06-17 09:58:00,2024-06-17 10:00:00,long,open_drive,open_drive_long,21375.5,21387.4375,21363.25,21400.0,trail,49.0,0.9744897959183674,True,True
2024-06-17 13:31:00,2024-06-17 13:33:00,long,pm_mom,pm_mom_long,21594.75,21606.25,21589.0,21606.25,target,23.0,2.0,False,False
2024-06-18 09:58:00,2024-06-18 10:00:00,long,open_drive,open_drive_long,21629.5,21614.6875,21614.75,21659.0,stop,59.0,-1.0042372881355932,False,False
2024-06-18 10:44:00,2024-06-18 10:45:00,long,ou_rev,ou_rev_long,21604.0,21599.4375,21599.5,21624.5,stop,18.0,-1.0138888888888888,False,False
2024-06-18 10:52:00,2024-06-18 10:54:00,long,ou_rev,ou_rev_long,21597.0,21596.9375,21590.75,21622.5,trail,25.0,-0.01,True,True
2024-06-18 10:59:00,2024-06-18 11:01:00,long,vwap_rev,vwap_rev_long,21592.0,21604.1875,21588.5,21621.25,trail,14.0,3.482142857142857,True,True
2024-06-18 11:32:00,2024-06-18 11:34:00,long,ou_lunch,ou_lunch_long,21589.5,21589.4375,21585.75,21614.25,trail,15.0,-0.016666666666666666,True,True
2024-06-18 13:35:00,2024-06-18 13:37:00,long,pm_mom,pm_mom_long,21642.5,21647.9375,21638.75,21650.0,trail,15.0,1.45,True,True
2024-06-19 09:42:00,2024-06-19 09:45:00,long,open_drive,open_drive_long,21677.25,21680.6875,21673.75,21684.25,trail,14.0,0.9821428571428571,True,True
2024-06-19 10:38:00,2024-06-19 10:41:00,long,ou_rev,ou_rev_long,21663.75,21666.9375,21658.25,21672.75,trail,22.0,0.5795454545454546,False,True
2024-06-20 10:21:00,2024-06-20 10:23:00,long,vwap_rev,vwap_rev_long,21560.0,21588.4375,21551.0,21643.75,trail,36.0,3.1597222222222223,True,True
2024-06-21 10:05:00,2024-06-21 10:06:00,long,pd_rev,pd_pdl_long,21394.75,21384.1875,21384.25,21415.75,stop,42.0,-1.005952380952381,False,False
2024-06-21 13:49:00,2024-06-21 13:53:00,long,pm_mom,pm_mom_long,21402.75,21422.1875,21395.5,21417.25,trail,29.0,2.6810344827586206,True,True
2024-06-21 14:06:00,2024-06-21 14:13:00,long,ou_rev,ou_rev_long,21400.25,21413.4375,21389.0,21426.5,trail,45.0,1.1722222222222223,True,True
2024-06-24 09:54:00,2024-06-24 09:55:00,long,open_drive,open_drive_long,21350.0,21367.0,21341.5,21367.0,target,34.0,2.0,False,False
2024-06-25 13:30:00,2024-06-25 13:31:00,long,pm_mom,pm_mom_long,21330.5,21325.6875,21325.75,21340.0,stop,19.0,-1.013157894736842,False,False
2024-06-26 11:15:00,2024-06-26 11:17:00,long,vwap_scalp,vwap_scalp_long,21361.75,21382.1875,21356.0,21382.75,trail,23.0,3.5543478260869565,True,True
2024-06-27 10:13:00,2024-06-27 10:16:00,long,trend,trend_cont_long,21513.25,21549.6875,21496.0,21547.75,trail,69.0,2.11231884057971,True,True
2024-06-28 12:30:00,2024-06-28 12:31:00,long,vwap_scalp,vwap_scalp_long,21504.75,21501.9375,21502.0,21538.0,stop,11.0,-1.0227272727272727,False,False
2024-06-28 14:02:00,2024-06-28 14:06:00,long,pm_mom,pm_mom_long,21475.5,21475.4375,21466.0,21494.5,trail,38.0,-0.006578947368421052,True,True
2024-07-01 10:02:00,2024-07-01 10:04:00,long,open_drive,open_drive_long,21351.5,21338.1875,21338.25,21378.0,stop,53.0,-1.0047169811320755,False,False
2024-07-01 10:08:00,2024-07-01 10:10:00,long,or_rev,or_rev_long,21351.0,21350.9375,21343.5,21385.75,trail,30.0,-0.008333333333333333,True,True
2024-07-01 10:22:00,2024-07-01 10:23:00,long,pd_rev,pd_pdl_long,21341.5,21357.5,21333.5,21357.5,target,32.0,2.0,False,False
2024-07-01 13:37:00,2024-07-01 13:39:00,long,pm_mom,pm_mom_long,21441.75,21435.1875,21435.25,21454.75,stop,26.0,-1.0096153846153846,False,False
2024-07-02 13:33:00,2024-07-02 13:36:00,long,pm_mom,pm_mom_long,21609.25,21609.1875,21604.0,21619.75,trail,21.0,-0.011904761904761904,True,True
2024-07-02 13:48:00,2024-07-02 13:52:00,long,trend,trend_cont_long,21620.25,21629.4375,21610.75,21639.25,trail,38.0,0.9671052631578947,True,True
2024-07-02 13:55:00,2024-07-02 13:58:00,long,trend,trend_cont_long,21634.25,21648.1875,21619.25,21664.25,trail,60.0,0.9291666666666667,True,True
2024-07-02 14:02:00,2024-07-02 14:06:00,long,trend,trend_cont_long,21645.25,21651.9375,21636.5,21662.75,trail,35.0,0.7642857142857142,True,True
2024-07-04 10:02:00,2024-07-04 10:04:00,long,or_rev,or_rev_long,21817.0,21816.9375,21813.75,21830.0,trail,13.0,-0.019230769230769232,True,True
2024-07-04 10:17:00,2024-07-04 10:22:00,short,trend,trend_cont_short,21805.75,21813.0625,21813.0,21791.25,stop,29.0,-1.0086206896551724,False,False
2024-07-04 10:54:00,2024-07-04 11:01:00,long,ou_rev,ou_rev_long,21807.25,21811.6875,21802.5,21816.25,trail,19.0,0.9342105263157895,False,True
2024-07-05 13:32:00,2024-07-05 13:33:00,long,pm_mom,pm_mom_long,22052.5,22048.1875,22048.25,22061.0,stop,17.0,-1.0147058823529411,False,False
2024-07-08 09:48:00,2024-07-08 09:49:00,long,open_drive,open_drive_long,22056.5,22044.4375,22044.5,22080.5,stop,48.0,-1.0052083333333333,False,False
2024-07-08 09:56:00,2024-07-08 09:58:00,long,open_drive,open_drive_long,22060.25,22070.1875,22047.75,22085.25,trail,50.0,0.795,True,True
2024-07-08 10:38:00,2024-07-08 10:41:00,long,ou_rev,ou_rev_long,22033.75,22045.4375,22020.5,22055.75,trail,53.0,0.8820754716981132,True,True
2024-07-08 10:54:00,2024-07-08 10:55:00,long,vwap_scalp,vwap_scalp_long,22034.5,22031.1875,22031.25,22044.25,stop,13.0,-1.0192307692307692,False,False
2024-07-08 13:30:00,2024-07-08 13:32:00,long,pm_mom,pm_mom_long,22082.0,22088.4375,22076.5,22093.0,trail,22.0,1.1704545454545454,True,True
2024-07-09 10:33:00,2024-07-09 10:35:00,long,ou_rev,ou_rev_long,22127.25,22143.9375,22113.0,22167.5,trail,57.0,1.1710526315789473,True,True
2024-07-09 11:08:00,2024-07-09 11:09:00,long,vwap_scalp,vwap_scalp_long,22133.25,22127.1875,22127.25,22148.0,stop,24.0,-1.0104166666666667,False,False
2024-07-09 11:13:00,2024-07-09 11:15:00,long,ou_rev,ou_rev_long,22126.0,22139.6875,22117.0,22161.75,trail,36.0,1.5208333333333333,True,True
2024-07-09 11:21:00,2024-07-09 11:22:00,long,ou_rev,ou_rev_long,22136.5,22130.9375,22131.0,22160.75,stop,22.0,-1.0113636363636365,False,False
2024-07-09 11:26:00,2024-07-09 11:47:00,long,ou_rev,ou_rev_long,22121.25,22132.6875,22102.75,22159.0,trail,74.0,0.6182432432432432,False,True
2024-07-09 12:51:00,2024-07-09 12:53:00,long,vwap_rev,vwap_rev_long,22082.5,22096.6875,22078.25,22148.5,trail,17.0,3.338235294117647,True,True
2024-07-10 11:10:00,2024-07-10 11:13:00,long,vwap_scalp,vwap_scalp_long,22160.5,22170.9375,22154.5,22173.5,trail,24.0,1.7395833333333333,True,True
2024-07-10 11:16:00,2024-07-10 11:17:00,long,ou_rev,ou_rev_long,22161.75,22156.1875,22156.25,22186.0,stop,22.0,-1.0113636363636365,False,False
2024-07-10 13:31:00,2024-07-10 13:32:00,long,pm_mom,pm_mom_long,22290.75,22286.4375,22286.5,22299.25,stop,17.0,-1.0147058823529411,False,False
2024-07-11 10:08:00,2024-07-11 10:10:00,short,trend,trend_cont_short,22276.0,22245.3125,22291.25,22245.5,trail,61.0,2.012295081967213,True,True
2024-07-12 13:30:00,2024-07-12 13:31:00,long,pm_mom,pm_mom_long,22100.75,22097.6875,22097.75,22106.75,stop,12.0,-1.0208333333333333,False,False
2024-07-15 13:22:00,2024-07-15 13:24:00,long,ou_lunch,ou_lunch_long,22052.0,22075.1875,22045.5,22100.75,trail,26.0,3.5673076923076925,True,True
2024-07-16 10:08:00,2024-07-16 10:09:00,long,or_rev,or_rev_long,21948.75,21934.1875,21934.25,22090.75,stop,58.0,-1.0043103448275863,False,False
2024-07-16 10:16:00,2024-07-16 10:17:00,long,pd_rev,pd_pdl_long,21942.0,21928.1875,21928.25,22026.25,stop,55.0,-1.0045454545454546,False,False
2024-07-16 10:26:00,2024-07-16 10:29:00,short,trend,trend_cont_short,21938.75,21949.3125,21949.25,21917.75,stop,42.0,-1.005952380952381,False,False
2024-07-16 12:42:00,2024-07-16 12:44:00,long,vwap_scalp,vwap_scalp_long,21934.0,21933.9375,21925.0,21963.0,trail,36.0,-0.006944444444444444,True,True
2024-07-16 13:52:00,2024-07-16 13:55:00,long,pm_mom,pm_mom_long,21948.0,21956.6875,21942.25,21959.5,trail,23.0,1.5108695652173914,True,True
2024-07-16 13:58:00,2024-07-16 14:00:00,long,vwap_scalp,vwap_scalp_long,21960.0,21967.1875,21954.5,21972.5,trail,22.0,1.3068181818181819,True,True
2024-07-16 14:24:00,2024-07-16 14:31:00,long,ou_rev,ou_rev_long,21961.0,21960.9375,21951.5,21983.0,trail,38.0,-0.006578947368421052,True,True
2024-07-17 10:05:00,2024-07-17 10:07:00,long,ou_rev,ou_rev_long,21588.75,21588.6875,21581.0,21661.0,trail,31.0,-0.008064516129032258,True,True
2024-07-17 10:20:00,2024-07-17 10:22:00,long,vwap_scalp,vwap_scalp_long,21584.5,21572.9375,21573.0,21609.25,stop,46.0,-1.0054347826086956,False,False
2024-07-17 10:30:00,2024-07-17 10:32:00,long,ou_rev,ou_rev_long,21563.75,21563.6875,21552.25,21626.5,trail,46.0,-0.005434782608695652,True,True
2024-07-17 10:52:00,2024-07-17 10:53:00,long,vwap_scalp,vwap_scalp_long,21556.25,21546.9375,21547.0,21587.0,stop,37.0,-1.0067567567567568,False,False
2024-07-17 11:33:00,2024-07-17 11:35:00,long,ou_lunch,ou_lunch_long,21551.5,21568.9375,21540.5,21602.25,trail,44.0,1.5852272727272727,True,True
2024-07-17 13:34:00,2024-07-17 13:37:00,long,pm_mom,pm_mom_long,21509.0,21508.9375,21499.5,21528.0,trail,38.0,-0.006578947368421052,True,True
2024-07-18 10:44:00,2024-07-18 10:45:00,long,vwap_rev,vwap_rev_long,21340.75,21329.4375,21329.5,21478.25,stop,45.0,-1.0055555555555555,False,False
2024-07-18 11:16:00,2024-07-18 11:17:00,long,vwap_rev,vwap_rev_long,21299.25,21291.1875,21291.25,21451.0,stop,32.0,-1.0078125,False,False
2024-07-18 13:30:00,2024-07-18 13:32:00,long,ou_rev,ou_rev_long,21335.5,21360.6875,21324.75,21379.75,trail,43.0,2.3430232558139537,True,True
2024-07-18 13:36:00,2024-07-18 13:38:00,long,ou_rev,ou_rev_long,21334.75,21357.6875,21328.25,21379.25,trail,26.0,3.5288461538461537,True,True
2024-07-19 10:29:00,2024-07-19 10:30:00,long,ou_rev,ou_rev_long,21248.75,21244.6875,21244.75,21321.25,stop,16.0,-1.015625,False,False
2024-07-19 10:35:00,2024-07-19 10:37:00,long,ou_rev,ou_rev_long,21220.0,21243.4375,21213.75,21311.75,trail,25.0,3.75,True,True
2024-07-22 09:51:00,2024-07-22 09:53:00,short,ou_rev,ou_rev_short,21445.5,21419.3125,21460.25,21383.0,trail,59.0,1.7754237288135593,True,True
2024-07-22 10:44:00,2024-07-22 10:46:00,short,or_rev,or_rev_short,21437.75,21429.8125,21445.0,21364.0,trail,29.0,1.0948275862068966,False,True
2024-07-23 10:24:00,2024-07-23 10:26:00,short,ou_rev,ou_rev_short,21472.0,21442.3125,21479.5,21430.25,trail,30.0,3.9583333333333335,True,True
2024-07-24 10:00:00,2024-07-24 10:01:00,long,or_rev,or_rev_long,20945.0,20933.4375,20933.5,21023.0,stop,46.0,-1.0054347826086956,False,False
2024-07-24 11:51:00,2024-07-24 11:53:00,long,ou_lunch,ou_lunch_long,20810.75,20834.6875,20805.0,20918.75,trail,23.0,4.163043478260869,True,True
2024-07-25 10:08:00,2024-07-25 10:10:00,short,trend,trend_cont_short,20419.5,20348.0625,20446.0,20366.5,trail,106.0,2.6957547169811322,True,True
2024-07-26 10:02:00,2024-07-26 10:05:00,short,ou_rev,ou_rev_short,20586.5,20539.8125,20607.25,20546.75,trail,83.0,2.25,True,True
2024-07-29 10:02:00,2024-07-29 10:04:00,short,ou_rev,ou_rev_short,20803.5,20773.3125,20810.75,20736.25,trail,29.0,4.163793103448276,True,True
2024-07-30 11:47:00,2024-07-30 11:49:00,short,trend,trend_cont_short,20361.25,20383.0625,20383.0,20317.75,stop,87.0,-1.0028735632183907,False,False
2024-07-30 11:59:00,2024-07-30 12:01:00,short,trend,trend_cont_short,20367.5,20379.8125,20379.75,20343.0,stop,49.0,-1.0051020408163265,False,False
2024-07-31 10:03:00,2024-07-31 10:05:00,short,or_rev,or_rev_short,20848.25,20848.3125,20861.0,20795.5,trail,51.0,-0.004901960784313725,True,True
2024-07-31 10:21:00,2024-07-31 10:23:00,short,ou_rev,ou_rev_short,20895.25,20872.0625,20905.25,20813.5,trail,40.0,2.31875,True,True
2024-08-01 13:34:00,2024-08-01 13:36:00,short,pm_mom,pm_mom_short,20438.25,20438.3125,20447.5,20419.75,trail,37.0,-0.006756756756756757,True,True
2024-08-02 14:14:00,2024-08-02 14:16:00,short,pm_mom,pm_mom_short,19909.5,19898.0625,19916.5,19895.5,trail,28.0,1.6339285714285714,True,True
2024-08-05 11:32:00,2024-08-05 11:33:00,short,ou_lunch,ou_lunch_short,19553.25,19563.3125,19563.25,19366.25,stop,40.0,-1.00625,False,False
2024-08-05 12:09:00,2024-08-05 12:11:00,short,ou_lunch,ou_lunch_short,19576.5,19576.5625,19582.5,19389.5,trail,24.0,-0.010416666666666666,True,True
2024-08-05 12:30:00,2024-08-05 12:32:00,short,vwap_rev,vwap_rev_short,19716.0,19653.8125,19722.5,19405.25,trail,26.0,9.567307692307692,True,True
2024-08-06 10:21:00,2024-08-06 10:22:00,short,or_rev,or_rev_short,19636.0,19650.5625,19650.5,19505.5,stop,58.0,-1.0043103448275863,False,False
2024-08-06 10:42:00,2024-08-06 10:44:00,short,ou_rev,ou_rev_short,19666.5,19666.5625,19679.75,19567.5,trail,53.0,-0.0047169811320754715,True,True
2024-08-06 10:49:00,2024-08-06 10:50:00,short,ou_rev,ou_rev_short,19742.5,19758.3125,19758.25,19581.0,stop,63.0,-1.003968253968254,False,False
2024-08-06 13:44:00,2024-08-06 13:45:00,short,pm_mom,pm_mom_short,19835.75,19842.5625,19842.5,19822.25,stop,26.841838805150473,-1.0092592592592593,False,False
2024-08-07 10:03:00,2024-08-07 10:05:00,short,or_rev,or_rev_short,19976.75,19918.0625,19990.5,19922.75,trail,55.0,4.2681818181818185,True,True
2024-08-08 10:11:00,2024-08-08 10:14:00,short,or_rev,or_rev_short,19723.75,19723.8125,19731.0,19626.0,trail,29.0,-0.008620689655172414,True,True
2024-08-08 11:17:00,2024-08-08 11:21:00,short,trend,trend_cont_short,19764.25,19792.3125,19792.25,19708.25,stop,112.0,-1.0022321428571428,False,False
2024-08-08 12:40:00,2024-08-08 12:41:00,short,vwap_scalp,vwap_scalp_short,19811.5,19822.0625,19822.0,19779.25,stop,42.0,-1.005952380952381,False,False
2024-08-09 10:23:00,2024-08-09 10:25:00,short,or_rev,or_rev_short,19963.0,19919.3125,19973.5,19919.5,trail,42.0,4.160714285714286,True,True
2024-08-12 10:25:00,2024-08-12 10:26:00,short,or_rev,or_rev_short,20135.0,20148.0625,20148.0,20061.0,stop,52.0,-1.0048076923076923,False,False
2024-08-12 13:41:00,2024-08-12 13:42:00,short,pm_mom,pm_mom_short,20083.75,20090.0625,20090.0,20071.25,stop,25.0,-1.01,False,False
2024-08-13 10:00:00,2024-08-13 10:02:00,short,or_rev,or_rev_short,20332.25,20345.0625,20345.0,20285.0,trail,51.0,-1.0049019607843137,False,True
2024-08-13 10:30:00,2024-08-13 10:31:00,short,vwap_scalp,vwap_scalp_short,20338.0,20325.5,20343.0,20325.5,target,20.0,2.5,False,False
2024-08-13 10:42:00,2024-08-13 10:44:00,short,vwap_scalp,vwap_scalp_short,20333.25,20333.3125,20339.5,20323.5,trail,25.0,-0.01,True,True
2024-08-13 10:56:00,2024-08-13 10:58:00,short,ou_rev,ou_rev_short,20370.0,20370.0625,20377.0,20320.0,trail,28.0,-0.008928571428571428,True,True
2024-08-13 11:02:00,2024-08-13 11:05:00,short,vwap_scalp,vwap_scalp_short,20370.75,20382.5625,20382.5,20346.25,stop,47.0,-1.0053191489361701,False,False
2024-08-13 11:07:00,2024-08-13 11:09:00,short,vwap_rev,vwap_rev_short,20389.5,20389.5625,20397.0,20324.0,trail,30.0,-0.008333333333333333,True,True
2024-08-13 11:30:00,2024-08-13 11:33:00,short,ou_lunch,ou_lunch_short,20400.75,20389.3125,20410.0,20332.0,trail,37.0,1.2364864864864864,True,True
2024-08-13 11:40:00,2024-08-13 11:41:00,short,ou_lunch,ou_lunch_short,20410.5,20413.3125,20413.25,20335.0,stop,11.0,-1.0227272727272727,False,False
2024-08-13 13:34:00,2024-08-13 13:36:00,short,pm_mom,pm_mom_short,20498.5,20498.5625,20506.0,20483.5,trail,30.0,-0.008333333333333333,True,True
2024-08-14 10:10:00,2024-08-14 10:11:00,long,vwap_scalp,vwap_scalp_long,20456.25,20447.4375,20447.5,20482.75,stop,35.0,-1.0071428571428571,False,False
2024-08-14 10:22:00,2024-08-14 10:24:00,long,ou_rev,ou_rev_long,20430.75,20448.9375,20420.75,20490.75,trail,40.0,1.81875,True,True
2024-08-14 11:58:00,2024-08-14 11:59:00,short,vwap_rev,vwap_rev_short,20621.5,20628.0625,20628.0,20490.75,stop,26.0,-1.0096153846153846,False,False
2024-08-14 13:30:00,2024-08-14 13:32:00,long,pm_mom,pm_mom_long,20517.5,20531.4375,20507.75,20537.0,trail,39.0,1.4294871794871795,False,True
2024-08-15 10:03:00,2024-08-15 10:05:00,short,vwap_rev,vwap_rev_short,20907.25,20853.5625,20916.25,20827.0,trail,36.0,5.965277777777778,True,True
2024-08-16 13:31:00,2024-08-16 13:33:00,long,pm_mom,pm_mom_long,21073.0,21072.9375,21069.0,21081.0,trail,16.0,-0.015625,True,True
2024-08-19 10:21:00,2024-08-19 10:23:00,long,ou_rev,ou_rev_long,20971.75,21009.6875,20961.5,21022.75,trail,41.0,3.701219512195122,True,True
2024-08-20 10:21:00,2024-08-20 10:22:00,short,trend,trend_cont_short,21251.75,21270.0625,21270.0,21215.25,stop,73.0,-1.0034246575342465,False,False
2024-08-20 10:26:00,2024-08-20 10:30:00,short,trend,trend_cont_short,21252.0,21252.0625,21276.0,21204.0,trail,96.0,-0.0026041666666666665,True,True
2024-08-20 10:31:00,2024-08-20 10:33:00,short,trend,trend_cont_short,21254.0,21239.3125,21269.0,21224.0,trail,60.0,0.9791666666666666,True,True
2024-08-20 10:44:00,2024-08-20 10:46:00,long,vwap_rev,vwap_rev_long,21185.75,21196.9375,21175.5,21280.0,trail,41.0,1.0914634146341464,False,True
2024-08-20 13:30:00,2024-08-20 13:33:00,long,pm_mom,pm_mom_long,21220.75,21226.9375,21214.0,21234.25,trail,27.0,0.9166666666666666,False,True
2024-08-21 11:41:00,2024-08-21 11:43:00,short,trend,trend_cont_short,21287.0,21274.5625,21294.0,21273.0,trail,28.0,1.7767857142857142,True,True
2024-08-21 11:50:00,2024-08-21 11:53:00,short,trend,trend_cont_short,21266.75,21245.8125,21283.25,21233.75,trail,66.0,1.268939393939394,True,True
2024-08-22 09:42:00,2024-08-22 09:44:00,long,open_drive,open_drive_long,21433.25,21419.4375,21419.5,21460.75,stop,55.0,-1.0045454545454546,False,False
2024-08-22 09:55:00,2024-08-22 09:57:00,long,open_drive,open_drive_long,21423.25,21441.1875,21411.75,21446.25,trail,46.0,1.559782608695652,True,True
2024-08-22 10:03:00,2024-08-22 10:05:00,long,or_rev,or_rev_long,21392.75,21410.6875,21379.75,21430.5,trail,52.0,1.3798076923076923,True,True
2024-08-22 10:13:00,2024-08-22 10:15:00,long,vwap_rev,vwap_rev_long,21328.75,21349.6875,21319.75,21403.0,trail,36.0,2.326388888888889,True,True
2024-08-23 12:24:00,2024-08-23 12:25:00,long,vwap_scalp,vwap_scalp_long,21106.25,21096.9375,21097.0,21151.75,stop,37.0,-1.0067567567567568,False,False
2024-08-23 13:20:00,2024-08-23 13:23:00,long,vwap_scalp,vwap_scalp_long,21126.0,21143.6875,21115.0,21154.0,trail,44.0,1.6079545454545454,False,True
2024-08-23 13:30:00,2024-08-23 13:31:00,long,pm_mom,pm_mom_long,21158.0,21168.5,21152.75,21168.5,target,21.0,2.0,False,False
2024-08-26 10:03:00,2024-08-26 10:06:00,long,ou_rev,ou_rev_long,21144.0,21162.6875,21126.75,21184.25,trail,69.0,1.0833333333333333,True,True
2024-08-26 11:09:00,2024-08-26 11:11:00,long,pd_rev,pd_pdl_long,21029.0,21028.9375,21017.75,21086.5,trail,45.0,-0.005555555555555556,True,True
2024-08-26 13:16:00,2024-08-26 13:17:00,long,vwap_scalp,vwap_scalp_long,21039.5,21034.6875,21034.75,21052.5,stop,19.0,-1.013157894736842,False,False
2024-08-26 14:19:00,2024-08-26 14:21:00,long,pm_mom,pm_mom_long,20980.75,20998.75,20971.75,20998.75,target,36.0,2.0,False,False
2024-08-27 11:40:00,2024-08-27 11:44:00,short,trend,trend_cont_short,21034.75,21034.8125,21043.5,21010.75,trail,35.0,-0.007142857142857143,True,True
2024-08-27 11:46:00,2024-08-27 11:47:00,short,trend,trend_cont_short,21033.5,21041.3125,21041.25,21010.75,stop,31.0,-1.0080645161290323,False,False
2024-08-27 11:52:00,2024-08-27 11:54:00,short,trend,trend_cont_short,21031.5,21013.0625,21040.5,21010.75,trail,36.0,2.048611111111111,True,True
2024-08-27 13:31:00,2024-08-27 13:34:00,long,pm_mom,pm_mom_long,21110.75,21102.9375,21103.0,21126.25,stop,31.0,-1.0080645161290323,False,False
2024-08-28 10:00:00,2024-08-28 10:01:00,short,trend,trend_cont_short,20990.75,20962.25,21005.0,20962.25,target,57.0,2.0,False,False
2024-08-29 09:59:00,2024-08-29 10:00:00,short,ou_rev,ou_rev_short,21065.75,21082.3125,21082.25,21007.5,stop,66.0,-1.003787878787879,False,False
2024-08-29 10:37:00,2024-08-29 10:39:00,short,or_rev,or_rev_short,21060.75,21044.5625,21072.75,20977.0,trail,48.0,1.3489583333333333,True,True
2024-08-29 10:45:00,2024-08-29 10:47:00,short,ou_rev,ou_rev_short,21081.75,21081.8125,21098.25,21023.0,trail,66.0,-0.003787878787878788,True,True
2024-08-29 10:54:00,2024-08-29 10:57:00,short,ou_rev,ou_rev_short,21107.25,21097.0625,21119.75,21028.25,trail,50.0,0.815,True,True
2024-08-29 11:04:00,2024-08-29 11:06:00,short,pd_rev,pd_pdh_short,21086.25,21061.8125,21095.25,21032.0,trail,36.0,2.7152777777777777,True,True
2024-08-30 10:00:00,2024-08-30 10:01:00,short,ou_rev,ou_rev_short,21026.0,21032.3125,21032.25,20991.0,stop,25.0,-1.01,False,False
2024-08-30 10:05:00,2024-08-30 10:10:00,short,ou_rev,ou_rev_short,21038.75,21004.3125,21061.0,20998.75,trail,89.0,1.547752808988764,True,True
2024-08-30 13:45:00,2024-08-30 13:47:00,short,pm_mom,pm_mom_short,20900.25,20890.8125,20906.0,20888.75,trail,23.0,1.641304347826087,True,True
2024-09-02 09:38:00,2024-09-02 09:40:00,long,open_drive,open_drive_long,21055.5,21061.4375,21047.5,21071.5,trail,32.0,0.7421875,True,True
2024-09-02 10:10:00,2024-09-02 10:14:00,long,or_rev,or_rev_long,21041.0,21035.9375,21036.0,21057.0,stop,20.0,-1.0125,False,False
2024-09-03 10:06:00,2024-09-03 10:07:00,long,or_rev,or_rev_long,20770.75,20759.4375,20759.5,20853.75,stop,45.0,-1.0055555555555555,False,False
2024-09-03 10:22:00,2024-09-03 10:24:00,long,ou_rev,ou_rev_long,20739.5,20739.4375,20728.75,20806.25,trail,43.0,-0.005813953488372093,True,True
2024-09-03 10:30:00,2024-09-03 10:31:00,long,ou_rev,ou_rev_long,20749.75,20736.6875,20736.75,20802.25,stop,52.0,-1.0048076923076923,False,False
2024-09-03 10:37:00,2024-09-03 10:39:00,long,vwap_rev,vwap_rev_long,20689.25,20689.1875,20679.0,20793.25,trail,41.0,-0.006097560975609756,True,True
2024-09-03 11:49:00,2024-09-03 11:51:00,long,ou_lunch,ou_lunch_long,20604.25,20598.4375,20598.5,20729.5,stop,23.0,-1.0108695652173914,False,False
2024-09-03 12:55:00,2024-09-03 12:57:00,long,ou_lunch,ou_lunch_long,20583.25,20583.1875,20575.75,20706.25,trail,30.0,-0.008333333333333333,True,True
2024-09-03 13:40:00,2024-09-03 13:41:00,long,pm_mom,pm_mom_long,20595.5,20586.9375,20587.0,20612.5,stop,34.0,-1.0073529411764706,False,False
2024-09-04 10:36:00,2024-09-04 10:38:00,short,ou_rev,ou_rev_short,20461.75,20461.8125,20471.5,20372.75,trail,39.0,-0.00641025641025641,True,True
2024-09-04 10:42:00,2024-09-04 10:44:00,short,ou_rev,ou_rev_short,20484.0,20484.0625,20493.0,20378.75,trail,36.0,-0.006944444444444444,True,True
2024-09-04 10:53:00,2024-09-04 10:55:00,short,vwap_scalp,vwap_scalp_short,20478.25,20478.3125,20487.5,20432.5,trail,37.0,-0.006756756756756757,True,True
2024-09-04 11:12:00,2024-09-04 11:14:00,short,vwap_scalp,vwap_scalp_short,20511.75,20499.0625,20515.25,20457.0,trail,14.0,3.625,True,True
2024-09-05 10:00:00,2024-09-05 10:01:00,short,vwap_scalp,vwap_scalp_short,20486.25,20494.3125,20494.25,20448.25,stop,32.0,-1.0078125,False,False
2024-09-05 10:58:00,2024-09-05 11:01:00,short,trend,trend_cont_short,20439.0,20387.8125,20454.5,20408.0,trail,62.0,3.3024193548387095,True,True
2024-09-06 13:33:00,2024-09-06 13:34:00,short,pm_mom,pm_mom_short,19927.5,19917.0,19932.75,19917.0,target,21.0,2.0,False,False
2024-09-09 10:00:00,2024-09-09 10:03:00,short,vwap_rev,vwap_rev_short,20120.5,20106.0625,20129.75,20085.0,trail,37.0,1.5608108108108107,True,True
2024-09-09 10:15:00,2024-09-09 10:17:00,short,ou_rev,ou_rev_short,20131.25,20131.3125,20139.0,20093.75,trail,31.0,-0.008064516129032258,True,True
2024-09-09 13:33:00,2024-09-09 13:34:00,short,pm_mom,pm_mom_short,20120.75,20125.8125,20125.75,20110.75,stop_ambiguous,20.0,-1.0125,False,False
2024-09-10 10:20:00,2024-09-10 10:21:00,short,pd_rev,pd_pdh_short,20162.25,20172.3125,20172.25,20142.25,stop,40.0,-1.00625,False,False
2024-09-11 12:49:00,2024-09-11 12:52:00,short,pd_rev,pd_pdh_short,20310.5,20325.5625,20325.5,20184.75,stop,60.0,-1.0041666666666667,False,False
2024-09-11 13:53:00,2024-09-11 13:55:00,short,vwap_rev,vwap_rev_short,20494.5,20459.8125,20503.75,20220.75,trail,37.0,3.75,True,True
2024-09-12 10:19:00,2024-09-12 10:21:00,short,ou_rev,ou_rev_short,20764.75,20754.8125,20775.25,20688.25,trail,42.0,0.9464285714285714,False,True
2024-09-12 13:35:00,2024-09-12 13:37:00,long,pm_mom,pm_mom_long,20841.5,20855.4375,20835.0,20854.5,trail,26.0,2.144230769230769,True,True
2024-09-13 13:30:00,2024-09-13 13:32:00,long,pm_mom,pm_mom_long,20996.5,21007.9375,20993.25,21003.0,trail,13.0,3.519230769230769,True,True
2024-09-16 12:34:00,2024-09-16 12:36:00,long,vwap_scalp,vwap_scalp_long,20774.5,20794.4375,20765.75,20791.0,trail,35.0,2.2785714285714285,True,True
2024-09-17 10:04:00,2024-09-17 10:08:00,long,open_drive,open_drive_long,20975.75,20998.9375,20963.5,21000.25,trail,49.0,1.8928571428571428,True,True
2024-09-17 12:20:00,2024-09-17 12:21:00,long,vwap_rev,vwap_rev_long,20910.5,20902.4375,20902.5,20979.0,stop,32.0,-1.0078125,False,False
2024-09-17 12:36:00,2024-09-17 12:37:00,long,vwap_rev,vwap_rev_long,20882.5,20874.6875,20874.75,20967.75,stop,31.0,-1.0080645161290323,False,False
2024-09-17 13:55:00,2024-09-17 13:56:00,long,pm_mom,pm_mom_long,20864.0,20860.6875,20860.75,20870.5,stop,13.0,-1.0192307692307692,False,False
2024-09-17 14:04:00,2024-09-17 14:08:00,long,trend,trend_cont_long,20869.5,20860.1875,20860.25,20888.0,stop,37.0,-1.0067567567567568,False,False
2024-09-17 14:10:00,2024-09-17 14:11:00,long,trend,trend_cont_long,20870.5,20862.1875,20862.25,20887.0,stop,33.0,-1.0075757575757576,False,False
2024-09-18 10:23:00,2024-09-18 10:24:00,long,ou_rev,ou_rev_long,20857.5,20851.4375,20851.5,20892.5,stop,24.0,-1.0104166666666667,False,False
2024-09-18 11:14:00,2024-09-18 11:16:00,long,vwap_scalp,vwap_scalp_long,20866.0,20865.9375,20858.5,20879.0,trail,30.0,-0.008333333333333333,True,True
2024-09-18 11:25:00,2024-09-18 11:26:00,long,vwap_rev,vwap_rev_long,20840.0,20834.9375,20835.0,20889.75,stop,20.0,-1.0125,False,False
2024-09-18 13:31:00,2024-09-18 13:32:00,long,pm_mom,pm_mom_long,20907.25,20919.75,20901.0,20919.75,target,25.0,2.0,False,False
2024-09-18 13:54:00,2024-09-18 13:58:00,short,trend,trend_cont_short,20883.0,20893.0625,20893.0,20863.0,stop,40.0,-1.00625,False,False
2024-09-19 11:00:00,2024-09-19 11:02:00,short,trend,trend_cont_short,21261.25,21261.3125,21276.75,21230.25,trail,62.0,-0.004032258064516129,True,True
2024-09-19 11:30:00,2024-09-19 11:32:00,long,trend,trend_cont_long,21333.25,21333.1875,21323.75,21352.25,trail,38.0,-0.006578947368421052,True,True
2024-09-19 11:41:00,2024-09-19 11:45:00,long,trend,trend_cont_long,21342.25,21330.6875,21330.75,21365.25,trail,46.0,-1.0054347826086956,False,True
2024-09-19 13:30:00,2024-09-19 13:32:00,long,pm_mom,pm_mom_long,21360.0,21359.9375,21356.0,21368.0,trail,16.0,-0.015625,True,True
2024-09-20 10:07:00,2024-09-20 10:08:00,long,or_rev,or_rev_long,21215.0,21203.9375,21204.0,21254.5,stop,44.0,-1.0056818181818181,False,False
2024-09-20 10:17:00,2024-09-20 10:19:00,long,ou_rev,ou_rev_long,21178.5,21210.4375,21174.5,21230.25,trail,16.0,7.984375,True,True
2024-09-23 12:54:00,2024-09-23 12:56:00,long,vwap_scalp,vwap_scalp_long,21240.25,21240.1875,21233.5,21258.5,trail,27.0,-0.009259259259259259,True,True
2024-09-23 12:59:00,2024-09-23 13:01:00,long,vwap_scalp,vwap_scalp_long,21244.25,21244.1875,21235.25,21260.25,trail,36.0,-0.006944444444444444,True,True
2024-09-23 13:32:00,2024-09-23 13:34:00,long,ou_rev,ou_rev_long,21241.0,21254.9375,21234.25,21273.5,trail,27.0,2.064814814814815,True,True
2024-09-24 10:02:00,2024-09-24 10:03:00,long,vwap_rev,vwap_rev_long,21240.0,21231.6875,21231.75,21301.0,stop,33.0,-1.0075757575757576,False,False
2024-09-24 10:17:00,2024-09-24 10:20:00,short,trend,trend_cont_short,21217.5,21217.5625,21230.5,21183.0,trail,52.0,-0.004807692307692308,True,True
2024-09-24 10:28:00,2024-09-24 10:29:00,long,vwap_scalp,vwap_scalp_long,21198.5,21188.6875,21188.75,21227.0,stop,39.0,-1.0064102564102564,False,False
2024-09-24 10:45:00,2024-09-24 10:47:00,long,ou_rev,ou_rev_long,21186.75,21219.6875,21173.75,21241.0,trail,52.0,2.5336538461538463,True,True
2024-09-24 11:05:00,2024-09-24 11:12:00,long,trend,trend_cont_long,21284.0,21307.1875,21267.75,21316.5,trail,65.0,1.426923076923077,False,True
2024-09-24 13:34:00,2024-09-24 13:35:00,long,pm_mom,pm_mom_long,21380.25,21385.25,21377.75,21385.25,target,10.0,2.0,False,False
2024-09-25 11:54:00,2024-09-25 11:55:00,long,vwap_scalp,vwap_scalp_long,21389.0,21380.1875,21380.25,21401.0,stop,35.0,-1.0071428571428571,False,False
2024-09-25 12:09:00,2024-09-25 12:13:00,long,ou_lunch,ou_lunch_long,21388.75,21388.6875,21376.75,21411.5,trail,48.0,-0.005208333333333333,True,True
2024-09-25 12:46:00,2024-09-25 12:47:00,long,ou_lunch,ou_lunch_long,21394.0,21390.1875,21390.25,21410.25,stop,15.0,-1.0166666666666666,False,False
2024-09-25 13:22:00,2024-09-25 13:23:00,long,vwap_scalp,vwap_scalp_long,21373.25,21367.1875,21367.25,21389.75,stop,24.0,-1.0104166666666667,False,False
2024-09-25 13:34:00,2024-09-25 13:35:00,long,ou_rev,ou_rev_long,21376.75,21370.9375,21371.0,21405.25,stop,23.0,-1.0108695652173914,False,False
2024-09-25 13:44:00,2024-09-25 13:46:00,long,ou_rev,ou_rev_long,21361.0,21360.9375,21355.25,21403.75,trail,23.0,-0.010869565217391304,True,True
2024-09-25 13:49:00,2024-09-25 13:52:00,long,ou_rev,ou_rev_long,21349.5,21365.4375,21337.25,21403.0,trail,49.0,1.3010204081632653,True,True
2024-09-26 10:02:00,2024-09-26 10:04:00,long,or_rev,or_rev_long,21617.0,21616.9375,21608.5,21666.5,trail,34.0,-0.007352941176470588,True,True
2024-09-26 10:07:00,2024-09-26 10:12:00,short,trend,trend_cont_short,21595.0,21612.5625,21612.5,21560.0,stop,70.0,-1.0035714285714286,False,False
2024-09-26 10:17:00,2024-09-26 10:26:00,short,trend,trend_cont_short,21590.0,21563.0625,21610.25,21549.5,trail,81.0,1.3302469135802468,True,True
2024-09-26 10:31:00,2024-09-26 10:32:00,long,vwap_rev,vwap_rev_long,21544.5,21535.6875,21535.75,21623.0,stop,35.0,-1.0071428571428571,False,False
2024-09-26 10:51:00,2024-09-26 10:52:00,long,ou_rev,ou_rev_long,21515.25,21490.6875,21490.75,21599.5,stop,98.0,-1.0025510204081634,False,False
2024-09-26 11:02:00,2024-09-26 11:04:00,long,vwap_scalp,vwap_scalp_long,21398.0,21431.9375,21385.5,21485.0,trail,50.0,2.715,True,True
2024-09-26 11:15:00,2024-09-26 11:17:00,long,ou_rev,ou_rev_long,21457.5,21476.9375,21437.75,21559.25,trail,79.0,0.9841772151898734,True,True
2024-09-27 10:19:00,2024-09-27 10:20:00,long,or_rev,or_rev_long,21505.0,21493.1875,21493.25,21544.75,stop,47.0,-1.0053191489361701,False,False
2024-09-27 10:34:00,2024-09-27 10:35:00,long,ou_rev,ou_rev_long,21500.5,21484.6875,21484.75,21529.75,stop,63.0,-1.003968253968254,False,False
2024-09-27 11:00:00,2024-09-27 11:01:00,long,vwap_scalp,vwap_scalp_long,21505.5,21502.4375,21502.5,21515.25,stop,12.0,-1.0208333333333333,False,False
2024-09-27 11:17:00,2024-09-27 11:18:00,long,ou_rev,ou_rev_long,21463.75,21454.1875,21454.25,21519.75,stop,38.0,-1.006578947368421,False,False
2024-09-27 11:34:00,2024-09-27 11:35:00,long,ou_lunch,ou_lunch_long,21449.25,21443.6875,21443.75,21513.5,stop,22.0,-1.0113636363636365,False,False
2024-09-27 11:47:00,2024-09-27 11:49:00,long,vwap_scalp,vwap_scalp_long,21469.25,21458.4375,21458.5,21489.75,stop,43.0,-1.005813953488372,False,False
2024-09-27 13:45:00,2024-09-27 13:48:00,long,pm_mom,pm_mom_long,21440.5,21444.6875,21433.0,21455.5,trail,30.0,0.5583333333333333,False,True
2024-09-30 10:06:00,2024-09-30 10:07:00,long,vwap_scalp,vwap_scalp_long,21394.25,21382.9375,21383.0,21409.25,stop,45.0,-1.0055555555555555,False,False
2024-09-30 10:17:00,2024-09-30 10:18:00,long,vwap_rev,vwap_rev_long,21360.5,21350.6875,21350.75,21415.0,stop,39.0,-1.0064102564102564,False,False
2024-09-30 13:41:00,2024-09-30 13:43:00,long,pd_rev,pd_pdl_long,21373.25,21378.1875,21369.0,21402.5,trail,17.0,1.161764705882353,True,True
2024-09-30 13:50:00,2024-09-30 13:55:00,long,pm_mom,pm_mom_long,21385.5,21394.1875,21376.5,21403.5,trail,36.0,0.9652777777777778,True,True
2024-10-01 10:00:00,2024-10-01 10:01:00,long,or_rev,or_rev_long,21242.0,21230.6875,21230.75,21366.0,stop,45.0,-1.0055555555555555,False,False
2024-10-01 11:05:00,2024-10-01 11:07:00,short,trend,trend_cont_short,21100.5,21071.0625,21115.25,21071.0,trail,59.0,1.9957627118644068,True,True
2024-10-01 13:41:00,2024-10-01 13:42:00,long,ou_rev,ou_rev_long,21093.5,21085.6875,21085.75,21157.0,stop,31.0,-1.0080645161290323,False,False
2024-10-02 09:53:00,2024-10-02 09:55:00,long,open_drive,open_drive_long,21106.5,21106.4375,21096.5,21126.5,trail,40.0,-0.00625,True,True
2024-10-02 13:40:00,2024-10-02 13:42:00,long,pm_mom,pm_mom_long,21208.5,21208.4375,21203.5,21218.5,trail,20.0,-0.0125,True,True
2024-10-03 10:30:00,2024-10-03 10:33:00,short,trend,trend_cont_short,21160.0,21160.0625,21181.5,21117.0,trail,86.0,-0.0029069767441860465,True,True
2024-10-03 13:31:00,2024-10-03 13:35:00,long,trend,trend_cont_long,21159.0,21172.4375,21136.75,21203.5,trail,89.0,0.6039325842696629,False,True
2024-10-03 14:06:00,2024-10-03 14:09:00,long,trend,trend_cont_long,21163.5,21163.4375,21155.5,21179.5,trail,32.0,-0.0078125,True,True
2024-10-04 10:05:00,2024-10-04 10:07:00,long,or_rev,or_rev_long,21305.25,21305.1875,21295.75,21410.5,trail,38.0,-0.006578947368421052,True,True
2024-10-04 13:33:00,2024-10-04 13:34:00,long,pm_mom,pm_mom_long,21358.75,21350.4375,21350.5,21375.25,stop,33.0,-1.0075757575757576,False,False
2024-10-07 09:55:00,2024-10-07 09:57:00,long,ou_rev,ou_rev_long,21303.0,21329.4375,21286.0,21331.0,trail,68.0,1.5551470588235294,True,True
2024-10-07 10:00:00,2024-10-07 10:02:00,long,or_rev,or_rev_long,21308.0,21327.9375,21299.75,21337.5,trail,33.0,2.4166666666666665,True,True
2024-10-08 10:09:00,2024-10-08 10:11:00,long,trend,trend_cont_long,21384.5,21397.4375,21370.75,21412.0,trail,55.0,0.9409090909090909,True,True
2024-10-08 13:34:00,2024-10-08 13:36:00,long,pm_mom,pm_mom_long,21399.5,21415.1875,21392.25,21414.0,trail,29.0,2.163793103448276,True,True
2024-10-09 13:34:00,2024-10-09 13:35:00,long,pm_mom,pm_mom_long,21623.5,21617.4375,21617.5,21635.5,stop,24.0,-1.0104166666666667,False,False
2024-10-10 13:31:00,2024-10-10 13:33:00,long,pm_mom,pm_mom_long,21662.5,21667.9375,21655.75,21676.0,trail,27.0,0.8055555555555556,True,True
2024-10-10 13:56:00,2024-10-10 13:57:00,short,trend,trend_cont_short,21618.5,21626.0625,21626.0,21576.5,stop,30.0,-1.0083333333333333,False,False
2024-10-11 13:30:00,2024-10-11 13:32:00,long,pm_mom,pm_mom_long,21639.0,21646.9375,21634.75,21647.5,trail,17.0,1.8676470588235294,True,True
2024-10-14 13:30:00,2024-10-14 13:33:00,long,pm_mom,pm_mom_long,21806.5,21799.4375,21799.5,21820.5,stop,28.0,-1.0089285714285714,False,False
2024-10-15 10:17:00,2024-10-15 10:19:00,long,vwap_rev,vwap_rev_long,21768.25,21768.1875,21759.75,21820.25,trail,34.0,-0.007352941176470588,True,True
2024-10-15 10:44:00,2024-10-15 10:47:00,short,trend,trend_cont_short,21587.25,21587.3125,21604.25,21529.25,trail,68.0,-0.003676470588235294,True,True
2024-10-15 11:00:00,2024-10-15 11:02:00,short,trend,trend_cont_short,21597.5,21582.0625,21619.75,21529.25,trail,89.0,0.6938202247191011,True,True
2024-10-15 11:06:00,2024-10-15 11:08:00,short,trend,trend_cont_short,21596.5,21596.5625,21609.75,21570.0,trail,53.0,-0.0047169811320754715,True,True
2024-10-15 13:40:00,2024-10-15 13:42:00,long,pm_mom,pm_mom_long,21565.5,21565.4375,21559.25,21578.0,trail,24.93451149376051,-0.01,True,True
2024-10-16 10:00:00,2024-10-16 10:01:00,long,or_rev,or_rev_long,21421.75,21413.1875,21413.25,21511.5,stop,34.0,-1.0073529411764706,False,False
2024-10-16 10:18:00,2024-10-16 10:19:00,long,trend,trend_cont_long,21499.0,21486.9375,21487.0,21523.0,stop,48.0,-1.0052083333333333,False,False
2024-10-16 10:45:00,2024-10-16 10:47:00,long,pd_rev,pd_pdl_long,21456.75,21471.9375,21443.25,21483.75,trail,54.0,1.125,True,True
2024-10-16 13:37:00,2024-10-16 13:38:00,long,pm_mom,pm_mom_long,21524.75,21521.6875,21521.75,21530.75,stop,12.0,-1.0208333333333333,False,False
2024-10-17 09:51:00,2024-10-17 09:53:00,long,open_drive,open_drive_long,21678.75,21694.4375,21668.0,21700.25,trail,43.0,1.4593023255813953,True,True
2024-10-17 10:11:00,2024-10-17 10:13:00,long,or_rev,or_rev_long,21575.75,21601.1875,21564.0,21690.0,trail,47.0,2.1648936170212765,True,True
2024-10-18 12:30:00,2024-10-18 12:32:00,long,vwap_scalp,vwap_scalp_long,21659.25,21665.1875,21655.0,21668.75,trail,17.0,1.3970588235294117,True,True
2024-10-18 13:47:00,2024-10-18 13:48:00,long,pm_mom,pm_mom_long,21701.25,21698.1875,21698.25,21707.25,stop,12.0,-1.0208333333333333,False,False
2024-10-21 11:19:00,2024-10-21 11:21:00,long,or_rev,or_rev_long,21566.5,21575.4375,21562.75,21651.5,trail,15.0,2.3833333333333333,True,True
2024-10-22 10:02:00,2024-10-22 10:03:00,long,trend,trend_cont_long,21657.0,21646.9375,21647.0,21677.5,stop,40.0,-1.00625,False,False
2024-10-22 12:40:00,2024-10-22 12:41:00,long,vwap_scalp,vwap_scalp_long,21638.5,21633.6875,21633.75,21650.5,stop,19.0,-1.013157894736842,False,False
2024-10-22 12:46:00,2024-10-22 12:48:00,long,vwap_scalp,vwap_scalp_long,21639.0,21651.4375,21631.75,21650.5,trail,29.0,1.7155172413793103,False,True
2024-10-22 13:33:00,2024-10-22 13:35:00,long,trend,trend_cont_long,21705.25,21715.1875,21698.75,21718.25,trail,26.0,1.5288461538461537,True,True
2024-10-23 10:06:00,2024-10-23 10:07:00,long,ou_rev,ou_rev_long,21582.75,21569.6875,21569.75,21623.5,stop,52.0,-1.0048076923076923,False,False
2024-10-23 11:18:00,2024-10-23 11:19:00,long,vwap_rev,vwap_rev_long,21538.5,21528.6875,21528.75,21603.75,stop,39.0,-1.0064102564102564,False,False
2024-10-23 14:24:00,2024-10-23 14:27:00,long,pm_mom,pm_mom_long,21314.75,21334.1875,21305.0,21334.25,trail,39.0,1.9935897435897436,True,True
2024-10-24 10:39:00,2024-10-24 10:41:00,short,vwap_rev,vwap_rev_short,21567.0,21557.0625,21572.5,21537.75,trail,22.0,1.8068181818181819,True,True
2024-10-24 12:14:00,2024-10-24 12:16:00,long,vwap_rev,vwap_rev_long,21468.5,21468.4375,21459.25,21529.5,trail,37.0,-0.006756756756756757,True,True
2024-10-24 13:33:00,2024-10-24 13:36:00,short,pm_mom,pm_mom_short,21552.0,21558.8125,21558.75,21538.5,stop,27.0,-1.0092592592592593,False,False
2024-10-25 13:52:00,2024-10-25 13:53:00,long,pm_mom,pm_mom_long,21763.25,21753.9375,21754.0,21781.75,stop,37.0,-1.0067567567567568,False,False
2024-10-25 14:16:00,2024-10-25 14:21:00,long,ou_rev,ou_rev_long,21700.25,21719.4375,21684.5,21806.0,trail,63.0,1.2182539682539681,True,True
2024-10-28 11:10:00,2024-10-28 11:12:00,long,or_rev,or_rev_long,21750.25,21761.1875,21740.5,21791.0,trail,39.0,1.1217948717948718,True,True
2024-10-28 11:42:00,2024-10-28 11:44:00,long,ou_lunch,ou_lunch_long,21740.5,21732.4375,21732.5,21772.0,stop,32.0,-1.0078125,False,False
2024-10-28 12:19:00,2024-10-28 12:21:00,long,vwap_scalp,vwap_scalp_long,21747.0,21757.4375,21741.75,21756.75,trail,21.0,1.9880952380952381,True,True
2024-10-29 13:35:00,2024-10-29 13:37:00,long,pm_mom,pm_mom_long,21875.25,21881.6875,21867.25,21891.25,trail,32.0,0.8046875,False,True
2024-10-29 14:29:00,2024-10-29 14:37:00,long,trend,trend_cont_long,21891.25,21901.6875,21879.0,21915.75,trail,49.0,0.8520408163265306,True,True
2024-10-30 09:55:00,2024-10-30 09:57:00,long,open_drive,open_drive_long,21807.0,21830.6875,21792.0,21837.0,trail,60.0,1.5791666666666666,True,True
2024-10-30 10:10:00,2024-10-30 10:21:00,long,trend,trend_cont_long,21867.0,21880.1875,21850.75,21899.5,trail,65.0,0.8115384615384615,True,True
2024-10-31 10:03:00,2024-10-31 10:05:00,long,or_rev,or_rev_long,21346.25,21361.9375,21334.0,21513.0,trail,49.0,1.280612244897959,False,True
2024-10-31 10:38:00,2024-10-31 10:41:00,short,trend,trend_cont_short,21323.75,21323.8125,21337.5,21296.25,trail,55.0,-0.004545454545454545,True,True
2024-10-31 10:43:00,2024-10-31 10:46:00,short,trend,trend_cont_short,21321.5,21321.5625,21336.0,21292.5,trail,58.0,-0.004310344827586207,True,True
2024-10-31 12:04:00,2024-10-31 12:06:00,long,ou_lunch,ou_lunch_long,21251.5,21282.9375,21247.0,21348.25,trail,18.0,6.986111111111111,True,True
2024-11-01 13:25:00,2024-11-01 13:27:00,short,ou_lunch,ou_lunch_short,21437.5,21437.5625,21447.5,21400.75,trail,40.0,-0.00625,True,True
2024-11-01 13:34:00,2024-11-01 13:36:00,short,pm_mom,pm_mom_short,21393.25,21373.3125,21401.75,21376.0,trail,34.37073739663174,2.3455882352941178,True,True
2024-11-04 10:08:00,2024-11-04 10:10:00,short,or_rev,or_rev_short,21339.5,21325.0625,21354.5,21275.0,trail,60.0,0.9625,True,True
2024-11-04 12:08:00,2024-11-04 12:10:00,long,pd_rev,pd_pdl_long,21256.25,21243.4375,21243.5,21328.0,stop,51.0,-1.0049019607843137,False,False
2024-11-04 13:31:00,2024-11-04 13:32:00,short,pm_mom,pm_mom_short,21331.5,21336.5625,21336.5,21321.5,stop,20.0,-1.0125,False,False
2024-11-05 10:05:00,2024-11-05 10:07:00,short,or_rev,or_rev_short,21493.5,21493.5625,21501.75,21392.25,trail,33.0,-0.007575757575757576,True,True
2024-11-05 11:16:00,2024-11-05 11:18:00,short,vwap_scalp,vwap_scalp_short,21486.25,21493.3125,21493.25,21471.25,stop,28.0,-1.0089285714285714,False,False
2024-11-05 11:41:00,2024-11-05 11:43:00,short,vwap_scalp,vwap_scalp_short,21518.5,21503.3125,21526.25,21490.25,trail,31.0,1.9596774193548387,True,True
2024-11-05 12:06:00,2024-11-05 12:08:00,short,ou_lunch,ou_lunch_short,21536.0,21536.0625,21539.75,21468.75,trail,15.0,-0.016666666666666666,True,True
2024-11-05 12:12:00,2024-11-05 12:15:00,short,ou_lunch,ou_lunch_short,21531.25,21545.0625,21545.0,21469.75,stop,55.0,-1.0045454545454546,False,False
2024-11-05 12:17:00,2024-11-05 12:18:00,short,vwap_rev,vwap_rev_short,21558.5,21563.5625,21563.5,21471.75,stop,20.0,-1.0125,False,False
2024-11-05 13:30:00,2024-11-05 13:32:00,short,pm_mom,pm_mom_short,21518.0,21524.5625,21524.5,21505.0,trail,26.0,-1.0096153846153846,False,True
2024-11-05 14:10:00,2024-11-05 14:12:00,short,ou_rev,ou_rev_short,21524.5,21524.5625,21527.75,21487.25,trail,13.0,-0.019230769230769232,True,True
2024-11-06 10:24:00,2024-11-06 10:26:00,long,trend,trend_cont_long,21980.5,21962.1875,21962.25,22017.0,stop,73.0,-1.0034246575342465,False,False
2024-11-06 10:29:00,2024-11-06 10:34:00,long,trend,trend_cont_long,21997.25,21997.1875,21976.75,22038.25,trail,82.0,-0.003048780487804878,True,True
2024-11-06 13:30:00,2024-11-06 13:32:00,long,pm_mom,pm_mom_long,22057.25,22057.1875,22052.75,22066.25,trail,18.0,-0.013888888888888888,True,True
2024-11-07 13:40:00,2024-11-07 13:41:00,long,pm_mom,pm_mom_long,22372.75,22369.4375,22369.5,22379.25,stop,13.0,-1.0192307692307692,False,False
2024-11-08 10:16:00,2024-11-08 10:18:00,long,ou_rev,ou_rev_long,22368.25,22387.4375,22358.75,22400.5,trail,38.0,2.0197368421052633,True,True
2024-11-11 09:51:00,2024-11-11 09:54:00,long,ou_rev,ou_rev_long,22394.25,22381.6875,22381.75,22439.25,stop,50.0,-1.005,False,False
2024-11-11 10:03:00,2024-11-11 10:06:00,long,or_rev,or_rev_long,22369.5,22356.6875,22356.75,22457.5,stop,51.0,-1.0049019607843137,False,False
2024-11-11 10:18:00,2024-11-11 10:20:00,long,vwap_scalp,vwap_scalp_long,22382.0,22381.9375,22376.25,22397.25,trail,23.0,-0.010869565217391304,True,True
2024-11-11 11:58:00,2024-11-11 12:00:00,long,ou_lunch,ou_lunch_long,22393.5,22406.1875,22388.0,22411.0,trail,22.0,2.3068181818181817,True,True
2024-11-11 12:15:00,2024-11-11 12:18:00,long,ou_lunch,ou_lunch_long,22385.0,22376.6875,22376.75,22410.0,stop,33.0,-1.0075757575757576,False,False
2024-11-11 12:49:00,2024-11-11 12:51:00,long,pd_rev,pd_pdl_long,22363.25,22355.1875,22355.25,22406.0,stop,32.0,-1.0078125,False,False
2024-11-11 13:08:00,2024-11-11 13:11:00,long,vwap_rev,vwap_rev_long,22323.5,22313.6875,22313.75,22400.25,trail,39.0,-1.0064102564102564,False,True
2024-11-12 10:06:00,2024-11-12 10:07:00,long,vwap_scalp,vwap_scalp_long,22390.75,22387.4375,22387.5,22403.75,stop,13.0,-1.0192307692307692,False,False
2024-11-12 11:11:00,2024-11-12 11:13:00,long,ou_rev,ou_rev_long,22380.25,22385.9375,22374.75,22412.0,trail,22.0,1.0340909090909092,True,True
2024-11-12 11:16:00,2024-11-12 11:18:00,long,vwap_rev,vwap_rev_long,22371.0,22381.4375,22367.25,22410.75,trail,15.0,2.783333333333333,True,True
2024-11-13 10:02:00,2024-11-13 10:04:00,long,vwap_rev,vwap_rev_long,22312.5,22312.4375,22304.5,22350.75,trail,32.0,-0.0078125,True,True
2024-11-13 10:20:00,2024-11-13 10:21:00,long,vwap_scalp,vwap_scalp_long,22296.5,22294.4375,22294.5,22313.0,stop,8.0,-1.03125,False,False
2024-11-13 13:30:00,2024-11-13 13:31:00,long,pm_mom,pm_mom_long,22425.25,22432.25,22421.75,22432.25,target,14.0,2.0,False,False
2024-11-13 14:20:00,2024-11-13 14:22:00,short,trend,trend_cont_short,22406.5,22421.3125,22421.25,22377.0,trail,59.0,-1.0042372881355932,False,True
2024-11-13 14:29:00,2024-11-13 14:32:00,short,trend,trend_cont_short,22408.75,22387.5625,22421.0,22384.25,trail,49.0,1.7295918367346939,True,True
2024-11-14 09:50:00,2024-11-14 09:52:00,long,ou_rev,ou_rev_long,22284.75,22319.6875,22270.25,22323.5,trail,58.0,2.4094827586206895,True,True
2024-11-15 10:03:00,2024-11-15 10:04:00,long,ou_rev,ou_rev_long,21878.5,21869.1875,21869.25,21917.25,stop,37.0,-1.0067567567567568,False,False
2024-11-15 10:15:00,2024-11-15 10:17:00,long,ou_rev,ou_rev_long,21828.5,21828.4375,21819.0,21902.5,trail,38.0,-0.006578947368421052,True,True
2024-11-15 11:30:00,2024-11-15 11:33:00,long,ou_lunch,ou_lunch_long,21777.5,21788.6875,21769.5,21836.75,trail,32.0,1.3984375,True,True
2024-11-15 11:38:00,2024-11-15 11:39:00,long,ou_lunch,ou_lunch_long,21748.75,21743.4375,21743.5,21833.75,stop,21.0,-1.0119047619047619,False,False
2024-11-15 14:05:00,2024-11-15 14:09:00,long,pm_mom,pm_mom_long,21636.75,21653.6875,21629.25,21651.75,trail,30.0,2.2583333333333333,True,True
2024-11-18 10:06:00,2024-11-18 10:08:00,short,vwap_rev,vwap_rev_short,21776.5,21776.5625,21786.5,21734.75,trail,40.0,-0.00625,True,True
2024-11-18 13:30:00,2024-11-18 13:31:00,short,pm_mom,pm_mom_short,21843.5,21849.0625,21849.0,21832.5,stop,22.0,-1.0113636363636365,False,False
2024-11-19 10:35:00,2024-11-19 10:37:00,short,vwap_rev,vwap_rev_short,21810.5,21819.3125,21819.25,21756.0,stop,35.0,-1.0071428571428571,False,False
2024-11-19 10:57:00,2024-11-19 10:58:00,short,ou_rev,ou_rev_short,21839.75,21845.8125,21845.75,21770.25,stop,24.0,-1.0104166666666667,False,False
2024-11-19 11:30:00,2024-11-19 11:32:00,short,ou_lunch,ou_lunch_short,21880.25,21880.3125,21885.25,21787.0,trail,20.0,-0.0125,True,True
2024-11-19 11:39:00,2024-11-19 11:52:00,short,ou_lunch,ou_lunch_short,21885.75,21885.8125,21899.25,21791.75,trail,54.0,-0.004629629629629629,True,True
2024-11-19 13:27:00,2024-11-19 13:28:00,short,pd_rev,pd_pdh_short,21921.0,21925.5625,21925.5,21820.0,stop,18.0,-1.0138888888888888,False,False
2024-11-19 13:34:00,2024-11-19 13:36:00,long,pm_mom,pm_mom_long,21927.0,21926.9375,21921.75,21937.5,trail,21.0,-0.011904761904761904,True,True
2024-11-19 13:45:00,2024-11-19 13:46:00,short,vwap_scalp,vwap_scalp_short,21955.25,21957.3125,21957.25,21890.75,stop,8.0,-1.03125,False,False
2024-11-20 10:04:00,2024-11-20 10:05:00,long,or_rev,or_rev_long,21813.75,21803.9375,21804.0,21894.5,stop,39.0,-1.0064102564102564,False,False
2024-11-20 10:18:00,2024-11-20 10:22:00,short,trend,trend_cont_short,21707.0,21707.0625,21730.25,21660.5,trail,93.0,-0.002688172043010753,True,True
2024-11-20 10:24:00,2024-11-20 10:25:00,short,trend,trend_cont_short,21698.75,21711.3125,21711.25,21673.75,stop,50.0,-1.005,False,False
2024-11-20 13:58:00,2024-11-20 14:01:00,long,pm_mom,pm_mom_long,21786.25,21786.1875,21778.0,21802.75,trail,33.0,-0.007575757575757576,True,True
2024-11-20 14:26:00,2024-11-20 14:28:00,long,ou_rev,ou_rev_long,21766.0,21774.1875,21755.5,21808.25,trail,42.0,0.7797619047619048,True,True
2024-11-21 10:06:00,2024-11-21 10:08:00,short,trend,trend_cont_short,21812.5,21774.8125,21841.5,21754.5,trail,116.0,1.2995689655172413,True,True
2024-11-21 10:11:00,2024-11-21 10:13:00,short,trend,trend_cont_short,21809.25,21809.3125,21819.0,21774.25,trail,39.0,-0.00641025641025641,True,True
2024-11-21 10:39:00,2024-11-21 10:42:00,long,or_rev,or_rev_long,21742.5,21727.4375,21727.5,21965.0,stop,60.0,-1.0041666666666667,False,False
2024-11-21 11:07:00,2024-11-21 11:10:00,long,trend,trend_cont_long,21924.25,21904.4375,21904.5,21963.75,stop,79.0,-1.0031645569620253,False,False
2024-11-21 13:30:00,2024-11-21 13:32:00,long,pm_mom,pm_mom_long,22044.5,22061.6875,22037.25,22059.0,trail,29.0,2.3706896551724137,True,True
2024-11-22 10:16:00,2024-11-22 10:17:00,long,vwap_scalp,vwap_scalp_long,21968.0,21959.6875,21959.75,21989.5,stop,33.0,-1.0075757575757576,False,False
2024-11-22 10:30:00,2024-11-22 10:32:00,long,ou_rev,ou_rev_long,21938.75,21968.4375,21919.75,22001.5,trail,76.0,1.5625,True,True
2024-11-22 10:36:00,2024-11-22 10:38:00,long,vwap_scalp,vwap_scalp_long,21954.0,21975.1875,21942.25,21976.0,trail,47.0,1.803191489361702,True,True
2024-11-25 10:04:00,2024-11-25 10:06:00,long,or_rev,or_rev_long,22114.5,22135.1875,22103.25,22216.5,trail,45.0,1.8388888888888888,True,True
2024-11-25 12:08:00,2024-11-25 12:10:00,long,ou_lunch,ou_lunch_long,22087.75,22079.9375,22080.0,22141.5,stop,31.0,-1.0080645161290323,False,False
2024-11-25 12:24:00,2024-11-25 12:25:00,long,vwap_rev,vwap_rev_long,22019.25,22013.4375,22013.5,22134.0,stop,23.0,-1.0108695652173914,False,False
2024-11-25 13:34:00,2024-11-25 13:36:00,long,pm_mom,pm_mom_long,22080.5,22080.4375,22072.75,22096.0,trail,31.0,-0.008064516129032258,True,True
2024-11-26 10:19:00,2024-11-26 10:20:00,long,vwap_rev,vwap_rev_long,22134.25,22125.6875,22125.75,22173.25,stop,34.0,-1.0073529411764706,False,False
2024-11-26 10:27:00,2024-11-26 10:29:00,long,vwap_scalp,vwap_scalp_long,22125.0,22146.9375,22120.75,22146.75,trail,17.0,5.161764705882353,True,True
2024-11-27 10:05:00,2024-11-27 10:06:00,long,vwap_scalp,vwap_scalp_long,22049.25,22043.6875,22043.75,22060.25,stop,22.0,-1.0113636363636365,False,False
2024-11-27 10:18:00,2024-11-27 10:20:00,long,ou_rev,ou_rev_long,22000.25,22013.1875,21986.75,22058.75,trail,54.0,0.9583333333333334,True,True
2024-11-27 10:39:00,2024-11-27 10:41:00,long,vwap_rev,vwap_rev_long,21933.75,21946.9375,21923.5,22035.0,trail,41.0,1.2865853658536586,True,True
2024-11-27 11:30:00,2024-11-27 11:33:00,long,ou_lunch,ou_lunch_long,21920.75,21942.4375,21906.0,21998.5,trail,59.0,1.4703389830508475,True,True
2024-11-28 09:45:00,2024-11-28 09:47:00,long,open_drive,open_drive_long,22082.75,22089.6875,22071.25,22105.75,trail,46.0,0.6032608695652174,True,True
2024-12-02 13:40:00,2024-12-02 13:42:00,long,pm_mom,pm_mom_long,22416.0,22420.1875,22410.5,22427.0,trail,22.0,0.7613636363636364,False,True
2024-12-03 13:52:00,2024-12-03 13:54:00,long,pm_mom,pm_mom_long,22428.0,22434.4375,22424.0,22436.0,trail,16.0,1.609375,True,True
2024-12-04 13:47:00,2024-12-04 13:48:00,long,pm_mom,pm_mom_long,22662.75,22667.75,22660.25,22667.75,target,10.0,2.0,False,False
2024-12-05 10:04:00,2024-12-05 10:06:00,long,open_drive,open_drive_long,22725.75,22714.4375,22714.5,22748.25,stop,45.0,-1.0055555555555555,False,False
2024-12-05 10:09:00,2024-12-05 10:11:00,long,open_drive,open_drive_long,22725.25,22731.6875,22716.25,22743.25,trail,36.0,0.7152777777777778,True,True
2024-12-05 10:53:00,2024-12-05 10:55:00,long,ou_rev,ou_rev_long,22695.5,22709.4375,22686.25,22719.75,trail,37.0,1.5067567567567568,True,True
2024-12-05 11:01:00,2024-12-05 11:03:00,long,ou_rev,ou_rev_long,22701.75,22709.1875,22695.0,22718.75,trail,27.0,1.1018518518518519,True,True
2024-12-06 13:53:00,2024-12-06 13:56:00,long,pm_mom,pm_mom_long,22851.5,22846.4375,22846.5,22861.5,stop,20.0,-1.0125,False,False
2024-12-09 10:30:00,2024-12-09 10:32:00,long,vwap_rev,vwap_rev_long,22752.0,22774.9375,22742.5,22809.5,trail,38.0,2.414473684210526,True,True
2024-12-10 10:14:00,2024-12-10 10:16:00,long,trend,trend_cont_long,22785.25,22801.6875,22774.75,22806.25,trail,42.0,1.5654761904761905,True,True
2024-12-10 10:19:00,2024-12-10 10:21:00,long,trend,trend_cont_long,22799.25,22799.1875,22792.5,22812.75,trail,27.0,-0.009259259259259259,True,True
2024-12-10 10:42:00,2024-12-10 10:44:00,short,trend,trend_cont_short,22747.0,22764.8125,22764.75,22711.5,stop,71.0,-1.0035211267605635,False,False
2024-12-10 11:00:00,2024-12-10 11:01:00,long,or_rev,or_rev_long,22703.25,22694.1875,22694.25,22734.5,stop,36.0,-1.0069444444444444,False,False
2024-12-10 11:11:00,2024-12-10 11:13:00,long,vwap_rev,vwap_rev_long,22675.5,22696.9375,22667.25,22744.75,trail,33.0,2.5984848484848486,True,True
2024-12-11 10:00:00,2024-12-11 10:08:00,long,trend,trend_cont_long,22893.5,22918.4375,22876.0,22928.5,trail,70.0,1.425,True,True
2024-12-11 11:35:00,2024-12-11 11:37:00,long,trend,trend_cont_long,22956.5,22967.4375,22951.0,22967.5,trail,22.0,1.9886363636363635,True,True
2024-12-12 10:14:00,2024-12-12 10:16:00,long,ou_rev,ou_rev_long,22838.25,22849.6875,22822.25,22867.75,trail,64.0,0.71484375,True,True
2024-12-12 13:53:00,2024-12-12 13:56:00,short,trend,trend_cont_short,22903.25,22896.8125,22911.25,22887.25,trail,32.0,0.8046875,True,True
2024-12-12 13:59:00,2024-12-12 14:02:00,short,trend,trend_cont_short,22894.5,22894.5625,22905.5,22872.5,trail,44.0,-0.005681818181818182,True,True
2024-12-12 14:04:00,2024-12-12 14:05:00,short,trend,trend_cont_short,22894.75,22901.0625,22901.0,22882.25,stop,25.0,-1.01,False,False
2024-12-13 10:44:00,2024-12-13 10:46:00,long,vwap_rev,vwap_rev_long,22933.75,22948.9375,22921.5,23035.75,trail,49.0,1.239795918367347,True,True
2024-12-13 11:01:00,2024-12-13 11:02:00,long,vwap_rev,vwap_rev_long,22887.5,22877.9375,22878.0,23015.5,stop,38.0,-1.006578947368421,False,False
2024-12-13 13:07:00,2024-12-13 13:09:00,long,ou_lunch,ou_lunch_long,22901.75,22919.9375,22895.0,22970.0,trail,27.0,2.6944444444444446,True,True
2024-12-16 13:36:00,2024-12-16 13:42:00,long,pm_mom,pm_mom_long,23325.75,23331.9375,23317.0,23343.25,trail,35.0,0.7071428571428572,False,True
2024-12-17 10:15:00,2024-12-17 10:16:00,long,vwap_scalp,vwap_scalp_long,23190.0,23179.4375,23179.5,23207.0,stop,42.0,-1.005952380952381,False,False
2024-12-17 10:27:00,2024-12-17 10:30:00,long,vwap_scalp,vwap_scalp_long,23170.75,23158.6875,23158.75,23193.75,trail,48.0,-1.0052083333333333,False,True
2024-12-17 13:32:00,2024-12-17 13:35:00,short,trend,trend_cont_short,23228.25,23237.8125,23237.75,23209.25,stop,38.0,-1.006578947368421,False,False
2024-12-18 11:45:00,2024-12-18 11:47:00,long,trend,trend_cont_long,23230.5,23235.6875,23225.25,23241.0,trail,21.0,0.9880952380952381,True,True
2024-12-18 11:53:00,2024-12-18 11:56:00,long,trend,trend_cont_long,23235.0,23225.6875,23225.75,23253.5,stop,37.0,-1.0067567567567568,False,False
2024-12-18 13:36:00,2024-12-18 13:37:00,long,pm_mom,pm_mom_long,23215.75,23212.4375,23212.5,23222.25,stop,13.0,-1.0192307692307692,False,False
2024-12-18 14:16:00,2024-12-18 14:19:00,short,trend,trend_cont_short,23019.5,22989.5625,23047.5,22963.5,trail,112.0,1.0691964285714286,False,True
2024-12-19 10:24:00,2024-12-19 10:26:00,long,vwap_scalp,vwap_scalp_long,22455.25,22488.9375,22445.5,22488.0,trail,39.0,3.4551282051282053,True,True
2024-12-20 10:22:00,2024-12-20 10:24:00,short,ou_rev,ou_rev_short,22262.75,22271.5625,22271.5,22173.5,stop,35.0,-1.0071428571428571,False,False
2024-12-20 13:27:00,2024-12-20 13:30:00,short,pd_rev,pd_pdh_short,22607.5,22581.8125,22619.75,22446.75,trail,49.0,2.0969387755102042,True,True
2024-12-20 13:40:00,2024-12-20 13:41:00,short,pm_mom,pm_mom_short,22601.0,22595.0,22604.0,22595.0,target,12.0,2.0,False,False
2024-12-23 10:30:00,2024-12-23 10:32:00,long,or_rev,or_rev_long,22453.25,22438.1875,22438.25,22554.25,stop,60.0,-1.0041666666666667,False,False
2024-12-23 11:45:00,2024-12-23 11:46:00,short,ou_lunch,ou_lunch_short,22587.25,22593.8125,22593.75,22501.75,stop,26.0,-1.0096153846153846,False,False
2024-12-23 13:34:00,2024-12-23 13:36:00,short,ou_rev,ou_rev_short,22639.75,22646.5625,22646.5,22531.0,trail,27.0,-1.0092592592592593,False,True
2024-12-23 13:41:00,2024-12-23 13:43:00,short,ou_rev,ou_rev_short,22663.0,22663.0625,22667.5,22533.0,trail,18.0,-0.013888888888888888,True,True
2024-12-26 10:03:00,2024-12-26 10:05:00,long,open_drive,open_drive_long,22871.0,22887.4375,22860.25,22892.5,trail,43.0,1.5290697674418605,True,True
2024-12-26 10:11:00,2024-12-26 10:13:00,long,or_rev,or_rev_long,22843.5,22866.6875,22839.5,22893.5,trail,16.0,5.796875,True,True
2024-12-27 10:15:00,2024-12-27 10:16:00,long,or_rev,or_rev_long,22490.25,22475.1875,22475.25,22693.0,stop,60.0,-1.0041666666666667,False,False
2024-12-27 12:22:00,2024-12-27 12:24:00,long,vwap_scalp,vwap_scalp_long,22416.5,22445.1875,22410.25,22475.25,trail,25.0,4.59,True,True
2024-12-30 10:19:00,2024-12-30 10:21:00,long,or_rev,or_rev_long,22213.75,22213.6875,22204.25,22275.5,trail,38.0,-0.006578947368421052,True,True
2024-12-30 10:30:00,2024-12-30 10:32:00,long,ou_rev,ou_rev_long,22191.75,22191.6875,22182.5,22239.75,trail,37.0,-0.006756756756756757,True,True
2024-12-30 11:38:00,2024-12-30 11:40:00,short,ou_lunch,ou_lunch_short,22336.0,22328.5625,22344.75,22251.5,trail,35.0,0.85,True,True
2024-12-30 13:30:00,2024-12-30 13:32:00,short,ou_rev,ou_rev_short,22433.75,22425.0625,22447.25,22304.0,trail,54.0,0.6435185185185185,False,True
2024-12-31 09:59:00,2024-12-31 10:01:00,long,open_drive,open_drive_long,22341.0,22340.9375,22330.0,22363.0,trail,44.0,-0.005681818181818182,True,True
2024-12-31 10:13:00,2024-12-31 10:15:00,long,ou_rev,ou_rev_long,22262.5,22304.4375,22245.0,22329.5,trail,70.0,2.3964285714285714,True,True
2025-01-02 10:10:00,2025-01-02 10:11:00,short,or_rev,or_rev_short,22331.0,22339.3125,22339.25,22181.75,stop,33.0,-1.0075757575757576,False,False
2025-01-02 10:47:00,2025-01-02 10:49:00,short,trend,trend_cont_short,22134.75,22164.8125,22164.75,22074.75,stop,120.0,-1.0020833333333334,False,False
2025-01-02 11:13:00,2025-01-02 11:15:00,short,trend,trend_cont_short,22135.25,22157.3125,22157.25,22091.25,stop,88.0,-1.0028409090909092,False,False
2025-01-02 13:43:00,2025-01-02 13:44:00,short,trend,trend_cont_short,21926.25,21935.0625,21935.0,21905.25,stop,35.0,-1.0071428571428571,False,False
2025-01-03 10:07:00,2025-01-03 10:09:00,short,ou_rev,ou_rev_short,22330.75,22330.8125,22353.25,22283.25,trail,90.0,-0.002777777777777778,True,True
2025-01-03 11:36:00,2025-01-03 11:37:00,short,vwap_rev,vwap_rev_short,22359.5,22366.0625,22366.0,22279.25,stop,26.0,-1.0096153846153846,False,False
2025-01-03 13:38:00,2025-01-03 13:39:00,short,vwap_scalp,vwap_scalp_short,22425.75,22429.3125,22429.25,22368.0,stop,14.0,-1.0178571428571428,False,False
2025-01-06 10:17:00,2025-01-06 10:19:00,short,or_rev,or_rev_short,22755.75,22770.5625,22770.5,22687.0,stop,59.0,-1.0042372881355932,False,False
2025-01-06 10:30:00,2025-01-06 10:32:00,short,ou_rev,ou_rev_short,22789.5,22765.5625,22799.25,22722.75,trail,39.0,2.4551282051282053,True,True
2025-01-06 10:35:00,2025-01-06 10:37:00,short,ou_rev,ou_rev_short,22770.5,22770.5625,22785.5,22725.75,trail,60.0,-0.004166666666666667,True,True
2025-01-06 11:45:00,2025-01-06 11:47:00,short,ou_lunch,ou_lunch_short,22775.75,22775.8125,22780.75,22747.25,trail,20.0,-0.0125,True,True
2025-01-06 13:30:00,2025-01-06 13:33:00,long,pm_mom,pm_mom_long,22697.5,22687.6875,22687.75,22717.0,stop,39.0,-1.0064102564102564,False,False
2025-01-06 13:51:00,2025-01-06 13:53:00,long,vwap_rev,vwap_rev_long,22636.0,22654.1875,22625.25,22732.75,trail,43.0,1.691860465116279,True,True
2025-01-07 10:16:00,2025-01-07 10:18:00,short,trend,trend_cont_short,22485.25,22443.5625,22501.0,22453.75,trail,63.0,2.6468253968253967,True,True
2025-01-08 10:06:00,2025-01-08 10:08:00,short,ou_rev,ou_rev_short,22295.0,22259.0625,22313.75,22256.75,trail,75.0,1.9166666666666667,True,True
2025-01-08 11:25:00,2025-01-08 11:27:00,short,vwap_scalp,vwap_scalp_short,22274.25,22258.3125,22284.5,22256.75,trail,41.0,1.5548780487804879,True,True
2025-01-10 14:03:00,2025-01-10 14:05:00,short,ou_rev,ou_rev_short,22053.5,22030.3125,22069.25,21927.5,trail,63.0,1.4722222222222223,True,True
2025-01-10 14:08:00,2025-01-10 14:10:00,short,ou_rev,ou_rev_short,21998.75,21972.5625,22010.0,21929.0,trail,45.0,2.327777777777778,True,True
2025-01-13 10:20:00,2025-01-13 10:21:00,short,or_rev,or_rev_short,21698.0,21709.8125,21709.75,21655.75,stop,47.0,-1.0053191489361701,False,False
2025-01-13 10:48:00,2025-01-13 10:49:00,short,vwap_rev,vwap_rev_short,21776.5,21786.5625,21786.5,21689.75,stop,40.0,-1.00625,False,False
2025-01-13 13:43:00,2025-01-13 13:45:00,short,pm_mom,pm_mom_short,21790.0,21774.3125,21795.25,21779.5,trail,21.027006538643036,2.988095238095238,True,True
2025-01-14 10:39:00,2025-01-14 10:41:00,short,trend,trend_cont_short,21885.25,21860.3125,21914.5,21826.75,trail,117.0,0.8525641025641025,True,True
2025-01-14 10:51:00,2025-01-14 10:53:00,short,trend,trend_cont_short,21875.75,21875.8125,21894.75,21837.75,trail,76.0,-0.003289473684210526,True,True
2025-01-14 11:01:00,2025-01-14 11:03:00,short,trend,trend_cont_short,21842.75,21808.8125,21864.5,21799.25,trail,87.0,1.5603448275862069,True,True
2025-01-15 10:00:00,2025-01-15 10:01:00,short,or_rev,or_rev_short,22239.25,22252.0625,22252.0,22157.5,stop,51.0,-1.0049019607843137,False,False
2025-01-15 10:47:00,2025-01-15 10:49:00,short,ou_rev,ou_rev_short,22281.0,22262.3125,22289.5,22241.75,trail,34.0,2.198529411764706,True,True
2025-01-15 10:55:00,2025-01-15 10:58:00,short,vwap_scalp,vwap_scalp_short,22278.5,22258.8125,22288.5,22261.25,trail,40.0,1.96875,True,True
2025-01-16 10:02:00,2025-01-16 10:04:00,long,ou_rev,ou_rev_long,22266.0,22313.4375,22247.75,22328.75,trail,73.0,2.5993150684931505,True,True
2025-01-17 11:01:00,2025-01-17 11:04:00,short,vwap_scalp,vwap_scalp_short,22499.5,22482.5625,22510.5,22480.5,trail,44.0,1.5397727272727273,True,True
2025-01-17 11:50:00,2025-01-17 11:51:00,short,ou_lunch,ou_lunch_short,22504.5,22511.5625,22511.5,22473.5,stop,28.0,-1.0089285714285714,False,False
2025-01-17 12:16:00,2025-01-17 12:17:00,short,ou_lunch,ou_lunch_short,22514.0,22520.0625,22520.0,22475.75,stop,24.0,-1.0104166666666667,False,False
2025-01-20 10:25:00,2025-01-20 10:26:00,long,or_rev,or_rev_long,22602.75,22589.4375,22589.5,22655.75,stop,53.0,-1.0047169811320755,False,False
2025-01-20 12:07:00,2025-01-20 12:08:00,long,vwap_scalp,vwap_scalp_long,22611.25,22607.4375,22607.5,22619.25,stop,15.0,-1.0166666666666666,False,False
2025-01-20 12:16:00,2025-01-20 12:18:00,long,vwap_scalp,vwap_scalp_long,22604.25,22610.1875,22598.75,22615.5,trail,22.0,1.0795454545454546,True,True
2025-01-20 12:46:00,2025-01-20 12:48:00,long,ou_lunch,ou_lunch_long,22596.0,22611.1875,22585.75,22621.25,trail,41.0,1.4817073170731707,True,True
2025-01-20 12:51:00,2025-01-20 12:53:00,long,ou_lunch,ou_lunch_long,22597.75,22597.6875,22590.5,22621.0,trail,29.0,-0.008620689655172414,True,True
2025-01-21 10:15:00,2025-01-21 10:16:00,long,ou_rev,ou_rev_long,22451.0,22442.9375,22443.0,22543.0,stop,32.0,-1.0078125,False,False
2025-01-21 10:28:00,2025-01-21 10:30:00,long,pd_rev,pd_pdl_long,22534.25,22554.6875,22520.75,22561.25,trail,54.0,1.5138888888888888,True,True
2025-01-21 13:34:00,2025-01-21 13:35:00,long,pm_mom,pm_mom_long,22666.25,22663.6875,22663.75,22671.25,stop,10.0,-1.025,False,False
2025-01-22 11:44:00,2025-01-22 11:55:00,long,trend,trend_cont_long,22978.25,22985.1875,22967.75,22999.25,trail,42.0,0.6607142857142857,False,True
2025-01-22 13:38:00,2025-01-22 13:40:00,long,pm_mom,pm_mom_long,22944.0,22940.1875,22940.25,22951.5,stop,15.0,-1.0166666666666666,False,False
2025-01-23 09:55:00,2025-01-23 09:56:00,long,pd_rev,pd_pdl_long,22817.0,22806.9375,22807.0,22837.0,stop,40.0,-1.00625,False,False
2025-01-23 13:31:00,2025-01-23 13:33:00,long,pm_mom,pm_mom_long,22876.5,22884.4375,22870.75,22888.0,trail,23.0,1.3804347826086956,True,True
2025-01-23 13:57:00,2025-01-23 13:59:00,short,trend,trend_cont_short,22865.75,22872.3125,22872.25,22852.75,stop,26.0,-1.0096153846153846,False,False
2025-01-23 14:02:00,2025-01-23 14:05:00,short,trend,trend_cont_short,22866.25,22857.5625,22872.25,22854.25,trail,24.0,1.4479166666666667,True,True
2025-01-24 10:24:00,2025-01-24 10:26:00,long,or_rev,or_rev_long,22910.5,22910.4375,22903.75,22938.0,trail,27.0,-0.009259259259259259,True,True
2025-01-24 10:53:00,2025-01-24 10:57:00,long,vwap_scalp,vwap_scalp_long,22909.25,22914.9375,22903.75,22923.0,trail,22.0,1.0340909090909092,True,True
2025-01-24 11:01:00,2025-01-24 11:03:00,long,ou_rev,ou_rev_long,22911.0,22894.6875,22894.75,22935.5,stop,65.0,-1.0038461538461538,False,False
2025-01-24 11:06:00,2025-01-24 11:08:00,long,ou_rev,ou_rev_long,22893.5,22909.6875,22881.75,22933.75,trail,47.0,1.377659574468085,True,True
2025-01-24 12:03:00,2025-01-24 12:08:00,long,ou_lunch,ou_lunch_long,22901.25,22909.9375,22890.0,22929.75,trail,45.0,0.7722222222222223,True,True
2025-01-27 12:43:00,2025-01-27 12:44:00,long,ou_lunch,ou_lunch_long,22136.0,22123.6875,22123.75,22186.25,stop,49.0,-1.0051020408163265,False,False
2025-01-27 12:49:00,2025-01-27 12:50:00,long,ou_lunch,ou_lunch_long,22107.25,22096.9375,22097.0,22185.25,stop,41.0,-1.0060975609756098,False,False
2025-01-27 13:01:00,2025-01-27 13:03:00,long,vwap_rev,vwap_rev_long,22055.0,22084.9375,22050.25,22181.75,trail,19.0,6.302631578947368,True,True
2025-01-28 10:05:00,2025-01-28 10:07:00,short,vwap_rev,vwap_rev_short,22268.5,22268.5625,22275.0,22160.0,trail,26.0,-0.009615384615384616,True,True
2025-01-28 10:54:00,2025-01-28 10:56:00,short,pd_rev,pd_pdh_short,22328.75,22328.8125,22343.75,22236.75,trail,60.0,-0.004166666666666667,True,True
2025-01-28 11:34:00,2025-01-28 11:37:00,short,trend,trend_cont_short,22327.75,22308.3125,22335.75,22299.5,trail,32.0,2.4296875,True,True
2025-01-29 10:30:00,2025-01-29 10:32:00,long,ou_rev,ou_rev_long,22414.75,22414.6875,22394.25,22446.5,trail,82.0,-0.003048780487804878,True,True
2025-01-29 10:48:00,2025-01-29 10:50:00,long,ou_rev,ou_rev_long,22381.75,22419.1875,22371.75,22440.0,trail,40.0,3.74375,True,True
2025-01-30 10:09:00,2025-01-30 10:11:00,long,vwap_scalp,vwap_scalp_long,22489.5,22518.6875,22481.75,22527.5,trail,31.0,3.7661290322580645,True,True
2025-01-31 14:16:00,2025-01-31 14:17:00,long,ou_rev,ou_rev_long,22655.5,22649.9375,22650.0,22767.0,stop,22.0,-1.0113636363636365,False,False
2025-02-03 10:16:00,2025-02-03 10:18:00,long,vwap_rev,vwap_rev_long,22041.5,22041.4375,22033.75,22127.5,trail,31.0,-0.008064516129032258,True,True
2025-02-03 10:21:00,2025-02-03 10:23:00,long,vwap_rev,vwap_rev_long,22028.5,22132.4375,22024.75,22121.75,trail,15.0,27.716666666666665,True,True
2025-02-04 10:04:00,2025-02-04 10:05:00,short,or_rev,or_rev_short,22497.75,22509.5625,22509.5,22376.25,stop,47.0,-1.0053191489361701,False,False
2025-02-04 12:09:00,2025-02-04 12:11:00,short,vwap_scalp,vwap_scalp_short,22555.0,22544.8125,22566.25,22532.0,trail,45.0,0.9055555555555556,True,True
2025-02-04 12:15:00,2025-02-04 12:17:00,short,ou_lunch,ou_lunch_short,22560.25,22516.8125,22565.0,22509.75,trail,19.0,9.144736842105264,True,True
2025-02-05 13:35:00,2025-02-05 13:38:00,long,pm_mom,pm_mom_long,22612.0,22621.4375,22606.0,22624.0,trail,24.0,1.5729166666666667,True,True
2025-02-06 12:16:00,2025-02-06 12:17:00,long,vwap_scalp,vwap_scalp_long,22679.0,22689.25,22674.5,22689.25,target,18.0,2.2777777777777777,False,False
2025-02-07 10:34:00,2025-02-07 10:35:00,long,or_rev,or_rev_long,22658.0,22644.9375,22645.0,22831.0,stop,52.0,-1.0048076923076923,False,False
2025-02-07 12:15:00,2025-02-07 12:16:00,long,ou_lunch,ou_lunch_long,22582.75,22568.9375,22569.0,22662.5,stop,55.0,-1.0045454545454546,False,False
2025-02-07 12:25:00,2025-02-07 12:26:00,long,ou_lunch,ou_lunch_long,22527.75,22521.4375,22521.5,22655.0,stop,25.0,-1.01,False,False
2025-02-07 12:48:00,2025-02-07 12:51:00,long,vwap_scalp,vwap_scalp_long,22580.25,22594.9375,22568.5,22615.0,trail,47.0,1.25,True,True
2025-02-07 12:57:00,2025-02-07 12:59:00,long,vwap_scalp,vwap_scalp_long,22584.25,22573.9375,22574.0,22616.5,stop,41.0,-1.0060975609756098,False,False
2025-02-07 13:09:00,2025-02-07 13:16:00,long,pd_rev,pd_pdl_long,22624.0,22642.6875,22612.25,22647.5,trail,47.0,1.5904255319148937,True,True
2025-02-07 13:32:00,2025-02-07 13:34:00,long,pm_mom,pm_mom_long,22627.0,22626.9375,22619.75,22641.5,trail,29.0,-0.008620689655172414,True,True
2025-02-10 10:11:00,2025-02-10 10:13:00,short,ou_rev,ou_rev_short,22753.25,22738.0625,22761.25,22700.5,trail,32.0,1.8984375,True,True
2025-02-10 12:57:00,2025-02-10 12:59:00,short,ou_lunch,ou_lunch_short,22773.75,22777.3125,22777.25,22743.75,stop,14.0,-1.0178571428571428,False,False
2025-02-10 13:32:00,2025-02-10 13:34:00,short,pm_mom,pm_mom_short,22777.25,22777.3125,22781.25,22769.25,trail,16.0,-0.015625,True,True
2025-02-11 10:15:00,2025-02-11 10:17:00,long,trend,trend_cont_long,22712.5,22712.4375,22703.5,22731.75,trail,36.0,-0.006944444444444444,True,True
2025-02-11 10:26:00,2025-02-11 10:30:00,long,trend,trend_cont_long,22733.75,22757.1875,22715.0,22771.25,trail,75.0,1.25,True,True
2025-02-11 12:19:00,2025-02-11 12:21:00,long,pd_rev,pd_pdl_long,22660.0,22673.1875,22647.5,22710.25,trail,50.0,1.055,True,True
2025-02-12 10:00:00,2025-02-12 10:01:00,long,trend,trend_cont_long,22589.0,22581.1875,22581.25,22613.0,stop,31.0,-1.0080645161290323,False,False
2025-02-12 10:15:00,2025-02-12 10:16:00,short,trend,trend_cont_short,22506.0,22519.0625,22519.0,22480.0,stop,52.0,-1.0048076923076923,False,False
2025-02-12 10:30:00,2025-02-12 10:32:00,long,trend,trend_cont_long,22609.0,22621.4375,22596.75,22651.5,trail,49.0,1.0153061224489797,True,True
2025-02-12 10:52:00,2025-02-12 10:54:00,long,pd_rev,pd_pdl_long,22617.25,22631.6875,22603.0,22645.75,trail,57.0,1.013157894736842,True,True
2025-02-12 13:34:00,2025-02-12 13:39:00,long,pm_mom,pm_mom_long,22720.0,22711.1875,22711.25,22737.5,stop,35.0,-1.0071428571428571,False,False
2025-02-13 11:54:00,2025-02-13 11:57:00,short,trend,trend_cont_short,22892.5,22867.3125,22907.5,22862.5,trail,60.0,1.6791666666666667,True,True
2025-02-13 13:32:00,2025-02-13 13:33:00,long,pm_mom,pm_mom_long,22861.25,22856.4375,22856.5,22870.75,stop,19.0,-1.013157894736842,False,False
2025-02-14 12:18:00,2025-02-14 12:19:00,long,vwap_scalp,vwap_scalp_long,23027.75,23024.9375,23025.0,23034.75,stop,11.0,-1.0227272727272727,False,False
2025-02-14 12:34:00,2025-02-14 12:36:00,long,vwap_scalp,vwap_scalp_long,23020.5,23029.6875,23017.5,23030.5,trail,12.0,3.0625,True,True
2025-02-18 10:03:00,2025-02-18 10:05:00,long,or_rev,or_rev_long,23074.5,23097.1875,23060.25,23157.5,trail,57.0,1.5921052631578947,True,True
2025-02-18 10:11:00,2025-02-18 10:14:00,short,trend,trend_cont_short,23088.25,23103.8125,23103.75,23057.25,stop,62.0,-1.0040322580645162,False,False
2025-02-18 10:24:00,2025-02-18 10:25:00,long,vwap_scalp,vwap_scalp_long,23084.75,23078.4375,23078.5,23102.25,stop,25.0,-1.01,False,False
2025-02-18 10:41:00,2025-02-18 10:42:00,long,vwap_scalp,vwap_scalp_long,23075.75,23068.4375,23068.5,23093.0,stop,29.0,-1.0086206896551724,False,False
2025-02-18 11:03:00,2025-02-18 11:12:00,long,pd_rev,pd_pdl_long,23105.0,23113.1875,23093.5,23128.0,trail,46.0,0.7119565217391305,False,True
2025-02-18 13:43:00,2025-02-18 13:45:00,short,trend,trend_cont_short,23054.5,23051.5625,23060.0,23043.5,trail,22.0,0.5340909090909091,False,True
2025-02-18 13:50:00,2025-02-18 13:51:00,long,pm_mom,pm_mom_long,23071.5,23066.6875,23066.75,23081.0,stop,19.0,-1.013157894736842,False,False
2025-02-18 14:11:00,2025-02-18 14:14:00,long,vwap_rev,vwap_rev_long,23031.5,23045.9375,23023.5,23098.0,trail,32.0,1.8046875,True,True
2025-02-19 10:08:00,2025-02-19 10:09:00,long,ou_rev,ou_rev_long,23058.25,23051.9375,23052.0,23092.25,stop,25.0,-1.01,False,False
2025-02-19 10:13:00,2025-02-19 10:18:00,long,ou_rev,ou_rev_long,23047.25,23068.6875,23031.5,23086.0,trail,63.0,1.3611111111111112,True,True
2025-02-19 10:22:00,2025-02-19 10:24:00,long,vwap_scalp,vwap_scalp_long,23051.75,23051.6875,23041.25,23066.75,trail,42.0,-0.005952380952380952,True,True
2025-02-19 13:31:00,2025-02-19 13:42:00,long,trend,trend_cont_long,23168.5,23176.1875,23155.75,23194.0,trail,51.0,0.6029411764705882,False,True
2025-02-19 14:00:00,2025-02-19 14:02:00,short,trend,trend_cont_short,23144.5,23144.5625,23153.5,23126.5,trail,36.0,-0.006944444444444444,True,True
2025-02-20 10:12:00,2025-02-20 10:13:00,short,trend,trend_cont_short,22913.5,22930.3125,22930.25,22863.0,stop,67.0,-1.0037313432835822,False,False
2025-02-20 10:27:00,2025-02-20 10:29:00,long,or_rev,or_rev_long,22997.5,22997.4375,22986.75,23110.5,trail,43.0,-0.005813953488372093,True,True
2025-02-20 12:58:00,2025-02-20 12:59:00,long,vwap_scalp,vwap_scalp_long,22961.25,22953.9375,22954.0,22971.25,stop,29.0,-1.0086206896551724,False,False
2025-02-20 13:03:00,2025-02-20 13:06:00,long,vwap_scalp,vwap_scalp_long,22950.5,22965.9375,22939.0,22965.75,trail,46.0,1.3423913043478262,True,True
2025-02-20 13:34:00,2025-02-20 13:35:00,long,pm_mom,pm_mom_long,22971.25,22966.1875,22966.25,22981.25,stop,20.0,-1.0125,False,False
2025-02-20 13:50:00,2025-02-20 13:51:00,long,vwap_scalp,vwap_scalp_long,22965.75,22961.6875,22961.75,22972.75,stop,16.0,-1.015625,False,False
2025-02-21 10:19:00,2025-02-21 10:20:00,long,vwap_scalp,vwap_scalp_long,22987.75,22979.9375,22980.0,23007.5,stop,31.0,-1.0080645161290323,False,False
2025-02-21 10:29:00,2025-02-21 10:31:00,long,vwap_rev,vwap_rev_long,22914.75,22931.9375,22903.75,23013.75,trail,44.0,1.5625,True,True
2025-02-21 10:56:00,2025-02-21 10:59:00,long,ou_rev,ou_rev_long,22886.0,22900.1875,22873.75,22983.25,trail,49.0,1.1581632653061225,True,True
2025-02-21 11:21:00,2025-02-21 11:23:00,long,vwap_scalp,vwap_scalp_long,22929.5,22941.6875,22922.5,22950.75,trail,28.0,1.7410714285714286,True,True
2025-02-24 10:03:00,2025-02-24 10:04:00,long,vwap_rev,vwap_rev_long,22435.25,22425.9375,22426.0,22583.0,stop,37.0,-1.0067567567567568,False,False
2025-02-24 12:17:00,2025-02-24 12:18:00,short,vwap_scalp,vwap_scalp_short,22525.5,22529.5625,22529.5,22506.5,stop,16.0,-1.015625,False,False
2025-02-24 12:26:00,2025-02-24 12:27:00,short,vwap_scalp,vwap_scalp_short,22536.25,22546.8125,22546.75,22513.0,stop,42.0,-1.005952380952381,False,False
2025-02-24 12:31:00,2025-02-24 12:33:00,short,vwap_scalp,vwap_scalp_short,22536.25,22536.3125,22547.25,22513.5,trail,44.0,-0.005681818181818182,True,True
2025-02-24 12:51:00,2025-02-24 12:54:00,short,ou_lunch,ou_lunch_short,22549.0,22535.5625,22560.5,22493.25,trail,46.0,1.1684782608695652,True,True
2025-02-25 13:33:00,2025-02-25 13:35:00,short,trend,trend_cont_short,22098.5,22083.8125,22106.75,22077.5,trail,33.0,1.7803030303030303,True,True
2025-02-25 14:09:00,2025-02-25 14:11:00,short,trend,trend_cont_short,22103.5,22096.0625,22111.75,22087.0,trail,33.0,0.9015151515151515,True,True
2025-02-26 10:14:00,2025-02-26 10:15:00,short,vwap_scalp,vwap_scalp_short,22236.75,22247.8125,22247.75,22204.5,stop,44.0,-1.0056818181818181,False,False
2025-02-26 10:21:00,2025-02-26 10:23:00,short,ou_rev,ou_rev_short,22265.5,22265.5625,22277.5,22181.0,trail,48.0,-0.005208333333333333,True,True
2025-02-26 10:34:00,2025-02-26 10:36:00,short,vwap_scalp,vwap_scalp_short,22233.75,22214.3125,22240.0,22212.0,trail,25.0,3.11,True,True
2025-02-27 11:02:00,2025-02-27 11:06:00,short,trend,trend_cont_short,21954.5,21954.5625,21981.75,21900.0,trail,109.0,-0.0022935779816513763,True,True
2025-02-27 11:44:00,2025-02-27 11:47:00,short,trend,trend_cont_short,21974.0,21988.5625,21988.5,21945.0,trail,58.0,-1.0043103448275863,False,True
2025-02-27 11:51:00,2025-02-27 11:52:00,short,trend,trend_cont_short,21965.5,21935.5,21980.5,21935.5,target,60.0,2.0,False,False
2025-02-27 13:46:00,2025-02-27 13:48:00,short,pm_mom,pm_mom_short,21986.25,21986.3125,21993.75,21971.25,trail,30.0,-0.008333333333333333,True,True
2025-02-27 14:22:00,2025-02-27 14:24:00,short,trend,trend_cont_short,21881.25,21866.0625,21898.25,21847.25,trail,68.0,0.8933823529411765,True,True
2025-02-28 10:19:00,2025-02-28 10:21:00,short,vwap_scalp,vwap_scalp_short,21578.5,21534.3125,21586.0,21539.25,trail,30.0,5.891666666666667,True,True
2025-03-03 10:29:00,2025-03-03 10:30:00,short,pd_rev,pd_pdh_short,21849.0,21855.8125,21855.75,21834.5,stop,27.0,-1.0092592592592593,False,False
2025-03-03 13:45:00,2025-03-03 13:47:00,short,pm_mom,pm_mom_short,21604.0,21586.3125,21612.25,21587.5,trail,33.0,2.143939393939394,True,True
2025-03-04 12:34:00,2025-03-04 12:35:00,short,ou_lunch,ou_lunch_short,21268.5,21280.8125,21280.75,21157.25,stop,49.0,-1.0051020408163265,False,False
2025-03-04 12:45:00,2025-03-04 12:46:00,short,ou_lunch,ou_lunch_short,21280.75,21294.5625,21294.5,21162.25,stop,55.0,-1.0045454545454546,False,False
2025-03-04 13:12:00,2025-03-04 13:13:00,short,vwap_rev,vwap_rev_short,21368.0,21373.8125,21373.75,21172.25,stop,23.0,-1.0108695652173914,False,False
2025-03-04 13:30:00,2025-03-04 13:31:00,short,pm_mom,pm_mom_short,21290.5,21274.5,21298.5,21274.5,target,32.0,2.0,False,False
2025-03-04 13:58:00,2025-03-04 13:59:00,short,vwap_rev,vwap_rev_short,21420.25,21427.8125,21427.75,21191.0,stop,30.0,-1.0083333333333333,False,False
2025-03-05 12:42:00,2025-03-05 12:45:00,short,vwap_rev,vwap_rev_short,21414.0,21395.5625,21424.75,21278.75,trail,43.0,1.7151162790697674,True,True
2025-03-05 12:58:00,2025-03-05 13:00:00,short,vwap_rev,vwap_rev_short,21466.25,21478.3125,21478.25,21286.75,stop,48.0,-1.0052083333333333,False,False
2025-03-05 13:30:00,2025-03-05 13:31:00,short,pm_mom,pm_mom_short,21416.25,21401.25,21423.75,21401.25,target,30.0,2.0,False,False
2025-03-06 10:53:00,2025-03-06 10:54:00,short,vwap_scalp,vwap_scalp_short,21354.0,21364.8125,21364.75,21313.75,stop,43.0,-1.005813953488372,False,False
2025-03-06 11:59:00,2025-03-06 12:01:00,short,trend,trend_cont_short,21175.0,21152.0625,21200.5,21124.0,trail,102.0,0.8995098039215687,True,True
2025-03-06 14:20:00,2025-03-06 14:22:00,short,pm_mom,pm_mom_short,20954.5,20938.8125,20963.75,20936.0,trail,37.0,1.695945945945946,True,True
2025-03-07 13:36:00,2025-03-07 13:37:00,short,vwap_scalp,vwap_scalp_short,20983.25,20994.0625,20994.0,20945.5,stop,43.0,-1.005813953488372,False,False
2025-03-10 13:32:00,2025-03-10 13:33:00,short,pm_mom,pm_mom_short,20410.5,20416.0625,20416.0,20399.5,stop,22.0,-1.0113636363636365,False,False
2025-03-12 12:32:00,2025-03-12 12:33:00,short,pd_rev,pd_pdh_short,20596.25,20610.3125,20610.25,20519.5,stop,56.0,-1.0044642857142858,False,False
2025-03-12 13:16:00,2025-03-12 13:18:00,short,vwap_scalp,vwap_scalp_short,20577.5,20556.8125,20587.0,20552.5,trail,38.0,2.1776315789473686,True,True
2025-03-12 13:49:00,2025-03-12 13:50:00,short,pm_mom,pm_mom_short,20582.0,20563.5,20591.25,20563.5,target,37.0,2.0,False,False
2025-03-13 10:47:00,2025-03-13 10:50:00,short,trend,trend_cont_short,20338.0,20313.0625,20367.5,20279.0,trail,118.0,0.8453389830508474,True,True
2025-03-13 13:33:00,2025-03-13 13:35:00,short,pm_mom,pm_mom_short,20106.5,20106.5625,20116.5,20086.5,trail,40.0,-0.00625,True,True
2025-03-14 10:53:00,2025-03-14 10:55:00,short,pd_rev,pd_pdh_short,20486.0,20470.0625,20494.75,20443.0,trail,35.0,1.8214285714285714,True,True
2025-03-14 11:06:00,2025-03-14 11:11:00,short,or_rev,or_rev_short,20538.0,20538.0625,20553.0,20437.5,trail,60.0,-0.004166666666666667,True,True
2025-03-14 11:26:00,2025-03-14 11:29:00,short,vwap_rev,vwap_rev_short,20563.75,20541.5625,20572.0,20461.0,trail,33.0,2.6893939393939394,True,True
2025-03-17 10:41:00,2025-03-17 10:43:00,short,pd_rev,pd_pdh_short,20652.25,20634.8125,20660.0,20636.75,trail,31.0,2.25,True,True
2025-03-18 13:15:00,2025-03-18 13:18:00,short,vwap_scalp,vwap_scalp_short,20450.25,20432.8125,20458.75,20432.0,trail,34.0,2.051470588235294,True,True
2025-03-19 09:56:00,2025-03-19 09:57:00,short,ou_rev,ou_rev_short,20539.5,20547.8125,20547.75,20484.75,stop,33.0,-1.0075757575757576,False,False
2025-03-19 10:03:00,2025-03-19 10:04:00,short,ou_rev,ou_rev_short,20559.0,20568.0625,20568.0,20494.5,stop,36.0,-1.0069444444444444,False,False
2025-03-19 10:12:00,2025-03-19 10:14:00,short,vwap_rev,vwap_rev_short,20600.75,20580.5625,20605.75,20509.0,trail,20.0,4.0375,True,True
2025-03-20 10:09:00,2025-03-20 10:10:00,short,or_rev,or_rev_short,20721.0,20730.8125,20730.75,20540.25,stop,39.0,-1.0064102564102564,False,False
2025-03-20 11:25:00,2025-03-20 11:27:00,short,vwap_scalp,vwap_scalp_short,20745.75,20731.0625,20756.5,20719.5,trail,43.0,1.3662790697674418,True,True
2025-03-20 13:30:00,2025-03-20 13:31:00,short,pm_mom,pm_mom_short,20539.5,20549.3125,20549.25,20520.0,stop,39.0,-1.0064102564102564,False,False
2025-03-21 10:08:00,2025-03-21 10:10:00,short,or_rev,or_rev_short,20422.75,20385.5625,20436.75,20368.0,trail,56.0,2.65625,True,True
2025-03-24 10:04:00,2025-03-24 10:06:00,short,or_rev,or_rev_short,21029.0,21018.5625,21037.0,20969.5,trail,32.0,1.3046875,True,True
2025-03-24 10:19:00,2025-03-24 10:20:00,short,vwap_scalp,vwap_scalp_short,21035.0,21038.5625,21038.5,21015.5,stop,14.0,-1.0178571428571428,False,False
2025-03-24 10:26:00,2025-03-24 10:28:00,short,vwap_scalp,vwap_scalp_short,21049.75,21049.8125,21056.5,21024.75,trail,27.0,-0.009259259259259259,True,True
2025-03-24 12:29:00,2025-03-24 12:31:00,short,ou_lunch,ou_lunch_short,21056.75,21032.5625,21071.75,21030.5,trail,60.0,1.6125,True,True
2025-03-24 13:44:00,2025-03-24 13:46:00,short,pm_mom,pm_mom_short,21040.0,21047.8125,21047.75,21024.5,stop,31.0,-1.0080645161290323,False,False
2025-03-24 13:53:00,2025-03-24 13:55:00,short,ou_rev,ou_rev_short,21052.25,21039.0625,21058.75,21033.75,trail,26.0,2.0288461538461537,True,True
2025-03-25 10:27:00,2025-03-25 10:28:00,short,vwap_scalp,vwap_scalp_short,21141.0,21126.5,21148.75,21126.5,target,31.0,1.8709677419354838,False,False
2025-03-25 10:40:00,2025-03-25 10:41:00,short,ou_rev,ou_rev_short,21171.0,21174.0625,21174.0,21117.75,stop,12.0,-1.0208333333333333,False,False
2025-03-25 11:31:00,2025-03-25 11:33:00,short,ou_lunch,ou_lunch_short,21180.5,21167.3125,21187.25,21138.0,trail,27.0,1.9537037037037037,True,True
2025-03-26 10:06:00,2025-03-26 10:08:00,long,or_rev,or_rev_long,21040.0,21049.1875,21026.25,21152.5,trail,55.0,0.6681818181818182,True,True
2025-03-26 13:33:00,2025-03-26 13:35:00,short,pm_mom,pm_mom_short,20807.5,20800.0625,20815.0,20792.5,trail,30.0,0.9916666666666667,True,True
2025-03-27 10:27:00,2025-03-27 10:28:00,short,or_rev,or_rev_short,20789.25,20796.5625,20796.5,20713.25,stop,29.0,-1.0086206896551724,False,False
2025-03-27 11:39:00,2025-03-27 11:43:00,short,trend,trend_cont_short,20788.5,20768.0625,20812.0,20741.5,trail,94.0,0.8696808510638298,True,True
2025-03-27 11:44:00,2025-03-27 11:46:00,short,trend,trend_cont_short,20783.75,20771.3125,20793.0,20765.25,trail,37.0,1.3445945945945945,True,True
2025-03-27 13:39:00,2025-03-27 13:40:00,short,pm_mom,pm_mom_short,20721.5,20726.5625,20726.5,20711.5,stop,20.0,-1.0125,False,False
2025-03-28 13:36:00,2025-03-28 13:38:00,short,pm_mom,pm_mom_short,20158.75,20158.8125,20166.5,20143.25,trail,31.0,-0.008064516129032258,True,True
2025-03-31 11:35:00,2025-03-31 11:36:00,short,or_rev,or_rev_short,19909.75,19914.0625,19914.0,19811.0,stop,17.0,-1.0147058823529411,False,False
2025-03-31 11:51:00,2025-03-31 11:52:00,short,ou_lunch,ou_lunch_short,19942.5,19956.0625,19956.0,19829.5,stop,54.0,-1.0046296296296295,False,False
2025-03-31 12:02:00,2025-03-31 12:03:00,short,ou_lunch,ou_lunch_short,19938.75,19948.5625,19948.5,19834.75,stop,39.0,-1.0064102564102564,False,False
2025-03-31 12:35:00,2025-03-31 12:37:00,short,vwap_rev,vwap_rev_short,19982.25,19964.0625,19989.5,19846.0,trail,29.0,2.5086206896551726,True,True
2025-03-31 13:01:00,2025-03-31 13:03:00,short,vwap_scalp,vwap_scalp_short,19924.0,19924.0625,19935.5,19889.0,trail,46.0,-0.005434782608695652,True,True
2025-03-31 13:48:00,2025-03-31 13:50:00,short,vwap_scalp,vwap_scalp_short,19924.25,19916.0625,19936.0,19895.25,trail,47.0,0.6968085106382979,False,True
2025-04-01 09:50:00,2025-04-01 09:52:00,short,ou_rev,ou_rev_short,20152.0,20152.0625,20171.5,20097.0,trail,78.0,-0.003205128205128205,True,True
2025-04-01 11:03:00,2025-04-01 11:04:00,short,or_rev,or_rev_short,20225.25,20238.5625,20238.5,20094.0,stop,53.0,-1.0047169811320755,False,False
2025-04-01 11:10:00,2025-04-01 11:12:00,short,vwap_rev,vwap_rev_short,20257.25,20257.3125,20264.0,20105.0,trail,27.0,-0.009259259259259259,True,True
2025-04-01 13:35:00,2025-04-01 13:36:00,short,pm_mom,pm_mom_short,20225.75,20235.8125,20235.75,20205.75,stop,40.0,-1.00625,False,False
2025-04-01 14:16:00,2025-04-01 14:18:00,short,trend,trend_cont_short,20143.5,20121.0625,20159.0,20112.5,trail,62.0,1.4475806451612903,True,True
2025-04-01 14:22:00,2025-04-01 14:24:00,short,trend,trend_cont_short,20111.5,20111.5625,20129.25,20076.0,trail,71.0,-0.0035211267605633804,True,True
2025-04-01 14:28:00,2025-04-01 14:34:00,short,trend,trend_cont_short,20105.25,20134.0625,20134.0,20047.75,stop,115.0,-1.0021739130434784,False,False
2025-04-02 10:19:00,2025-04-02 10:21:00,short,or_rev,or_rev_short,20277.25,20277.3125,20282.5,20130.0,trail,21.0,-0.011904761904761904,True,True
2025-04-02 11:55:00,2025-04-02 11:56:00,short,vwap_scalp,vwap_scalp_short,20354.0,20363.3125,20363.25,20316.75,stop,37.0,-1.0067567567567568,False,False
2025-04-02 12:01:00,2025-04-02 12:03:00,short,vwap_scalp,vwap_scalp_short,20374.5,20374.5625,20383.25,20328.5,trail,35.0,-0.007142857142857143,True,True
2025-04-02 13:10:00,2025-04-02 13:11:00,short,vwap_rev,vwap_rev_short,20554.0,20562.8125,20562.75,20328.5,stop,35.0,-1.0071428571428571,False,False
2025-04-02 13:38:00,2025-04-02 13:39:00,short,pm_mom,pm_mom_short,20497.0,20507.0625,20507.0,20477.0,stop,40.0,-1.00625,False,False
2025-04-02 13:59:00,2025-04-02 14:04:00,short,trend,trend_cont_short,20440.5,20461.3125,20461.25,20399.0,stop,83.0,-1.0030120481927711,False,False
2025-04-02 14:11:00,2025-04-02 14:14:00,short,trend,trend_cont_short,20378.75,20407.0625,20407.0,20322.25,stop,113.0,-1.002212389380531,False,False
2025-04-03 13:50:00,2025-04-03 13:51:00,short,pm_mom,pm_mom_short,19570.0,19557.5,19576.25,19557.5,target,25.0,2.0,False,False
2025-04-04 14:11:00,2025-04-04 14:12:00,short,pm_mom,pm_mom_short,18506.75,18488.25,18516.0,18488.25,target,37.0,2.0,False,False
2025-04-07 13:34:00,2025-04-07 13:35:00,short,vwap_scalp,vwap_scalp_short,18271.0,18278.0625,18278.0,18184.5,stop,28.0,-1.0089285714285714,False,False
2025-04-08 10:29:00,2025-04-08 10:31:00,short,ou_rev,ou_rev_short,19042.0,18959.5625,19066.25,18924.75,trail,97.0,3.399484536082474,True,True
2025-04-11 13:52:00,2025-04-11 13:53:00,short,vwap_rev,vwap_rev_short,19521.0,19530.0625,19530.0,19248.0,stop,36.0,-1.0069444444444444,False,False
2025-04-15 10:30:00,2025-04-15 10:31:00,short,trend,trend_cont_short,19678.0,19699.0625,19699.0,19633.0,stop,84.0,-1.0029761904761905,False,False
2025-04-15 12:27:00,2025-04-15 12:29:00,short,ou_lunch,ou_lunch_short,19792.5,19776.8125,19799.5,19747.75,trail,28.0,2.2410714285714284,True,True
2025-04-15 14:21:00,2025-04-15 14:23:00,short,pm_mom,pm_mom_short,19604.0,19604.0625,19611.5,19589.0,trail,30.0,-0.008333333333333333,True,True
2025-04-16 11:36:00,2025-04-16 11:38:00,short,or_rev,or_rev_short,19408.75,19380.8125,19414.5,19335.0,trail,23.0,4.858695652173913,True,True
2025-04-17 12:28:00,2025-04-17 12:29:00,short,vwap_scalp,vwap_scalp_short,19151.0,19160.3125,19160.25,19124.25,stop,37.0,-1.0067567567567568,False,False
2025-04-17 12:54:00,2025-04-17 12:56:00,short,vwap_scalp,vwap_scalp_short,19161.5,19149.3125,19169.0,19131.25,trail,30.0,1.625,True,True
2025-04-17 13:03:00,2025-04-17 13:05:00,short,ou_lunch,ou_lunch_short,19174.0,19141.3125,19183.25,19102.75,trail,37.0,3.5337837837837838,True,True
2025-04-21 13:35:00,2025-04-21 13:36:00,short,pm_mom,pm_mom_short,18461.0,18465.5625,18465.5,18452.0,stop,18.0,-1.0138888888888888,False,False
2025-04-22 09:51:00,2025-04-22 09:53:00,short,ou_rev,ou_rev_short,18938.5,18912.5625,18953.5,18878.25,trail,60.0,1.7291666666666667,True,True
2025-04-22 10:02:00,2025-04-22 10:04:00,short,ou_rev,ou_rev_short,18965.0,18965.0625,18974.5,18894.0,trail,38.0,-0.006578947368421052,True,True
2025-04-22 10:08:00,2025-04-22 10:10:00,short,ou_rev,ou_rev_short,18981.75,18993.5625,18993.5,18903.75,stop,47.0,-1.0053191489361701,False,False
2025-04-22 10:15:00,2025-04-22 10:17:00,short,vwap_scalp,vwap_scalp_short,18979.5,18955.8125,18991.75,18947.0,trail,49.0,1.933673469387755,True,True
2025-04-23 10:35:00,2025-04-23 10:36:00,short,ou_rev,ou_rev_short,19843.75,19854.3125,19854.25,19747.0,stop,42.0,-1.005952380952381,False,False
2025-04-23 10:40:00,2025-04-23 10:42:00,short,ou_rev,ou_rev_short,19840.5,19812.0625,19862.5,19752.5,trail,88.0,1.2926136363636365,True,True
2025-04-23 10:46:00,2025-04-23 10:47:00,short,vwap_scalp,vwap_scalp_short,19826.25,19832.8125,19832.75,19791.0,stop,26.0,-1.0096153846153846,False,False
2025-04-23 13:51:00,2025-04-23 13:52:00,short,trend,trend_cont_short,19586.75,19595.3125,19595.25,19556.5,stop,34.0,-1.0073529411764706,False,False
2025-04-23 14:28:00,2025-04-23 14:29:00,short,pm_mom,pm_mom_short,19602.75,19589.25,19609.5,19589.25,target,27.0,2.0,False,False
2025-04-24 10:10:00,2025-04-24 10:12:00,short,or_rev,or_rev_short,19802.25,19764.0625,19815.25,19613.5,trail,52.0,2.9375,True,True
2025-04-25 10:12:00,2025-04-25 10:13:00,short,vwap_rev,vwap_rev_short,20093.0,20102.5625,20102.5,20020.25,stop,38.0,-1.006578947368421,False,False
2025-04-25 11:12:00,2025-04-25 11:14:00,short,vwap_scalp,vwap_scalp_short,20077.5,20063.8125,20087.5,20051.75,trail,40.0,1.36875,True,True
2025-04-25 11:24:00,2025-04-25 11:26:00,short,vwap_scalp,vwap_scalp_short,20094.25,20075.3125,20102.0,20061.75,trail,31.0,2.443548387096774,True,True
2025-04-28 11:00:00,2025-04-28 11:02:00,long,ou_rev,ou_rev_long,20179.0,20204.4375,20168.0,20226.25,trail,44.0,2.3125,True,True
2025-04-29 10:08:00,2025-04-29 10:10:00,short,vwap_rev,vwap_rev_short,20301.5,20277.8125,20310.25,20198.5,trail,35.0,2.7071428571428573,True,True
2025-04-30 10:46:00,2025-04-30 10:48:00,short,or_rev,or_rev_short,20050.0,20019.0625,20064.0,19929.75,trail,56.0,2.2098214285714284,True,True
2025-05-01 11:55:00,2025-05-01 11:57:00,short,trend,trend_cont_short,20704.25,20641.5625,20727.75,20657.25,trail,94.0,2.6675531914893615,True,True
2025-05-02 13:40:00,2025-05-02 13:41:00,long,pm_mom,pm_mom_long,20928.0,20923.1875,20923.25,20937.5,stop,19.0,-1.013157894736842,False,False
2025-05-05 10:37:00,2025-05-05 10:39:00,long,pd_rev,pd_pdl_long,20731.5,20771.4375,20717.0,20760.5,trail,58.0,2.7543103448275863,True,True
2025-05-06 10:00:00,2025-05-06 10:02:00,short,trend,trend_cont_short,20465.75,20465.8125,20486.5,20424.25,trail,83.0,-0.0030120481927710845,True,True
2025-05-06 10:30:00,2025-05-06 10:36:00,long,trend,trend_cont_long,20608.25,20608.1875,20589.0,20646.75,trail,77.0,-0.003246753246753247,True,True
2025-05-06 13:34:00,2025-05-06 13:36:00,long,pm_mom,pm_mom_long,20606.5,20616.6875,20600.0,20619.5,trail,26.0,1.5673076923076923,True,True
2025-05-06 13:45:00,2025-05-06 13:47:00,long,vwap_scalp,vwap_scalp_long,20555.5,20547.6875,20547.75,20572.25,stop,31.0,-1.0080645161290323,False,False
2025-05-07 10:57:00,2025-05-07 10:58:00,long,vwap_rev,vwap_rev_long,20549.75,20538.1875,20538.25,20624.0,stop,46.0,-1.0054347826086956,False,False
2025-05-07 11:02:00,2025-05-07 11:09:00,short,trend,trend_cont_short,20529.0,20529.0625,20558.25,20470.5,trail,117.0,-0.002136752136752137,True,True
2025-05-07 11:10:00,2025-05-07 11:11:00,short,trend,trend_cont_short,20537.75,20543.8125,20543.75,20508.5,stop,24.0,-1.0104166666666667,False,False
2025-05-08 10:00:00,2025-05-08 10:02:00,long,or_rev,or_rev_long,20798.5,20829.4375,20784.0,20844.5,trail,58.0,2.1336206896551726,True,True
2025-05-09 10:34:00,2025-05-09 10:35:00,long,or_rev,or_rev_long,20852.75,20842.1875,20842.25,20960.5,stop,42.0,-1.005952380952381,False,False
2025-05-09 12:42:00,2025-05-09 12:46:00,long,vwap_scalp,vwap_scalp_long,20825.25,20814.9375,20815.0,20849.0,stop,41.0,-1.0060975609756098,False,False
2025-05-09 13:09:00,2025-05-09 13:11:00,long,ou_lunch,ou_lunch_long,20794.5,20825.1875,20788.5,20867.75,trail,24.0,5.114583333333333,True,True
2025-05-12 10:37:00,2025-05-12 10:39:00,long,or_rev,or_rev_long,21429.5,21429.4375,21414.5,21546.5,trail,60.0,-0.004166666666666667,True,True
2025-05-12 13:31:00,2025-05-12 13:34:00,long,pm_mom,pm_mom_long,21616.0,21615.9375,21607.0,21634.0,trail,36.0,-0.006944444444444444,True,True
2025-05-13 13:31:00,2025-05-13 13:33:00,long,pm_mom,pm_mom_long,22032.0,22052.6875,22025.25,22045.5,trail,27.0,3.064814814814815,True,True
2025-05-14 13:39:00,2025-05-14 13:41:00,long,pm_mom,pm_mom_long,22041.75,22051.6875,22032.25,22060.75,trail,38.0,1.0460526315789473,True,True
2025-05-14 13:50:00,2025-05-14 13:51:00,long,trend,trend_cont_long,22053.5,22073.0,22043.75,22073.0,target,39.0,2.0,False,False
2025-05-15 10:37:00,2025-05-15 10:38:00,long,or_rev,or_rev_long,21981.25,21966.6875,21966.75,22017.0,stop,58.0,-1.0043103448275863,False,False
2025-05-15 14:09:00,2025-05-15 14:11:00,short,trend,trend_cont_short,22154.75,22140.0625,22165.25,22133.75,trail,42.0,1.3988095238095237,True,True
2025-05-15 14:15:00,2025-05-15 14:17:00,short,trend,trend_cont_short,22129.25,22106.5625,22151.25,22085.25,trail,88.0,1.03125,True,True
2025-05-16 10:33:00,2025-05-16 10:35:00,long,ou_rev,ou_rev_long,22106.0,22105.9375,22100.5,22136.25,trail,22.0,-0.011363636363636364,True,True
2025-05-16 10:38:00,2025-05-16 10:40:00,long,ou_rev,ou_rev_long,22088.25,22088.1875,22075.25,22132.75,trail,52.0,-0.004807692307692308,True,True
2025-05-16 13:30:00,2025-05-16 13:31:00,long,pm_mom,pm_mom_long,22166.0,22171.5,22163.25,22171.5,target,11.0,2.0,False,False
2025-05-19 13:38:00,2025-05-19 13:40:00,long,pm_mom,pm_mom_long,22238.25,22238.1875,22233.0,22248.75,trail,21.0,-0.011904761904761904,True,True
2025-05-20 10:06:00,2025-05-20 10:08:00,long,open_drive,open_drive_long,22116.75,22102.9375,22103.0,22144.25,stop,55.0,-1.0045454545454546,False,False
2025-05-20 13:48:00,2025-05-20 13:51:00,short,trend,trend_cont_short,22136.0,22116.5625,22145.5,22117.0,trail,38.0,2.0460526315789473,True,True
2025-05-20 14:04:00,2025-05-20 14:09:00,long,pm_mom,pm_mom_long,22144.75,22144.6875,22136.25,22161.75,trail,34.0,-0.007352941176470588,True,True
2025-05-21 10:04:00,2025-05-21 10:07:00,long,trend,trend_cont_long,22106.25,22125.4375,22093.25,22149.75,trail,52.0,1.4759615384615385,True,True
2025-05-21 10:10:00,2025-05-21 10:11:00,long,trend,trend_cont_long,22120.0,22103.9375,22104.0,22152.0,stop,64.0,-1.00390625,False,False
2025-05-21 13:35:00,2025-05-21 13:38:00,short,trend,trend_cont_short,21959.25,21959.3125,21988.75,21868.0,trail,118.0,-0.00211864406779661,True,True
2025-05-21 13:46:00,2025-05-21 13:47:00,short,trend,trend_cont_short,21976.0,21994.8125,21994.75,21868.0,stop,75.0,-1.0033333333333334,False,False
2025-05-21 14:29:00,2025-05-21 14:31:00,long,pm_mom,pm_mom_long,21946.25,21959.1875,21940.75,21957.25,trail,22.0,2.352272727272727,True,True
2025-05-22 10:10:00,2025-05-22 10:11:00,long,trend,trend_cont_long,22026.75,22006.9375,22007.0,22066.25,stop,79.0,-1.0031645569620253,False,False
2025-05-22 10:39:00,2025-05-22 10:42:00,short,trend,trend_cont_short,21917.25,21946.8125,21946.75,21858.25,stop,118.0,-1.0021186440677967,False,False
2025-05-22 11:57:00,2025-05-22 11:58:00,long,trend,trend_cont_long,21975.5,21964.1875,21964.25,21998.0,stop,45.0,-1.0055555555555555,False,False
2025-05-22 13:35:00,2025-05-22 13:37:00,long,pm_mom,pm_mom_long,21981.0,21971.1875,21971.25,22000.5,trail,39.0,-1.0064102564102564,False,True
2025-05-22 13:41:00,2025-05-22 13:45:00,long,trend,trend_cont_long,21977.75,21997.4375,21966.75,21999.75,trail,44.0,1.7897727272727273,False,True
2025-05-23 13:30:00,2025-05-23 13:31:00,long,pm_mom,pm_mom_long,21778.25,21770.9375,21771.0,21792.75,stop,29.0,-1.0086206896551724,False,False
2025-05-26 10:39:00,2025-05-26 10:40:00,long,vwap_rev,vwap_rev_long,21948.75,21944.9375,21945.0,21985.75,stop,15.0,-1.0166666666666666,False,False
2025-05-27 10:09:00,2025-05-27 10:11:00,long,trend,trend_cont_long,22052.5,22061.9375,22037.25,22083.0,trail,61.0,0.6188524590163934,False,True
2025-05-27 10:14:00,2025-05-27 10:20:00,long,trend,trend_cont_long,22071.25,22083.9375,22052.75,22108.25,trail,74.0,0.6858108108108109,True,True
2025-05-27 13:43:00,2025-05-27 13:45:00,long,pm_mom,pm_mom_long,22167.0,22171.1875,22163.25,22174.5,trail,15.0,1.1166666666666667,True,True
2025-05-28 10:06:00,2025-05-28 10:07:00,long,or_rev,or_rev_long,22188.75,22178.4375,22178.5,22237.5,stop,41.0,-1.0060975609756098,False,False
2025-05-28 10:21:00,2025-05-28 10:22:00,long,vwap_scalp,vwap_scalp_long,22175.5,22170.4375,22170.5,22193.0,stop,20.0,-1.0125,False,False
2025-05-28 10:28:00,2025-05-28 10:31:00,long,vwap_scalp,vwap_scalp_long,22163.0,22171.1875,22154.75,22184.25,trail,33.0,0.9924242424242424,True,True
2025-05-28 10:39:00,2025-05-28 10:41:00,long,ou_rev,ou_rev_long,22147.0,22157.6875,22141.0,22200.75,trail,24.0,1.78125,True,True
2025-05-28 11:39:00,2025-05-28 11:41:00,long,ou_lunch,ou_lunch_long,22155.75,22166.9375,22150.5,22187.5,trail,21.0,2.130952380952381,True,True
2025-05-29 10:01:00,2025-05-29 10:03:00,short,trend,trend_cont_short,22217.25,22233.3125,22233.25,22185.25,stop,64.0,-1.00390625,False,False
2025-05-29 10:13:00,2025-05-29 10:15:00,long,or_rev,or_rev_long,22112.75,22148.6875,22103.25,22317.0,trail,38.0,3.7828947368421053,True,True
2025-05-30 09:53:00,2025-05-30 09:55:00,long,ou_rev,ou_rev_long,21955.5,21985.9375,21942.75,22025.25,trail,51.0,2.3872549019607843,True,True
2025-06-02 10:07:00,2025-06-02 10:09:00,long,or_rev,or_rev_long,21981.0,22038.4375,21970.5,22077.25,trail,42.0,5.470238095238095,True,True
2025-06-03 14:27:00,2025-06-03 14:30:00,long,pm_mom,pm_mom_long,22394.5,22409.1875,22386.5,22410.5,trail,32.0,1.8359375,True,True
2025-06-04 10:15:00,2025-06-04 10:17:00,long,or_rev,or_rev_long,22419.75,22441.4375,22411.25,22463.5,trail,34.0,2.551470588235294,True,True
2025-06-05 10:16:00,2025-06-05 10:17:00,long,or_rev,or_rev_long,22433.25,22428.9375,22429.0,22496.5,stop,17.0,-1.0147058823529411,False,False
2025-06-05 13:31:00,2025-06-05 13:34:00,long,trend,trend_cont_long,22488.75,22497.1875,22478.25,22509.75,trail,42.0,0.8035714285714286,False,True
2025-06-05 13:36:00,2025-06-05 13:43:00,long,trend,trend_cont_long,22492.0,22491.9375,22483.75,22508.5,trail,33.0,-0.007575757575757576,True,True
2025-06-06 12:48:00,2025-06-06 12:50:00,long,vwap_scalp,vwap_scalp_long,22473.0,22485.4375,22464.0,22496.25,trail,36.0,1.3819444444444444,True,True
2025-06-06 12:55:00,2025-06-06 12:56:00,long,vwap_rev,vwap_rev_long,22460.25,22451.4375,22451.5,22518.5,stop,35.0,-1.0071428571428571,False,False
2025-06-06 13:12:00,2025-06-06 13:14:00,long,vwap_rev,vwap_rev_long,22454.5,22469.6875,22445.75,22515.0,trail,35.0,1.7357142857142858,True,True
2025-06-09 09:47:00,2025-06-09 09:48:00,long,open_drive,open_drive_long,22494.0,22486.1875,22486.25,22509.5,stop,31.0,-1.0080645161290323,False,False
2025-06-09 13:38:00,2025-06-09 13:40:00,long,pm_mom,pm_mom_long,22571.25,22576.4375,22566.5,22580.75,trail,19.0,1.0921052631578947,True,True
2025-06-10 11:40:00,2025-06-10 11:43:00,long,or_rev,or_rev_long,22522.75,22530.9375,22508.0,22560.75,trail,59.0,0.5550847457627118,False,True
2025-06-10 11:59:00,2025-06-10 12:01:00,long,trend,trend_cont_long,22577.25,22586.1875,22569.75,22592.25,trail,30.0,1.1916666666666667,True,True
2025-06-10 13:37:00,2025-06-10 13:41:00,short,trend,trend_cont_short,22593.25,22575.5625,22602.75,22574.25,trail,38.0,1.861842105263158,True,True
2025-06-11 10:33:00,2025-06-11 10:35:00,long,trend,trend_cont_long,22741.0,22755.1875,22733.25,22756.5,trail,31.0,1.8306451612903225,True,True
2025-06-11 10:39:00,2025-06-11 10:43:00,long,trend,trend_cont_long,22753.75,22742.1875,22742.25,22776.75,stop,46.0,-1.0054347826086956,False,False
2025-06-11 12:16:00,2025-06-11 12:17:00,long,vwap_scalp,vwap_scalp_long,22668.75,22660.1875,22660.25,22690.0,stop,34.0,-1.0073529411764706,False,False
2025-06-11 12:57:00,2025-06-11 12:58:00,long,vwap_scalp,vwap_scalp_long,22679.25,22676.6875,22676.75,22692.25,stop,10.0,-1.025,False,False
2025-06-11 13:30:00,2025-06-11 13:31:00,long,pm_mom,pm_mom_long,22716.5,22712.1875,22712.25,22725.0,stop,17.0,-1.0147058823529411,False,False
2025-06-12 13:32:00,2025-06-12 13:35:00,long,pm_mom,pm_mom_long,22668.75,22674.6875,22659.5,22687.25,trail,37.0,0.6418918918918919,False,True
2025-06-13 10:12:00,2025-06-13 10:13:00,long,vwap_rev,vwap_rev_long,22401.75,22390.9375,22391.0,22453.25,stop,43.0,-1.005813953488372,False,False
2025-06-13 10:30:00,2025-06-13 10:32:00,long,vwap_rev,vwap_rev_long,22336.25,22349.4375,22325.0,22432.25,trail,45.0,1.1722222222222223,True,True
2025-06-13 13:53:00,2025-06-13 13:55:00,long,pm_mom,pm_mom_long,22503.5,22498.1875,22498.25,22514.0,stop,21.0,-1.0119047619047619,False,False
2025-06-16 13:35:00,2025-06-16 13:36:00,long,pm_mom,pm_mom_long,22691.25,22681.9375,22682.0,22709.75,stop,37.0,-1.0067567567567568,False,False
2025-06-17 12:57:00,2025-06-17 12:58:00,long,vwap_rev,vwap_rev_long,22542.25,22535.4375,22535.5,22588.0,stop,27.0,-1.0092592592592593,False,False
2025-06-17 13:25:00,2025-06-17 13:26:00,long,vwap_scalp,vwap_scalp_long,22531.75,22524.1875,22524.25,22556.5,stop,30.0,-1.0083333333333333,False,False
2025-06-17 13:38:00,2025-06-17 13:39:00,long,vwap_scalp,vwap_scalp_long,22539.75,22530.9375,22531.0,22558.75,stop,35.0,-1.0071428571428571,False,False
2025-06-17 14:00:00,2025-06-17 14:07:00,short,trend,trend_cont_short,22456.25,22456.3125,22479.0,22410.75,trail,91.0,-0.0027472527472527475,True,True
2025-06-18 10:18:00,2025-06-18 10:21:00,long,trend,trend_cont_long,22546.0,22570.9375,22534.5,22569.0,trail,46.0,2.1684782608695654,True,True
2025-06-19 10:01:00,2025-06-19 10:02:00,long,or_rev,or_rev_long,22185.75,22176.9375,22177.0,22243.5,stop,35.0,-1.0071428571428571,False,False
2025-06-19 10:11:00,2025-06-19 10:14:00,long,open_drive,open_drive_long,22204.5,22204.4375,22196.25,22221.0,trail,33.0,-0.007575757575757576,True,True
2025-06-19 10:26:00,2025-06-19 10:29:00,long,trend,trend_cont_long,22214.0,22213.9375,22207.25,22227.5,trail,27.0,-0.009259259259259259,True,True
2025-06-19 10:45:00,2025-06-19 10:47:00,short,trend,trend_cont_short,22176.0,22194.0625,22194.0,22140.0,stop,72.0,-1.0034722222222223,False,False
2025-06-19 11:07:00,2025-06-19 11:08:00,long,trend,trend_cont_long,22221.25,22216.1875,22216.25,22233.0,stop,20.0,-1.0125,False,False
2025-06-19 12:00:00,2025-06-19 12:02:00,long,ou_lunch,ou_lunch_long,22175.0,22186.9375,22169.0,22202.5,trail,24.0,1.9895833333333333,True,True
2025-06-20 10:03:00,2025-06-20 10:06:00,long,or_rev,or_rev_long,22507.75,22524.1875,22495.25,22579.25,trail,50.0,1.315,True,True
2025-06-20 11:04:00,2025-06-20 11:06:00,short,pd_rev,pd_pdh_short,22280.5,22280.5625,22294.5,22252.5,trail,56.0,-0.004464285714285714,True,True
2025-06-20 13:31:00,2025-06-20 13:32:00,short,pm_mom,pm_mom_short,22285.5,22290.5625,22290.5,22275.5,stop_ambiguous,20.0,-1.0125,False,False
2025-06-23 12:28:00,2025-06-23 12:30:00,long,vwap_scalp,vwap_scalp_long,22365.0,22364.9375,22358.75,22395.75,trail,25.0,-0.01,True,True
2025-06-23 13:40:00,2025-06-23 13:41:00,long,pm_mom,pm_mom_long,22559.0,22550.4375,22550.5,22576.0,stop,34.0,-1.0073529411764706,False,False
2025-06-24 13:34:00,2025-06-24 13:36:00,long,pm_mom,pm_mom_long,22897.0,22892.9375,22893.0,22905.0,stop,16.0,-1.015625,False,False
2025-06-25 10:17:00,2025-06-25 10:19:00,long,or_rev,or_rev_long,22973.75,22973.6875,22962.0,23014.0,trail,47.0,-0.005319148936170213,True,True
2025-06-25 10:55:00,2025-06-25 10:56:00,long,vwap_scalp,vwap_scalp_long,22982.5,22992.25,22977.5,22992.25,target,20.0,1.95,False,False
2025-06-25 11:22:00,2025-06-25 11:23:00,long,vwap_scalp,vwap_scalp_long,22948.5,22941.1875,22941.25,22971.75,stop,29.0,-1.0086206896551724,False,False
2025-06-25 11:27:00,2025-06-25 11:31:00,long,vwap_scalp,vwap_scalp_long,22961.5,22950.9375,22951.0,22977.75,trail,42.0,-1.005952380952381,False,True
2025-06-25 11:44:00,2025-06-25 11:46:00,long,ou_lunch,ou_lunch_long,22939.25,22939.1875,22933.0,22989.0,trail,25.0,-0.01,True,True
2025-06-25 13:30:00,2025-06-25 13:31:00,long,pm_mom,pm_mom_long,22951.0,22947.4375,22947.5,22958.0,stop,14.0,-1.0178571428571428,False,False
2025-06-26 09:57:00,2025-06-26 09:59:00,long,open_drive,open_drive_long,23014.0,23033.1875,23004.25,23033.5,trail,39.0,1.9679487179487178,True,True
2025-06-26 10:13:00,2025-06-26 10:16:00,long,trend,trend_cont_long,23053.75,23040.1875,23040.25,23080.75,stop,54.0,-1.0046296296296295,False,False
2025-06-26 10:18:00,2025-06-26 10:19:00,long,trend,trend_cont_long,23056.5,23048.9375,23049.0,23071.5,stop,30.0,-1.0083333333333333,False,False
2025-06-26 10:25:00,2025-06-26 10:32:00,long,trend,trend_cont_long,23065.25,23091.1875,23051.5,23092.75,trail,55.0,1.8863636363636365,True,True
2025-06-26 13:31:00,2025-06-26 13:34:00,long,pm_mom,pm_mom_long,23133.0,23132.9375,23128.25,23142.5,trail,19.0,-0.013157894736842105,True,True
2025-06-27 13:42:00,2025-06-27 13:43:00,long,pm_mom,pm_mom_long,23274.25,23270.6875,23270.75,23281.25,stop,14.0,-1.0178571428571428,False,False
2025-06-30 13:51:00,2025-06-30 13:52:00,long,pm_mom,pm_mom_long,23325.75,23318.1875,23318.25,23340.75,stop,30.0,-1.0083333333333333,False,False
2025-06-30 14:15:00,2025-06-30 14:17:00,long,ou_rev,ou_rev_long,23312.25,23323.1875,23308.75,23325.5,trail,14.0,3.125,True,True
2025-07-01 09:36:00,2025-07-01 09:38:00,long,open_drive,open_drive_long,23300.5,23300.4375,23286.75,23328.0,trail,55.0,-0.004545454545454545,True,True
2025-07-01 09:47:00,2025-07-01 09:50:00,long,open_drive,open_drive_long,23300.25,23318.1875,23286.75,23327.25,trail,54.0,1.3287037037037037,True,True
2025-07-01 10:42:00,2025-07-01 10:43:00,long,vwap_rev,vwap_rev_long,23208.0,23201.1875,23201.25,23287.25,stop,27.0,-1.0092592592592593,False,False
2025-07-01 10:54:00,2025-07-01 10:56:00,short,trend,trend_cont_short,23199.0,23194.0625,23206.25,23176.25,trail,29.0,0.6810344827586207,False,True
2025-07-01 11:28:00,2025-07-01 11:30:00,long,vwap_scalp,vwap_scalp_long,23183.25,23183.1875,23174.5,23208.75,trail,35.0,-0.007142857142857143,True,True
2025-07-01 13:43:00,2025-07-01 13:47:00,long,pm_mom,pm_mom_long,23222.25,23222.1875,23215.0,23236.75,trail,29.0,-0.008620689655172414,True,True
2025-07-02 10:20:00,2025-07-02 10:23:00,long,trend,trend_cont_long,23253.75,23258.6875,23247.5,23266.25,trail,25.0,0.79,False,True
2025-07-02 10:25:00,2025-07-02 10:26:00,long,trend,trend_cont_long,23261.75,23279.75,23252.75,23279.75,target,36.0,2.0,False,False
2025-07-03 10:19:00,2025-07-03 10:22:00,long,trend,trend_cont_long,23548.0,23559.9375,23532.25,23579.5,trail,63.0,0.7579365079365079,False,True
2025-07-03 11:36:00,2025-07-03 11:38:00,long,trend,trend_cont_long,23568.75,23579.4375,23560.25,23585.75,trail,34.0,1.2573529411764706,True,True
2025-07-04 09:57:00,2025-07-04 09:58:00,long,pd_rev,pd_pdl_long,23426.75,23421.4375,23421.5,23437.25,stop,21.0,-1.0119047619047619,False,False
2025-07-07 10:59:00,2025-07-07 11:01:00,long,ou_rev,ou_rev_long,23381.5,23394.9375,23376.0,23429.25,trail,22.0,2.4431818181818183,True,True
2025-07-08 10:08:00,2025-07-08 10:10:00,long,vwap_rev,vwap_rev_long,23368.5,23368.4375,23360.0,23399.25,trail,34.0,-0.007352941176470588,True,True
2025-07-08 10:27:00,2025-07-08 10:29:00,long,ou_rev,ou_rev_long,23353.5,23369.6875,23342.5,23391.75,trail,44.0,1.4715909090909092,True,True
2025-07-08 10:44:00,2025-07-08 10:46:00,long,trend,trend_cont_long,23421.75,23409.4375,23409.5,23446.25,stop,49.0,-1.0051020408163265,False,False
2025-07-08 10:54:00,2025-07-08 10:56:00,long,vwap_scalp,vwap_scalp_long,23349.5,23349.4375,23338.75,23371.75,trail,43.0,-0.005813953488372093,True,True
2025-07-08 11:29:00,2025-07-08 11:31:00,short,trend,trend_cont_short,23356.0,23370.3125,23370.25,23327.5,trail,57.0,-1.0043859649122806,False,True
2025-07-08 11:51:00,2025-07-08 11:54:00,long,trend,trend_cont_long,23392.75,23381.4375,23381.5,23415.25,stop,45.0,-1.0055555555555555,False,False
2025-07-08 13:31:00,2025-07-08 13:33:00,long,pm_mom,pm_mom_long,23412.0,23405.4375,23405.5,23425.0,stop,26.0,-1.0096153846153846,False,False
2025-07-09 10:00:00,2025-07-09 10:01:00,long,trend,trend_cont_long,23580.0,23604.0,23568.0,23604.0,target,48.0,2.0,False,False
2025-07-10 10:20:00,2025-07-10 10:21:00,long,or_rev,or_rev_long,23458.0,23451.9375,23452.0,23550.0,stop,24.0,-1.0104166666666667,False,False
2025-07-10 10:47:00,2025-07-10 10:52:00,long,trend,trend_cont_long,23464.25,23478.1875,23449.0,23494.75,trail,61.0,0.9139344262295082,True,True
2025-07-10 10:52:00,2025-07-10 10:57:00,long,trend,trend_cont_long,23475.75,23464.1875,23464.25,23498.75,stop,46.0,-1.0054347826086956,False,False
2025-07-10 13:31:00,2025-07-10 13:36:00,long,pm_mom,pm_mom_long,23513.75,23513.6875,23505.0,23531.25,trail,35.0,-0.007142857142857143,True,True
2025-07-11 13:52:00,2025-07-11 13:56:00,long,pm_mom,pm_mom_long,23486.5,23493.1875,23477.5,23504.5,trail,36.0,0.7430555555555556,True,True
2025-07-14 09:50:00,2025-07-14 09:52:00,long,open_drive,open_drive_long,23413.25,23428.9375,23400.5,23438.75,trail,51.0,1.2303921568627452,True,True
2025-07-14 13:32:00,2025-07-14 13:39:00,long,pm_mom,pm_mom_long,23552.75,23552.6875,23545.0,23568.25,trail,31.0,-0.008064516129032258,True,True
2025-07-15 10:11:00,2025-07-15 10:15:00,long,open_drive,open_drive_long,23665.5,23685.4375,23654.25,23688.0,trail,45.0,1.7722222222222221,True,True
2025-07-15 10:54:00,2025-07-15 10:55:00,long,vwap_rev,vwap_rev_long,23612.75,23609.1875,23609.25,23657.75,stop,14.0,-1.0178571428571428,False,False
2025-07-15 11:01:00,2025-07-15 11:03:00,long,vwap_scalp,vwap_scalp_long,23599.5,23615.9375,23589.5,23626.5,trail,40.0,1.64375,True,True
2025-07-16 10:00:00,2025-07-16 10:02:00,long,or_rev,or_rev_long,23462.5,23476.6875,23450.75,23539.0,trail,47.0,1.2074468085106382,True,True
2025-07-16 11:23:00,2025-07-16 11:25:00,long,ou_rev,ou_rev_long,23406.25,23447.4375,23392.0,23492.25,trail,57.0,2.8903508771929824,True,True
2025-07-17 10:01:00,2025-07-17 10:08:00,long,trend,trend_cont_long,23654.5,23654.4375,23635.0,23693.5,trail,78.0,-0.003205128205128205,True,True
2025-07-17 10:08:00,2025-07-17 10:12:00,long,trend,trend_cont_long,23663.0,23650.1875,23650.25,23688.5,stop,51.0,-1.0049019607843137,False,False
2025-07-17 10:40:00,2025-07-17 10:47:00,long,trend,trend_cont_long,23661.75,23674.4375,23653.0,23679.25,trail,35.0,1.45,True,True
2025-07-17 13:32:00,2025-07-17 13:33:00,long,pm_mom,pm_mom_long,23754.0,23748.9375,23749.0,23764.0,stop,20.0,-1.0125,False,False
2025-07-18 09:59:00,2025-07-18 10:01:00,long,ou_rev,ou_rev_long,23753.0,23774.5,23746.0,23774.5,target,28.0,3.0714285714285716,False,False
2025-07-21 13:34:00,2025-07-21 13:36:00,long,pm_mom,pm_mom_long,23916.25,23912.4375,23912.5,23923.75,stop,15.0,-1.0166666666666666,False,False
2025-07-22 10:04:00,2025-07-22 10:06:00,short,trend,trend_cont_short,23614.0,23636.3125,23636.25,23569.5,stop,89.0,-1.002808988764045,False,False
2025-07-22 10:13:00,2025-07-22 10:16:00,long,or_rev,or_rev_long,23666.0,23689.6875,23659.0,23798.5,trail,28.0,3.3839285714285716,True,True
2025-07-23 09:58:00,2025-07-23 10:00:00,long,ou_rev,ou_rev_long,23676.0,23675.9375,23667.25,23699.5,trail,35.0,-0.007142857142857143,True,True
2025-07-23 10:06:00,2025-07-23 10:08:00,long,ou_rev,ou_rev_long,23661.5,23661.4375,23649.75,23693.25,trail,47.0,-0.005319148936170213,True,True
2025-07-23 10:15:00,2025-07-23 10:17:00,long,ou_rev,ou_rev_long,23644.5,23678.6875,23640.25,23687.75,trail,17.0,8.044117647058824,True,True
2025-07-24 10:05:00,2025-07-24 10:07:00,long,vwap_scalp,vwap_scalp_long,23837.5,23853.6875,23833.0,23847.75,trail,18.0,3.5972222222222223,True,True
2025-07-25 13:31:00,2025-07-25 13:40:00,long,pm_mom,pm_mom_long,23942.25,23942.1875,23938.5,23949.75,trail,15.0,-0.016666666666666666,True,True
2025-07-28 11:28:00,2025-07-28 11:30:00,long,vwap_scalp,vwap_scalp_long,23965.75,23975.6875,23961.5,23977.5,trail,17.0,2.338235294117647,True,True
2025-07-29 10:00:00,2025-07-29 10:04:00,short,trend,trend_cont_short,24075.0,24052.0625,24087.75,24049.5,trail,51.0,1.7990196078431373,True,True
2025-07-29 10:05:00,2025-07-29 10:07:00,long,or_rev,or_rev_long,24060.5,24049.9375,24050.0,24116.25,trail,42.0,-1.005952380952381,False,True
2025-07-29 10:21:00,2025-07-29 10:27:00,short,trend,trend_cont_short,24053.75,24043.8125,24066.5,24028.25,trail,51.0,0.7794117647058824,True,True
2025-07-29 11:41:00,2025-07-29 11:42:00,long,ou_lunch,ou_lunch_long,23963.0,23960.1875,23960.25,24051.0,stop,11.0,-1.0227272727272727,False,False
2025-07-29 11:56:00,2025-07-29 11:58:00,long,vwap_scalp,vwap_scalp_long,24009.25,24009.1875,24000.75,24025.75,trail,34.0,-0.007352941176470588,True,True
2025-07-29 12:03:00,2025-07-29 12:04:00,long,vwap_scalp,vwap_scalp_long,24003.75,23995.4375,23995.5,24022.5,stop,33.0,-1.0075757575757576,False,False
2025-07-29 13:57:00,2025-07-29 13:59:00,long,pm_mom,pm_mom_long,23987.0,23990.1875,23982.5,23996.0,trail,18.176823649308062,0.7083333333333334,False,True
2025-07-30 13:35:00,2025-07-30 13:39:00,long,pm_mom,pm_mom_long,24029.5,24032.6875,24024.25,24040.0,trail,21.0,0.6071428571428571,False,True
2025-07-31 10:26:00,2025-07-31 10:27:00,short,trend,trend_cont_short,24143.5,24128.75,24150.75,24128.75,target,29.0,2.0344827586206895,False,False
2025-08-01 09:54:00,2025-08-01 09:56:00,long,ou_rev,ou_rev_long,23363.75,23390.1875,23351.5,23469.75,trail,49.0,2.1581632653061225,True,True
2025-08-04 10:07:00,2025-08-04 10:09:00,short,or_rev,or_rev_short,23747.5,23729.5625,23750.25,23635.5,trail,11.0,6.5227272727272725,True,True
2025-08-05 10:19:00,2025-08-05 10:21:00,long,or_rev,or_rev_long,23794.0,23793.9375,23786.0,23827.25,trail,32.0,-0.0078125,True,True
2025-08-05 10:24:00,2025-08-05 10:26:00,long,vwap_scalp,vwap_scalp_long,23780.25,23780.1875,23771.0,23806.25,trail,37.0,-0.006756756756756757,True,True
2025-08-05 10:37:00,2025-08-05 10:38:00,long,vwap_rev,vwap_rev_long,23739.0,23732.6875,23732.75,23820.75,stop,25.0,-1.01,False,False
2025-08-05 12:00:00,2025-08-05 12:02:00,long,ou_lunch,ou_lunch_long,23650.25,23666.4375,23639.25,23743.75,trail,44.0,1.4715909090909092,True,True
2025-08-05 12:14:00,2025-08-05 12:16:00,long,vwap_scalp,vwap_scalp_long,23681.0,23693.1875,23671.25,23710.5,trail,39.0,1.25,False,True
2025-08-05 13:31:00,2025-08-05 13:32:00,long,pm_mom,pm_mom_long,23707.0,23702.1875,23702.25,23716.5,stop,19.0,-1.013157894736842,False,False
2025-08-05 14:21:00,2025-08-05 14:22:00,long,ou_rev,ou_rev_long,23692.5,23684.6875,23684.75,23727.75,stop,31.0,-1.0080645161290323,False,False
2025-08-06 10:09:00,2025-08-06 10:12:00,short,ou_rev,ou_rev_short,23766.25,23747.3125,23779.25,23702.0,trail,52.0,1.4567307692307692,True,True
2025-08-06 11:04:00,2025-08-06 11:06:00,short,vwap_scalp,vwap_scalp_short,23765.0,23753.3125,23775.75,23739.0,trail,43.0,1.0872093023255813,False,True
2025-08-07 10:27:00,2025-08-07 10:28:00,long,ou_rev,ou_rev_long,24049.0,24037.9375,24038.0,24105.75,stop,44.0,-1.0056818181818181,False,False
2025-08-07 10:39:00,2025-08-07 10:40:00,long,vwap_scalp,vwap_scalp_long,24050.0,24074.5,24039.75,24074.5,target,41.0,2.3902439024390243,False,False
2025-08-07 10:59:00,2025-08-07 11:01:00,long,ou_rev,ou_rev_long,24025.0,24051.1875,24016.25,24091.25,trail,35.0,2.992857142857143,True,True
2025-08-08 13:32:00,2025-08-08 13:35:00,long,pm_mom,pm_mom_long,24168.0,24167.9375,24163.0,24178.0,trail,20.0,-0.0125,True,True
2025-08-11 14:16:00,2025-08-11 14:17:00,long,pm_mom,pm_mom_long,24190.5,24185.6875,24185.75,24200.0,stop,19.0,-1.013157894736842,False,False
2025-08-12 10:27:00,2025-08-12 10:29:00,long,trend,trend_cont_long,24245.75,24255.6875,24232.5,24272.25,trail,53.0,0.75,False,True
2025-08-12 10:33:00,2025-08-12 10:47:00,long,trend,trend_cont_long,24255.75,24236.4375,24236.5,24294.25,stop,77.0,-1.0032467532467533,False,False
2025-08-12 13:35:00,2025-08-12 13:40:00,long,pm_mom,pm_mom_long,24400.5,24393.1875,24393.25,24415.0,stop,29.0,-1.0086206896551724,False,False
2025-08-13 10:04:00,2025-08-13 10:05:00,long,vwap_rev,vwap_rev_long,24495.5,24487.4375,24487.5,24532.0,stop,32.0,-1.0078125,False,False
2025-08-13 10:13:00,2025-08-13 10:16:00,long,vwap_scalp,vwap_scalp_long,24482.0,24481.9375,24470.5,24503.25,trail,46.0,-0.005434782608695652,True,True
2025-08-13 10:33:00,2025-08-13 10:35:00,long,ou_rev,ou_rev_long,24446.5,24446.4375,24439.5,24510.25,trail,28.0,-0.008928571428571428,True,True
2025-08-13 10:38:00,2025-08-13 10:40:00,long,vwap_scalp,vwap_scalp_long,24456.25,24456.1875,24445.5,24481.75,trail,43.0,-0.005813953488372093,True,True
2025-08-13 11:31:00,2025-08-13 11:33:00,long,ou_lunch,ou_lunch_long,24420.25,24440.4375,24410.25,24478.25,trail,40.0,2.01875,True,True
2025-08-13 11:39:00,2025-08-13 11:40:00,long,ou_lunch,ou_lunch_long,24422.5,24416.4375,24416.5,24476.25,stop,24.0,-1.0104166666666667,False,False
2025-08-13 13:30:00,2025-08-13 13:31:00,long,pm_mom,pm_mom_long,24437.5,24432.4375,24432.5,24447.5,stop,20.0,-1.0125,False,False
2025-08-14 10:01:00,2025-08-14 10:05:00,long,trend,trend_cont_long,24433.0,24416.1875,24416.25,24466.5,stop,67.0,-1.0037313432835822,False,False
2025-08-14 10:29:00,2025-08-14 10:33:00,long,trend,trend_cont_long,24448.5,24473.9375,24429.75,24486.0,trail,75.0,1.3566666666666667,True,True
2025-08-14 10:38:00,2025-08-14 10:41:00,long,trend,trend_cont_long,24468.25,24483.4375,24460.5,24483.75,trail,31.0,1.9596774193548387,True,True
2025-08-15 09:55:00,2025-08-15 09:57:00,long,ou_rev,ou_rev_long,24279.0,24306.4375,24263.75,24333.0,trail,61.0,1.7991803278688525,True,True
2025-08-15 10:00:00,2025-08-15 10:01:00,long,or_rev,or_rev_long,24301.0,24289.9375,24290.0,24372.5,stop,44.0,-1.0056818181818181,False,False
2025-08-15 11:29:00,2025-08-15 11:30:00,long,vwap_scalp,vwap_scalp_long,24301.25,24295.1875,24295.25,24313.75,stop,24.0,-1.0104166666666667,False,False
2025-08-15 11:44:00,2025-08-15 11:45:00,long,vwap_rev,vwap_rev_long,24247.0,24238.6875,24238.75,24322.0,stop,33.0,-1.0075757575757576,False,False
2025-08-15 12:01:00,2025-08-15 12:02:00,long,vwap_scalp,vwap_scalp_long,24282.25,24274.9375,24275.0,24300.0,stop,29.0,-1.0086206896551724,False,False
2025-08-15 12:09:00,2025-08-15 12:11:00,long,vwap_scalp,vwap_scalp_long,24286.25,24295.4375,24278.5,24301.25,trail,31.0,1.185483870967742,True,True
2025-08-15 12:23:00,2025-08-15 12:24:00,long,ou_lunch,ou_lunch_long,24271.75,24266.6875,24266.75,24314.75,stop,20.0,-1.0125,False,False
2025-08-15 13:33:00,2025-08-15 13:34:00,long,pm_mom,pm_mom_long,24320.25,24312.4375,24312.5,24335.75,stop,31.0,-1.0080645161290323,False,False
2025-08-18 10:01:00,2025-08-18 10:03:00,long,ou_rev,ou_rev_long,24244.25,24260.6875,24233.75,24274.75,trail,42.0,1.5654761904761905,True,True
2025-08-18 11:27:00,2025-08-18 11:29:00,long,ou_rev,ou_rev_long,24245.75,24245.6875,24241.75,24269.0,trail,16.0,-0.015625,True,True
2025-08-18 11:32:00,2025-08-18 11:33:00,long,ou_lunch,ou_lunch_long,24236.0,24229.1875,24229.25,24268.25,stop,27.0,-1.0092592592592593,False,False
2025-08-18 11:38:00,2025-08-18 11:42:00,long,ou_lunch,ou_lunch_long,24236.5,24236.4375,24222.25,24267.0,trail,57.0,-0.0043859649122807015,True,True
2025-08-18 13:33:00,2025-08-18 13:34:00,long,pm_mom,pm_mom_long,24293.0,24288.1875,24288.25,24302.5,stop,19.0,-1.013157894736842,False,False
2025-08-19 10:40:00,2025-08-19 10:42:00,long,vwap_rev,vwap_rev_long,24100.25,24115.4375,24091.5,24174.75,trail,35.0,1.7357142857142858,True,True
2025-08-19 10:52:00,2025-08-19 10:54:00,long,vwap_rev,vwap_rev_long,24067.5,24080.6875,24060.75,24162.0,trail,27.0,1.9537037037037037,True,True
2025-08-20 10:12:00,2025-08-20 10:13:00,long,or_rev,or_rev_long,23606.0,23593.4375,23593.5,23878.0,stop,50.0,-1.005,False,False
2025-08-20 13:35:00,2025-08-20 13:37:00,long,pm_mom,pm_mom_long,23786.0,23792.4375,23777.75,23802.5,trail,33.0,0.7803030303030303,False,True
2025-08-21 10:14:00,2025-08-21 10:16:00,short,vwap_rev,vwap_rev_short,23788.5,23766.5625,23797.75,23735.0,trail,37.0,2.3716216216216215,True,True
2025-08-22 09:53:00,2025-08-22 09:54:00,short,ou_rev,ou_rev_short,23818.5,23829.3125,23829.25,23773.75,stop,43.0,-1.005813953488372,False,False
2025-08-22 10:27:00,2025-08-22 10:31:00,short,vwap_scalp,vwap_scalp_short,24067.25,24067.3125,24079.5,23995.25,trail,49.0,-0.00510204081632653,True,True
2025-08-22 10:34:00,2025-08-22 10:35:00,short,vwap_scalp,vwap_scalp_short,24074.25,24085.5625,24085.5,24003.5,stop,45.0,-1.0055555555555555,False,False
2025-08-22 12:47:00,2025-08-22 12:49:00,short,ou_lunch,ou_lunch_short,24042.5,24042.5625,24045.75,24005.0,trail,13.0,-0.019230769230769232,True,True
2025-08-22 13:09:00,2025-08-22 13:12:00,short,ou_lunch,ou_lunch_short,24054.0,24066.3125,24066.25,24006.75,stop,49.0,-1.0051020408163265,False,False
2025-08-22 13:30:00,2025-08-22 13:32:00,long,pm_mom,pm_mom_long,24110.0,24103.9375,24104.0,24122.0,trail,24.0,-1.0104166666666667,False,True
2025-08-25 13:50:00,2025-08-25 13:52:00,long,pm_mom,pm_mom_long,24073.5,24076.4375,24070.25,24080.0,trail,13.0,0.9038461538461539,True,True
2025-08-26 09:50:00,2025-08-26 09:52:00,long,ou_rev,ou_rev_long,23938.5,23975.9375,23920.5,23976.25,trail,72.0,2.079861111111111,True,True
2025-08-27 09:58:00,2025-08-27 10:00:00,long,open_drive,open_drive_long,24029.25,24017.4375,24017.5,24052.75,stop,47.0,-1.0053191489361701,False,False
2025-08-27 10:27:00,2025-08-27 10:40:00,long,trend,trend_cont_long,24098.0,24106.1875,24086.75,24120.5,trail,45.0,0.7277777777777777,False,True
2025-08-27 13:32:00,2025-08-27 13:36:00,long,pm_mom,pm_mom_long,24101.25,24097.1875,24097.25,24109.25,stop,16.0,-1.015625,False,False
2025-08-28 13:30:00,2025-08-28 13:31:00,long,pm_mom,pm_mom_long,24255.75,24266.25,24250.5,24266.25,target,21.0,2.0,False,False
2025-08-29 10:17:00,2025-08-29 10:21:00,long,or_rev,or_rev_long,23936.0,23981.4375,23921.5,24122.0,trail,58.0,3.1336206896551726,True,True
2025-09-01 10:10:00,2025-09-01 10:12:00,short,vwap_scalp,vwap_scalp_short,23982.25,23982.3125,23984.25,23975.25,trail,8.0,-0.03125,True,True
2025-09-02 10:00:00,2025-09-02 10:01:00,short,or_rev,or_rev_short,23727.75,23738.0625,23738.0,23595.5,stop,41.0,-1.0060975609756098,False,False
2025-09-02 10:35:00,2025-09-02 10:36:00,short,ou_rev,ou_rev_short,23744.75,23752.8125,23752.75,23673.25,stop,32.0,-1.0078125,False,False
2025-09-02 12:03:00,2025-09-02 12:05:00,long,ou_lunch,ou_lunch_long,23549.25,23543.6875,23543.75,23648.25,stop,22.0,-1.0113636363636365,False,False
2025-09-02 12:54:00,2025-09-02 12:57:00,long,vwap_scalp,vwap_scalp_long,23601.75,23624.9375,23594.25,23619.5,trail,30.0,3.091666666666667,True,True
2025-09-02 13:34:00,2025-09-02 13:37:00,long,pm_mom,pm_mom_long,23677.75,23689.9375,23669.5,23694.25,trail,33.0,1.4772727272727273,True,True
2025-09-02 13:51:00,2025-09-02 13:52:00,short,vwap_scalp,vwap_scalp_short,23712.5,23716.5625,23716.5,23676.5,stop,16.0,-1.015625,False,False
2025-09-03 10:20:00,2025-09-03 10:21:00,short,vwap_scalp,vwap_scalp_short,23937.0,23940.5625,23940.5,23919.25,stop,14.0,-1.0178571428571428,False,False
2025-09-03 10:38:00,2025-09-03 10:40:00,short,ou_rev,ou_rev_short,23970.75,23970.8125,23980.0,23911.0,trail,37.0,-0.006756756756756757,True,True
2025-09-03 10:45:00,2025-09-03 10:46:00,short,ou_rev,ou_rev_short,24001.0,24010.3125,24010.25,23916.75,stop,37.0,-1.0067567567567568,False,False
2025-09-03 13:32:00,2025-09-03 13:33:00,short,pm_mom,pm_mom_short,23918.25,23927.3125,23927.25,23900.25,stop,36.0,-1.0069444444444444,False,False
2025-09-04 10:11:00,2025-09-04 10:13:00,long,ou_rev,ou_rev_long,23935.25,23964.6875,23925.75,23976.0,trail,38.0,3.098684210526316,True,True
2025-09-05 10:09:00,2025-09-05 10:11:00,long,vwap_rev,vwap_rev_long,24285.25,24296.6875,24279.5,24342.0,trail,23.0,1.9891304347826086,True,True
2025-09-05 11:04:00,2025-09-05 11:06:00,long,ou_rev,ou_rev_long,24024.75,24043.4375,24008.75,24224.25,trail,64.0,1.16796875,True,True
2025-09-08 12:54:00,2025-09-08 12:56:00,long,vwap_scalp,vwap_scalp_long,24305.0,24315.9375,24295.5,24320.5,trail,38.0,1.1513157894736843,True,True
2025-09-08 13:00:00,2025-09-08 13:03:00,long,ou_lunch,ou_lunch_long,24305.75,24293.6875,24293.75,24335.5,stop,48.0,-1.0052083333333333,False,False
2025-09-08 13:09:00,2025-09-08 13:10:00,long,ou_lunch,ou_lunch_long,24283.25,24280.4375,24280.5,24334.25,stop,11.0,-1.0227272727272727,False,False
2025-09-08 13:31:00,2025-09-08 13:32:00,long,ou_rev,ou_rev_long,24300.5,24296.9375,24297.0,24332.5,stop,14.0,-1.0178571428571428,False,False
2025-09-08 13:36:00,2025-09-08 13:38:00,long,ou_rev,ou_rev_long,24299.0,24298.9375,24295.25,24332.25,trail,15.0,-0.016666666666666666,True,True
2025-09-08 13:43:00,2025-09-08 13:46:00,long,ou_rev,ou_rev_long,24293.75,24298.9375,24286.0,24331.75,trail,31.0,0.6693548387096774,False,True
2025-09-09 09:56:00,2025-09-09 09:58:00,long,ou_rev,ou_rev_long,24301.75,24330.6875,24294.75,24326.25,trail,28.0,4.133928571428571,True,True
2025-09-10 12:19:00,2025-09-10 12:20:00,long,vwap_scalp,vwap_scalp_long,24425.75,24421.9375,24422.0,24435.75,stop,15.0,-1.0166666666666666,False,False
2025-09-10 12:27:00,2025-09-10 12:29:00,long,vwap_scalp,vwap_scalp_long,24412.5,24412.4375,24408.25,24428.5,trail,17.0,-0.014705882352941176,True,True
2025-09-10 12:44:00,2025-09-10 12:45:00,long,vwap_rev,vwap_rev_long,24404.5,24399.4375,24399.5,24443.25,stop,20.0,-1.0125,False,False
2025-09-10 13:37:00,2025-09-10 13:39:00,long,pm_mom,pm_mom_long,24397.5,24387.9375,24388.0,24416.5,stop,38.0,-1.006578947368421,False,False
2025-09-10 14:15:00,2025-09-10 14:17:00,long,ou_rev,ou_rev_long,24382.25,24369.4375,24369.5,24433.75,stop,51.0,-1.0049019607843137,False,False
2025-09-11 09:49:00,2025-09-11 09:50:00,long,open_drive,open_drive_long,24456.75,24442.9375,24443.0,24484.25,stop,55.0,-1.0045454545454546,False,False
2025-09-11 13:33:00,2025-09-11 13:34:00,long,pm_mom,pm_mom_long,24516.75,24523.75,24513.25,24523.75,target,14.0,2.0,False,False
2025-09-12 09:46:00,2025-09-12 09:48:00,long,open_drive,open_drive_long,24526.75,24533.1875,24519.75,24540.75,trail,28.0,0.9196428571428571,True,True
2025-09-12 09:54:00,2025-09-12 09:56:00,long,open_drive,open_drive_long,24522.75,24538.75,24514.75,24538.75,target,32.0,2.0,False,False
2025-09-15 13:40:00,2025-09-15 13:42:00,long,pm_mom,pm_mom_long,24761.25,24766.9375,24758.25,24767.25,trail,12.0,1.8958333333333333,True,True
2025-09-16 09:56:00,2025-09-16 09:57:00,long,ou_rev,ou_rev_long,24795.0,24788.6875,24788.75,24820.0,stop,25.0,-1.01,False,False
2025-09-16 10:01:00,2025-09-16 10:03:00,long,ou_rev,ou_rev_long,24795.5,24795.4375,24787.5,24816.75,trail,32.0,-0.0078125,True,True
2025-09-16 10:06:00,2025-09-16 10:07:00,long,vwap_scalp,vwap_scalp_long,24795.5,24805.0,24791.0,24805.0,target,18.0,2.111111111111111,False,False
2025-09-16 10:40:00,2025-09-16 10:42:00,long,vwap_scalp,vwap_scalp_long,24789.5,24789.4375,24783.25,24799.5,trail,25.0,-0.01,True,True
2025-09-16 11:31:00,2025-09-16 11:33:00,long,ou_lunch,ou_lunch_long,24776.25,24776.1875,24771.0,24803.0,trail,21.0,-0.011904761904761904,True,True
2025-09-16 11:36:00,2025-09-16 11:38:00,long,ou_lunch,ou_lunch_long,24771.5,24771.4375,24768.25,24802.5,trail,13.0,-0.019230769230769232,True,True
2025-09-16 13:49:00,2025-09-16 13:50:00,long,pm_mom,pm_mom_long,24791.75,24788.6875,24788.75,24797.75,stop,12.0,-1.0208333333333333,False,False
2025-09-17 09:50:00,2025-09-17 09:51:00,long,open_drive,open_drive_long,24753.75,24763.75,24748.75,24763.75,target,20.0,2.0,False,False
2025-09-18 10:16:00,2025-09-18 10:18:00,long,trend,trend_cont_long,25011.0,25010.9375,25000.75,25031.5,trail,41.0,-0.006097560975609756,True,True
2025-09-18 10:25:00,2025-09-18 10:27:00,long,trend,trend_cont_long,25025.5,25043.1875,25010.0,25056.5,trail,62.0,1.1411290322580645,True,True
2025-09-18 14:05:00,2025-09-18 14:07:00,long,pm_mom,pm_mom_long,25003.5,25014.6875,24995.5,25019.5,trail,32.0,1.3984375,True,True
2025-09-19 11:13:00,2025-09-19 11:16:00,long,ou_rev,ou_rev_long,24998.5,24988.1875,24988.25,25027.75,stop,41.0,-1.0060975609756098,False,False
2025-09-19 11:24:00,2025-09-19 11:26:00,long,ou_rev,ou_rev_long,24990.75,24990.6875,24975.5,25025.5,trail,61.0,-0.004098360655737705,True,True
2025-09-19 11:29:00,2025-09-19 11:31:00,long,ou_rev,ou_rev_long,24981.75,24981.6875,24976.5,25024.0,trail,21.0,-0.011904761904761904,True,True
2025-09-19 11:34:00,2025-09-19 11:38:00,long,ou_lunch,ou_lunch_long,24981.5,24991.4375,24969.75,25022.25,trail,47.0,0.8457446808510638,True,True
2025-09-19 13:31:00,2025-09-19 13:34:00,long,pm_mom,pm_mom_long,25070.0,25077.6875,25061.0,25088.0,trail,36.0,0.8541666666666666,False,True
2025-09-22 13:33:00,2025-09-22 13:34:00,long,pm_mom,pm_mom_long,25248.5,25242.9375,25243.0,25259.5,stop,22.0,-1.0113636363636365,False,False
2025-09-23 10:09:00,2025-09-23 10:10:00,long,vwap_scalp,vwap_scalp_long,25201.5,25198.4375,25198.5,25211.0,stop,12.0,-1.0208333333333333,False,False
2025-09-23 10:51:00,2025-09-23 10:52:00,long,vwap_scalp,vwap_scalp_long,25203.0,25209.5,25199.0,25209.5,target,16.0,1.625,False,False
2025-09-23 12:07:00,2025-09-23 12:08:00,long,ou_lunch,ou_lunch_long,25195.75,25192.4375,25192.5,25213.0,stop,13.0,-1.0192307692307692,False,False
2025-09-23 12:16:00,2025-09-23 12:19:00,long,ou_lunch,ou_lunch_long,25186.75,25194.9375,25178.0,25211.25,trail,35.0,0.9357142857142857,True,True
2025-09-23 13:47:00,2025-09-23 13:48:00,short,trend,trend_cont_short,25051.0,25067.5625,25067.5,25018.0,stop,66.0,-1.003787878787879,False,False
2025-09-23 13:59:00,2025-09-23 14:01:00,long,pm_mom,pm_mom_long,25094.5,25087.9375,25088.0,25107.5,trail,26.0,-1.0096153846153846,False,True
2025-09-24 09:56:00,2025-09-24 09:58:00,long,ou_rev,ou_rev_long,25066.25,25066.1875,25057.0,25091.25,trail,37.0,-0.006756756756756757,True,True
2025-09-24 10:05:00,2025-09-24 10:06:00,long,open_drive,open_drive_long,25094.0,25081.1875,25081.25,25119.5,stop,51.0,-1.0049019607843137,False,False
2025-09-24 10:35:00,2025-09-24 10:37:00,long,ou_rev,ou_rev_long,25056.5,25080.4375,25049.75,25084.5,trail,27.0,3.5462962962962963,True,True
2025-09-25 10:20:00,2025-09-25 10:24:00,long,trend,trend_cont_long,24862.25,24883.6875,24838.75,24909.25,trail,94.0,0.9122340425531915,True,True
2025-09-25 10:30:00,2025-09-25 10:35:00,long,trend,trend_cont_long,24876.5,24892.4375,24858.0,24913.5,trail,74.0,0.8614864864864865,True,True
2025-09-25 10:35:00,2025-09-25 10:36:00,long,pd_rev,pd_pdl_long,24886.75,24876.6875,24876.75,24906.75,stop,40.0,-1.00625,False,False
2025-09-25 10:40:00,2025-09-25 10:41:00,long,trend,trend_cont_long,24889.25,24869.9375,24870.0,24927.75,stop,77.0,-1.0032467532467533,False,False
2025-09-25 14:10:00,2025-09-25 14:12:00,long,ou_rev,ou_rev_long,24751.0,24778.1875,24738.0,24832.0,trail,52.0,2.0913461538461537,True,True
2025-09-26 10:10:00,2025-09-26 10:11:00,long,vwap_scalp,vwap_scalp_long,24878.25,24866.6875,24866.75,24903.75,stop,46.0,-1.0054347826086956,False,False
2025-09-26 10:28:00,2025-09-26 10:30:00,long,vwap_rev,vwap_rev_long,24788.0,24827.6875,24776.0,24903.5,trail,48.0,3.3072916666666665,True,True
2025-09-29 11:54:00,2025-09-29 11:56:00,long,or_rev,or_rev_long,25093.75,25111.1875,25086.75,25138.5,trail,28.0,2.4910714285714284,True,True
2025-09-30 10:21:00,2025-09-30 10:24:00,long,pd_rev,pd_pdl_long,25038.25,25038.1875,25025.0,25064.75,trail,53.0,-0.0047169811320754715,True,True
2025-09-30 14:22:00,2025-09-30 14:27:00,long,trend,trend_cont_long,25078.0,25089.9375,25066.0,25102.0,trail,48.0,0.9947916666666666,False,True
2025-10-01 11:43:00,2025-10-01 11:45:00,long,trend,trend_cont_long,25184.25,25184.1875,25177.0,25198.75,trail,29.0,-0.008620689655172414,True,True
2025-10-01 11:52:00,2025-10-01 12:01:00,long,trend,trend_cont_long,25189.75,25196.6875,25180.0,25209.25,trail,39.0,0.7115384615384616,False,True
2025-10-01 13:33:00,2025-10-01 13:36:00,long,pm_mom,pm_mom_long,25236.5,25236.4375,25229.75,25250.0,trail,27.0,-0.009259259259259259,True,True
2025-10-02 10:56:00,2025-10-02 10:58:00,long,or_rev,or_rev_long,25284.0,25276.4375,25276.5,25359.0,stop,30.0,-1.0083333333333333,False,False
2025-10-02 11:02:00,2025-10-02 11:04:00,short,trend,trend_cont_short,25280.25,25261.8125,25288.75,25263.25,trail,34.0,2.1691176470588234,True,True
2025-10-02 11:49:00,2025-10-02 11:51:00,long,ou_lunch,ou_lunch_long,25280.75,25302.4375,25272.0,25314.75,trail,35.0,2.4785714285714286,True,True
2025-10-03 10:04:00,2025-10-03 10:06:00,long,ou_rev,ou_rev_long,25332.75,25332.6875,25322.5,25386.0,trail,41.0,-0.006097560975609756,True,True
2025-10-03 14:17:00,2025-10-03 14:18:00,long,pm_mom,pm_mom_long,25238.25,25248.75,25233.0,25248.75,target,21.0,2.0,False,False
2025-10-06 10:36:00,2025-10-06 10:37:00,long,ou_rev,ou_rev_long,25390.25,25381.6875,25381.75,25417.75,stop,34.0,-1.0073529411764706,False,False
2025-10-06 13:32:00,2025-10-06 13:33:00,long,pm_mom,pm_mom_long,25480.75,25476.4375,25476.5,25489.25,stop,17.0,-1.0147058823529411,False,False
2025-10-07 10:32:00,2025-10-07 10:36:00,long,vwap_rev,vwap_rev_long,25472.5,25472.4375,25467.5,25494.0,trail,20.0,-0.0125,True,True
2025-10-07 10:38:00,2025-10-07 10:42:00,long,ou_rev,ou_rev_long,25455.5,25467.6875,25442.75,25490.25,trail,51.0,0.9558823529411765,True,True
2025-10-07 10:45:00,2025-10-07 10:49:00,long,ou_rev,ou_rev_long,25455.5,25467.1875,25444.25,25487.25,trail,45.0,1.038888888888889,False,True
2025-10-07 13:30:00,2025-10-07 13:31:00,long,pm_mom,pm_mom_long,25306.75,25303.1875,25303.25,25313.75,stop,14.0,-1.0178571428571428,False,False
2025-10-08 10:01:00,2025-10-08 10:03:00,long,trend,trend_cont_long,25444.0,25467.6875,25428.25,25475.5,trail,63.0,1.503968253968254,True,True
2025-10-08 10:09:00,2025-10-08 10:12:00,long,trend,trend_cont_long,25471.25,25487.4375,25457.75,25498.25,trail,54.0,1.1990740740740742,True,True
2025-10-09 09:50:00,2025-10-09 09:52:00,long,open_drive,open_drive_long,25558.25,25573.1875,25546.75,25581.25,trail,46.0,1.298913043478261,True,True
2025-10-09 10:17:00,2025-10-09 10:18:00,long,ou_rev,ou_rev_long,25522.0,25513.9375,25514.0,25543.25,stop,32.0,-1.0078125,False,False
2025-10-09 10:23:00,2025-10-09 10:25:00,long,ou_rev,ou_rev_long,25516.5,25533.1875,25500.25,25541.0,trail,65.0,1.0269230769230768,True,True
2025-10-09 10:33:00,2025-10-09 10:35:00,long,ou_rev,ou_rev_long,25492.0,25491.9375,25482.0,25536.25,trail,40.0,-0.00625,True,True
2025-10-09 10:38:00,2025-10-09 10:40:00,long,vwap_rev,vwap_rev_long,25479.0,25472.4375,25472.5,25532.75,trail,26.0,-1.0096153846153846,False,True
2025-10-09 10:52:00,2025-10-09 10:54:00,long,vwap_scalp,vwap_scalp_long,25495.25,25499.9375,25484.75,25509.0,trail,42.0,0.44642857142857145,False,True
2025-10-09 11:30:00,2025-10-09 11:32:00,long,vwap_scalp,vwap_scalp_long,25484.0,25483.9375,25478.75,25501.5,trail,21.0,-0.011904761904761904,True,True
2025-10-09 11:59:00,2025-10-09 12:03:00,long,trend,trend_cont_long,25526.5,25516.9375,25517.0,25545.5,stop,38.0,-1.006578947368421,False,False
2025-10-09 13:39:00,2025-10-09 13:41:00,long,pm_mom,pm_mom_long,25454.25,25468.6875,25444.75,25473.25,trail,38.0,1.519736842105263,True,True
2025-10-10 11:34:00,2025-10-10 11:35:00,long,vwap_rev,vwap_rev_long,24960.25,24949.4375,24949.5,25397.25,stop,43.0,-1.005813953488372,False,False
2025-10-10 13:36:00,2025-10-10 13:37:00,long,pm_mom,pm_mom_long,24995.0,24984.9375,24985.0,25015.0,stop,40.0,-1.00625,False,False
2025-10-10 14:03:00,2025-10-10 14:04:00,long,ou_rev,ou_rev_long,24913.25,24899.9375,24900.0,25202.5,stop,53.0,-1.0047169811320755,False,False
2025-10-13 10:02:00,2025-10-13 10:04:00,short,or_rev,or_rev_short,25151.5,25122.0625,25164.25,25040.0,trail,51.0,2.3088235294117645,True,True
2025-10-14 10:12:00,2025-10-14 10:14:00,long,trend,trend_cont_long,24848.5,24890.1875,24835.75,24875.0,trail,51.0,3.269607843137255,True,True
2025-10-15 10:02:00,2025-10-15 10:04:00,short,vwap_rev,vwap_rev_short,25287.5,25287.5625,25296.75,25223.25,trail,37.0,-0.006756756756756757,True,True
2025-10-15 11:48:00,2025-10-15 11:49:00,short,pd_rev,pd_pdh_short,25203.25,25186.75,25211.5,25186.75,target,33.0,2.0,False,False
2025-10-15 12:32:00,2025-10-15 12:33:00,long,vwap_scalp,vwap_scalp_long,25213.0,25204.9375,25205.0,25237.75,stop,32.0,-1.0078125,False,False
2025-10-15 13:35:00,2025-10-15 13:36:00,long,pm_mom,pm_mom_long,25039.25,25059.25,25029.25,25059.25,target,40.0,2.0,False,False
2025-10-16 12:04:00,2025-10-16 12:05:00,long,ou_lunch,ou_lunch_long,25209.75,25196.4375,25196.5,25324.5,stop,53.0,-1.0047169811320755,False,False
2025-10-16 12:25:00,2025-10-16 12:26:00,long,ou_lunch,ou_lunch_long,25186.0,25172.6875,25172.75,25310.5,stop,53.0,-1.0047169811320755,False,False
2025-10-16 12:53:00,2025-10-16 12:55:00,long,ou_lunch,ou_lunch_long,25085.0,25117.4375,25071.0,25269.25,trail,56.0,2.3169642857142856,True,True
2025-10-17 11:16:00,2025-10-17 11:18:00,long,vwap_scalp,vwap_scalp_long,25001.5,25040.9375,24992.0,25037.0,trail,38.0,4.151315789473684,True,True
2025-10-20 13:32:00,2025-10-20 13:38:00,long,pm_mom,pm_mom_long,25597.25,25602.4375,25591.75,25608.25,trail,22.0,0.9431818181818182,True,True
2025-10-21 10:02:00,2025-10-21 10:03:00,long,ou_rev,ou_rev_long,25481.75,25470.4375,25470.5,25512.75,stop,45.0,-1.0055555555555555,False,False
2025-10-21 13:31:00,2025-10-21 13:33:00,long,pm_mom,pm_mom_long,25545.0,25537.9375,25538.0,25559.0,trail,28.0,-1.0089285714285714,False,True
2025-10-21 13:50:00,2025-10-21 13:52:00,long,trend,trend_cont_long,25556.5,25556.4375,25550.25,25569.0,trail,25.0,-0.01,True,True
2025-10-21 13:56:00,2025-10-21 14:18:00,long,trend,trend_cont_long,25568.5,25555.6875,25555.75,25594.0,trail,51.0,-1.0049019607843137,False,True
2025-10-22 10:38:00,2025-10-22 10:40:00,short,trend,trend_cont_short,25378.75,25347.0625,25388.25,25343.25,trail,38.0,3.335526315789474,True,True
2025-10-23 10:00:00,2025-10-23 10:01:00,long,trend,trend_cont_long,25417.0,25403.4375,25403.5,25444.0,stop,54.0,-1.0046296296296295,False,False
2025-10-23 10:35:00,2025-10-23 10:38:00,long,trend,trend_cont_long,25418.25,25442.4375,25399.0,25456.75,trail,77.0,1.2564935064935066,True,True
2025-10-23 13:34:00,2025-10-23 13:35:00,long,pm_mom,pm_mom_long,25481.0,25474.1875,25474.25,25494.5,stop,27.0,-1.0092592592592593,False,False
2025-10-24 13:34:00,2025-10-24 13:36:00,long,pm_mom,pm_mom_long,25809.25,25805.4375,25805.5,25816.75,stop,15.0,-1.0166666666666666,False,False
2025-10-27 13:34:00,2025-10-27 13:36:00,long,pm_mom,pm_mom_long,26165.5,26162.9375,26163.0,26170.75,stop,10.485128487620386,-1.025,False,False
2025-10-28 10:34:00,2025-10-28 10:36:00,long,ou_rev,ou_rev_long,26283.5,26297.9375,26279.5,26316.5,trail,16.0,3.609375,True,True
2025-10-29 11:00:00,2025-10-29 11:02:00,long,vwap_scalp,vwap_scalp_long,26516.0,26533.4375,26511.25,26527.75,trail,19.0,3.6710526315789473,True,True
2025-10-30 10:23:00,2025-10-30 10:25:00,short,trend,trend_cont_short,26315.5,26263.3125,26335.0,26276.5,trail,78.0,2.676282051282051,True,True
2025-10-31 10:00:00,2025-10-31 10:01:00,long,or_rev,or_rev_long,26358.75,26344.9375,26345.0,26416.5,stop,55.0,-1.0045454545454546,False,False
2025-10-31 10:23:00,2025-10-31 10:25:00,long,ou_rev,ou_rev_long,26329.5,26363.4375,26316.0,26375.75,trail,54.0,2.513888888888889,True,True
2025-10-31 12:02:00,2025-10-31 12:04:00,long,vwap_rev,vwap_rev_long,26280.75,26280.6875,26271.25,26378.5,trail,38.0,-0.006578947368421052,True,True
2025-10-31 13:02:00,2025-10-31 13:04:00,long,ou_lunch,ou_lunch_long,26204.0,26203.9375,26194.75,26348.0,trail,37.0,-0.006756756756756757,True,True
2025-10-31 13:14:00,2025-10-31 13:15:00,long,ou_lunch,ou_lunch_long,26169.0,26163.1875,26163.25,26339.75,stop,23.0,-1.0108695652173914,False,False
2025-10-31 13:40:00,2025-10-31 13:42:00,long,ou_rev,ou_rev_long,26173.5,26173.4375,26162.25,26323.5,trail,45.0,-0.005555555555555556,True,True
2025-10-31 13:45:00,2025-10-31 13:47:00,long,pm_mom,pm_mom_long,26198.25,26214.6875,26188.25,26218.25,trail,40.0,1.64375,True,True
2025-11-03 10:00:00,2025-11-03 10:01:00,long,or_rev,or_rev_long,26390.75,26379.9375,26380.0,26467.0,stop,43.0,-1.005813953488372,False,False
2025-11-03 11:10:00,2025-11-03 11:12:00,long,vwap_scalp,vwap_scalp_long,26334.0,26348.1875,26321.5,26356.0,trail,50.0,1.135,False,True
2025-11-03 11:55:00,2025-11-03 11:57:00,long,ou_lunch,ou_lunch_long,26346.75,26369.25,26334.25,26369.25,target,50.0,1.8,False,False
2025-11-03 13:35:00,2025-11-03 13:36:00,long,pm_mom,pm_mom_long,26411.5,26408.9375,26409.0,26416.5,stop,10.0,-1.025,False,False
2025-11-04 10:08:00,2025-11-04 10:09:00,long,trend,trend_cont_long,26119.75,26106.4375,26106.5,26146.25,stop,53.0,-1.0047169811320755,False,False
2025-11-04 10:16:00,2025-11-04 10:18:00,long,trend,trend_cont_long,26111.25,26111.1875,26101.75,26142.25,trail,38.0,-0.006578947368421052,True,True
2025-11-04 10:23:00,2025-11-04 10:28:00,long,trend,trend_cont_long,26129.75,26129.6875,26112.25,26164.75,trail,70.0,-0.0035714285714285713,True,True
2025-11-04 12:04:00,2025-11-04 12:06:00,long,ou_lunch,ou_lunch_long,25990.0,25989.9375,25981.0,26049.0,trail,36.0,-0.006944444444444444,True,True
2025-11-04 12:09:00,2025-11-04 12:11:00,long,ou_lunch,ou_lunch_long,25965.5,25965.4375,25959.5,26047.5,trail,24.0,-0.010416666666666666,True,True
2025-11-04 12:30:00,2025-11-04 12:32:00,long,vwap_scalp,vwap_scalp_long,25966.25,25966.1875,25957.25,26001.75,trail,36.0,-0.006944444444444444,True,True
2025-11-04 13:30:00,2025-11-04 13:33:00,long,ou_rev,ou_rev_long,25883.0,25904.4375,25871.25,26017.25,trail,47.0,1.824468085106383,True,True
2025-11-04 13:37:00,2025-11-04 13:39:00,long,ou_rev,ou_rev_long,25874.5,25874.4375,25870.5,26015.0,trail,16.0,-0.015625,True,True
2025-11-04 14:02:00,2025-11-04 14:04:00,long,pm_mom,pm_mom_long,25935.25,25935.1875,25927.0,25951.75,trail,33.0,-0.007575757575757576,True,True
2025-11-05 10:04:00,2025-11-05 10:07:00,long,trend,trend_cont_long,25923.25,25972.9375,25898.5,25972.75,trail,99.0,2.007575757575758,True,True
2025-11-06 09:59:00,2025-11-06 10:00:00,long,ou_rev,ou_rev_long,25788.25,25781.9375,25782.0,25871.75,stop,25.0,-1.01,False,False
2025-11-06 10:08:00,2025-11-06 10:10:00,short,trend,trend_cont_short,25706.5,25706.5625,25731.0,25657.5,trail,98.0,-0.002551020408163265,True,True
2025-11-06 10:32:00,2025-11-06 10:33:00,long,or_rev,or_rev_long,25753.5,25743.9375,25744.0,25892.5,stop,38.0,-1.006578947368421,False,False
2025-11-06 10:47:00,2025-11-06 10:49:00,short,trend,trend_cont_short,25600.25,25569.5625,25620.25,25560.25,trail,80.0,1.534375,True,True
2025-11-06 12:32:00,2025-11-06 12:34:00,long,ou_lunch,ou_lunch_long,25499.0,25537.1875,25486.0,25668.75,trail,52.0,2.9375,True,True
2025-11-07 10:08:00,2025-11-07 10:10:00,long,ou_rev,ou_rev_long,25152.25,25232.1875,25138.0,25241.0,trail,57.0,5.609649122807017,True,True
2025-11-10 10:08:00,2025-11-10 10:10:00,short,or_rev,or_rev_short,25901.25,25888.3125,25908.25,25833.0,trail,28.0,1.8482142857142858,True,True
2025-11-10 10:27:00,2025-11-10 10:29:00,short,ou_rev,ou_rev_short,25915.25,25915.3125,25923.5,25871.5,trail,33.0,-0.007575757575757576,True,True
2025-11-10 10:34:00,2025-11-10 10:37:00,short,ou_rev,ou_rev_short,25900.5,25916.3125,25916.25,25874.0,stop,63.0,-1.003968253968254,False,False
2025-11-10 10:57:00,2025-11-10 10:59:00,long,vwap_rev,vwap_rev_long,25797.25,25797.1875,25789.25,25868.25,trail,32.0,-0.0078125,True,True
2025-11-10 13:34:00,2025-11-10 13:35:00,long,pm_mom,pm_mom_long,25916.0,25911.1875,25911.25,25925.5,stop,19.0,-1.013157894736842,False,False
2025-11-11 09:55:00,2025-11-11 09:56:00,long,ou_rev,ou_rev_long,25831.5,25820.9375,25821.0,25862.5,stop,42.0,-1.005952380952381,False,False
2025-11-11 10:08:00,2025-11-11 10:10:00,long,ou_rev,ou_rev_long,25820.25,25820.1875,25800.5,25859.5,trail,79.0,-0.0031645569620253164,True,True
2025-11-11 10:17:00,2025-11-11 10:18:00,long,ou_rev,ou_rev_long,25819.5,25807.1875,25807.25,25855.25,stop,49.0,-1.0051020408163265,False,False
2025-11-11 10:37:00,2025-11-11 10:39:00,long,vwap_rev,vwap_rev_long,25765.75,25765.6875,25756.25,25841.0,trail,38.0,-0.006578947368421052,True,True
2025-11-11 11:18:00,2025-11-11 11:20:00,long,vwap_scalp,vwap_scalp_long,25787.0,25816.4375,25777.0,25804.5,trail,40.0,2.94375,True,True
2025-11-11 12:00:00,2025-11-11 12:02:00,long,ou_lunch,ou_lunch_long,25766.75,25793.9375,25759.75,25813.75,trail,28.0,3.8839285714285716,True,True
2025-11-12 10:09:00,2025-11-12 10:11:00,long,or_rev,or_rev_long,25894.25,25915.9375,25879.75,25968.75,trail,58.0,1.4956896551724137,True,True
2025-11-12 11:46:00,2025-11-12 11:47:00,long,vwap_scalp,vwap_scalp_long,25813.5,25802.6875,25802.75,25835.75,stop,43.0,-1.005813953488372,False,False
2025-11-12 12:04:00,2025-11-12 12:07:00,long,ou_lunch,ou_lunch_long,25791.25,25822.1875,25776.25,25850.25,trail,60.0,2.0625,True,True
2025-11-13 10:42:00,2025-11-13 10:44:00,short,trend,trend_cont_short,25567.5,25547.5625,25592.75,25517.0,trail,101.0,0.7896039603960396,False,True
2025-11-13 10:53:00,2025-11-13 10:55:00,long,vwap_rev,vwap_rev_long,25489.0,25488.9375,25479.75,25627.25,trail,37.0,-0.006756756756756757,True,True
2025-11-13 11:06:00,2025-11-13 11:08:00,short,trend,trend_cont_short,25471.75,25448.5625,25490.5,25434.25,trail,75.0,1.2366666666666666,True,True
2025-11-14 10:22:00,2025-11-14 10:23:00,short,or_rev,or_rev_short,25200.0,25213.0625,25213.0,24989.5,stop,52.0,-1.0048076923076923,False,False
2025-11-14 10:30:00,2025-11-14 10:33:00,short,ou_rev,ou_rev_short,25266.0,25266.0625,25285.5,25123.75,trail,78.0,-0.003205128205128205,True,True
2025-11-14 10:41:00,2025-11-14 10:43:00,short,ou_rev,ou_rev_short,25331.5,25331.5625,25344.25,25143.75,trail,51.0,-0.004901960784313725,True,True
2025-11-14 11:29:00,2025-11-14 11:31:00,short,vwap_rev,vwap_rev_short,25515.0,25482.5625,25525.25,25216.25,trail,41.0,3.1646341463414633,True,True
2025-11-17 13:31:00,2025-11-17 13:33:00,short,pm_mom,pm_mom_short,25231.75,25231.8125,25241.75,25211.75,trail,40.0,-0.00625,True,True
2025-11-17 13:57:00,2025-11-17 13:58:00,long,vwap_rev,vwap_rev_long,25184.75,25176.9375,25177.0,25343.5,stop,31.0,-1.0080645161290323,False,False
2025-11-17 14:24:00,2025-11-17 14:26:00,long,vwap_rev,vwap_rev_long,25116.75,25127.1875,25108.25,25327.25,trail,34.0,1.2279411764705883,True,True
2025-11-18 14:28:00,2025-11-18 14:29:00,short,pm_mom,pm_mom_short,24972.25,24957.25,24979.75,24957.25,target,30.0,2.0,False,False
2025-11-19 10:02:00,2025-11-19 10:03:00,short,or_rev,or_rev_short,25153.5,25165.0625,25165.0,24911.0,stop,46.0,-1.0054347826086956,False,False
2025-11-19 10:47:00,2025-11-19 10:49:00,short,trend,trend_cont_short,25148.25,25119.5625,25171.5,25101.75,trail,93.0,1.2338709677419355,False,True
2025-11-19 11:04:00,2025-11-19 11:07:00,short,trend,trend_cont_short,25022.25,24969.8125,25043.5,24979.75,trail,85.0,2.4676470588235295,True,True
2025-11-20 10:00:00,2025-11-20 10:01:00,short,vwap_scalp,vwap_scalp_short,25530.75,25541.0625,25541.0,25501.75,stop,41.0,-1.0060975609756098,False,False
2025-11-20 11:27:00,2025-11-20 11:28:00,short,trend,trend_cont_short,25182.0,25202.5625,25202.5,25141.0,stop,82.0,-1.0030487804878048,False,False
2025-11-21 12:12:00,2025-11-21 12:14:00,short,vwap_rev,vwap_rev_short,24631.0,24598.0625,24640.75,24401.25,trail,39.0,3.378205128205128,True,True
2025-11-24 10:07:00,2025-11-24 10:09:00,short,or_rev,or_rev_short,25011.75,24965.5625,25026.75,24876.25,trail,60.0,3.0791666666666666,True,True
2025-11-25 11:44:00,2025-11-25 11:46:00,short,or_rev,or_rev_short,25140.0,25096.3125,25146.0,25057.0,trail,24.0,7.28125,True,True
2025-11-26 10:24:00,2025-11-26 10:25:00,long,vwap_scalp,vwap_scalp_long,25419.0,25407.6875,25407.75,25442.5,stop,45.0,-1.0055555555555555,False,False
2025-11-26 13:50:00,2025-11-26 13:52:00,long,pm_mom,pm_mom_long,25578.75,25578.6875,25569.5,25597.25,trail,37.0,-0.006756756756756757,True,True
2025-11-27 09:55:00,2025-11-27 09:57:00,long,ou_rev,ou_rev_long,25548.25,25553.6875,25544.75,25557.5,trail,14.0,1.5535714285714286,True,True
2025-11-27 10:10:00,2025-11-27 10:12:00,long,open_drive,open_drive_long,25556.5,25556.4375,25552.25,25565.0,trail,17.0,-0.014705882352941176,True,True
2025-11-27 11:14:00,2025-11-27 11:15:00,long,vwap_scalp,vwap_scalp_long,25548.0,25551.75,25545.5,25551.75,target,10.0,1.5,False,False
2025-12-01 13:33:00,2025-12-01 13:35:00,long,pm_mom,pm_mom_long,25725.75,25729.4375,25723.0,25731.25,trail,11.0,1.3409090909090908,True,True
2025-12-02 10:40:00,2025-12-02 10:41:00,short,trend,trend_cont_short,25814.25,25827.8125,25827.75,25787.25,stop,54.0,-1.0046296296296295,False,False
2025-12-02 10:56:00,2025-12-02 10:58:00,long,trend,trend_cont_long,25912.0,25902.4375,25902.5,25931.0,stop,38.0,-1.006578947368421,False,False
2025-12-02 11:04:00,2025-12-02 11:05:00,long,trend,trend_cont_long,25918.25,25908.6875,25908.75,25937.25,stop,38.0,-1.006578947368421,False,False
2025-12-02 11:26:00,2025-12-02 11:27:00,long,or_rev,or_rev_long,25722.25,25709.1875,25709.25,25798.5,stop,52.0,-1.0048076923076923,False,False
2025-12-02 11:35:00,2025-12-02 11:36:00,short,trend,trend_cont_short,25706.0,25713.8125,25713.75,25671.0,stop,31.0,-1.0080645161290323,False,False
2025-12-02 13:48:00,2025-12-02 13:50:00,long,pm_mom,pm_mom_long,25816.75,25816.6875,25809.75,25830.75,trail,28.0,-0.008928571428571428,True,True
2025-12-03 10:28:00,2025-12-03 10:29:00,long,trend,trend_cont_long,25803.0,25789.9375,25790.0,25829.0,stop,52.0,-1.0048076923076923,False,False
2025-12-03 10:43:00,2025-12-03 10:45:00,long,trend,trend_cont_long,25840.25,25856.6875,25821.75,25877.25,trail,74.0,0.8885135135135135,True,True
2025-12-03 13:30:00,2025-12-03 13:36:00,long,pm_mom,pm_mom_long,25883.25,25895.6875,25877.0,25895.75,trail,25.0,1.99,True,True
2025-12-04 13:31:00,2025-12-04 13:33:00,long,pm_mom,pm_mom_long,25880.0,25888.9375,25874.5,25891.0,trail,22.0,1.625,True,True
2025-12-05 13:23:00,2025-12-05 13:26:00,long,vwap_scalp,vwap_scalp_long,25968.25,25979.4375,25956.0,25987.0,trail,49.0,0.9132653061224489,True,True
2025-12-05 13:30:00,2025-12-05 13:31:00,long,pm_mom,pm_mom_long,26000.5,26009.0,25996.25,26009.0,target,17.0,2.0,False,False
2025-12-08 10:00:00,2025-12-08 10:02:00,long,vwap_scalp,vwap_scalp_long,26001.0,26012.6875,25990.0,26026.5,trail,44.0,1.0625,True,True
2025-12-08 10:15:00,2025-12-08 10:16:00,long,ou_rev,ou_rev_long,25998.0,25985.9375,25986.0,26043.25,stop,48.0,-1.0052083333333333,False,False
2025-12-08 10:30:00,2025-12-08 10:31:00,long,ou_rev,ou_rev_long,25957.0,25944.4375,25944.5,26024.5,stop,50.0,-1.005,False,False
2025-12-08 11:04:00,2025-12-08 11:06:00,long,vwap_rev,vwap_rev_long,25890.75,25912.4375,25884.5,26002.5,trail,25.0,3.47,True,True
2025-12-09 13:31:00,2025-12-09 13:34:00,long,pm_mom,pm_mom_long,25984.0,25979.4375,25979.5,25993.0,trail,18.0,-1.0138888888888888,False,True
2025-12-10 10:47:00,2025-12-10 10:49:00,long,vwap_scalp,vwap_scalp_long,25839.0,25869.1875,25834.25,25858.75,trail,19.0,6.355263157894737,True,True
2025-12-11 10:42:00,2025-12-11 10:43:00,long,or_rev,or_rev_long,25807.0,25793.6875,25793.75,25861.5,stop,53.0,-1.0047169811320755,False,False
2025-12-11 11:18:00,2025-12-11 11:23:00,short,trend,trend_cont_short,25743.0,25763.5625,25763.5,25702.0,trail,82.0,-1.0030487804878048,False,True
2025-12-11 11:23:00,2025-12-11 11:24:00,short,trend,trend_cont_short,25747.25,25767.0625,25767.0,25707.75,stop,79.0,-1.0031645569620253,False,False
2025-12-11 11:28:00,2025-12-11 11:30:00,short,trend,trend_cont_short,25733.0,25712.8125,25755.5,25688.0,trail,90.0,0.8972222222222223,False,True
2025-12-11 12:06:00,2025-12-11 12:07:00,long,pd_rev,pd_pdl_long,25787.25,25779.6875,25779.75,25802.25,stop,30.0,-1.0083333333333333,False,False
2025-12-11 13:38:00,2025-12-11 13:40:00,long,pm_mom,pm_mom_long,25911.0,25921.1875,25906.25,25920.5,trail,19.0,2.1447368421052633,True,True
